Timestamp (s),Tag ID,Range_A0 (cm),Range_A1 (cm),Range_A2 (cm),Range_A3 (cm),Computed_X (cm),Computed_Y (cm),Computed_Z (cm)
20.693,0,0,167,183,161,35.87,90.33,56.65
20.772,1,0,135,135,175,89.32,83.74,59.96
20.867,0,4,169,179,160,18.13,164.59,137.58
20.936,1,4,134,132,173,43.86,157.10,129.15
21.011,0,12,170,176,158,18.68,159.60,134.83
21.087,1,13,135,129,173,46.03,152.88,125.57
21.596,0,22,169,175,159,20.01,155.59,131.03
21.674,1,25,135,129,171,48.23,147.57,121.97
22.184,0,34,170,172,158,21.08,149.08,125.42
22.246,1,39,136,130,169,50.24,141.53,117.32
22.857,0,46,173,170,156,21.03,142.00,119.24
22.928,1,52,136,132,169,52.52,136.93,112.50
23.501,0,61,173,199,155,11.40,142.35,119.76
23.586,1,66,137,135,168,54.17,131.64,107.20
24.090,1,79,135,135,165,57.53,125.17,103.84
24.770,0,74,174,197,147,10.81,132.00,116.38
24.837,1,95,142,135,163,58.02,116.31,95.42
25.415,0,84,178,197,140,8.11,123.44,114.35
25.489,1,111,145,134,159,60.14,106.59,90.15
26.072,0,94,181,197,135,6.28,115.81,111.52
26.147,1,117,145,134,154,60.37,101.71,91.05
26.673,0,103,184,195,131,5.63,108.50,108.14
26.749,1,123,141,131,152,64.51,97.97,92.06
27.330,0,112,183,193,128,7.27,102.26,105.43
27.409,1,136,142,125,149,69.42,88.52,89.92
27.996,0,122,184,193,125,7.06,95.53,102.43
28.070,1,149,147,118,148,73.79,78.48,85.71
28.600,0,130,182,193,123,8.39,90.84,100.75
28.676,1,158,150,113,147,77.15,71.35,83.91
29.259,0,138,182,193,121,8.77,85.66,98.65
29.336,1,164,152,110,147,79.43,66.94,82.49
29.902,0,143,183,190,120,10.32,81.50,96.34
29.986,1,171,154,107,147,81.98,62.03,81.15
30.503,0,142,185,189,120,9.83,81.32,95.99
30.582,1,175,156,103,146,84.18,57.74,81.41
31.155,0,144,186,188,121,10.26,80.12,93.78
31.237,1,180,157,100,145,86.47,53.62,81.97
31.809,0,141,182,188,122,12.05,83.18,95.42
31.888,1,182,156,99,145,87.93,52.67,82.54
32.473,0,134,184,191,122,8.72,87.30,98.63
32.538,1,180,155,99,143,87.37,53.11,84.67
33.069,0,128,182,195,123,7.13,92.41,102.23
33.144,1,174,149,106,142,84.09,59.70,87.12
33.725,0,119,180,196,123,7.04,97.82,107.79
33.800,1,169,143,108,141,84.07,64.08,91.03
34.328,0,120,180,207,126,1.56,101.22,107.87
34.397,1,161,141,118,143,78.04,72.49,89.93
34.986,0,120,185,208,128,-1.33,101.34,104.90
35.056,1,153,140,127,148,73.10,81.65,87.21
35.642,0,121,187,215,130,-5.92,102.94,104.30
35.722,1,147,136,156,153,60.43,97.46,85.16
36.246,0,118,190,214,132,-6.71,104.62,103.14
36.325,1,140,135,164,153,55.73,103.33,88.18
36.896,0,122,193,209,130,-5.60,99.80,100.26
36.984,1,141,133,161,152,58.13,101.94,89.64
37.572,0,131,201,199,124,-4.07,88.03,95.92
37.645,1,146,135,154,149,60.62,95.52,89.15
38.236,0,139,200,187,119,3.52,78.50,93.71
38.307,1,158,138,140,151,69.21,85.77,83.28
38.823,0,154,206,173,119,11.20,64.35,84.16
38.897,1,176,148,121,159,81.17,71.97,71.34
39.469,0,160,208,160,119,19.53,56.51,80.73
39.549,1,191,152,104,167,95.26,61.66,65.88
40.150,0,168,212,151,121,25.47,48.61,75.97
40.219,1,211,156,90,177,110.16,51.24,59.87
40.732,0,175,214,144,122,30.87,41.98,73.50
40.803,1,218,158,79,184,120.38,46.96,58.69
41.393,0,181,215,138,124,36.10,36.91,71.15
41.467,1,224,159,69,188,128.96,42.43,60.30
42.051,0,186,217,133,125,40.05,32.02,69.82
42.140,1,228,160,60,192,136.54,39.11,62.13
42.653,0,190,218,129,126,43.53,28.36,68.97
42.718,1,233,161,54,197,143.12,37.00,61.99
43.307,0,194,220,126,128,46.21,25.03,67.11
43.378,1,234,161,48,202,149.17,36.71,62.96
43.962,0,198,220,122,129,50.14,21.71,66.86
44.040,1,238,161,42,207,155.93,35.30,64.13
44.625,0,201,220,118,130,53.87,19.05,66.83
44.701,1,242,163,37,210,160.42,32.50,64.89
45.262,0,202,222,115,130,55.61,16.87,67.08
45.352,1,250,162,30,211,166.79,28.30,69.43
45.864,0,204,217,113,129,58.93,16.48,69.55
45.945,1,252,161,19,214,174.11,24.94,75.86
46.537,0,205,212,111,130,62.34,17.52,70.46
46.609,1,253,162,9,216,178.56,20.92,79.49
47.195,0,207,208,109,130,65.50,17.21,72.09
47.274,1,255,163,0,220,141.76,54.77,25.93
47.801,0,208,205,108,131,67.57,17.82,72.35
47.878,1,255,163,7,224,182.84,21.09,77.82
48.452,0,208,201,107,131,69.54,19.05,73.76
48.535,1,258,164,12,227,183.68,22.99,74.52
49.052,0,208,200,104,132,72.11,19.03,74.12
49.115,1,268,164,17,226,184.82,22.61,72.01
49.719,0,211,198,104,132,73.47,17.96,74.83
49.800,1,264,166,13,223,182.74,20.09,74.39
50.386,0,215,201,112,129,67.41,15.17,74.27
50.461,1,254,164,4,210,177.65,16.88,82.00
50.969,0,218,205,118,123,61.77,10.85,77.04
51.044,1,241,168,21,195,160.46,19.92,79.50
51.641,0,214,204,125,120,55.78,14.42,77.84
51.708,1,224,171,40,185,141.08,26.39,73.16
52.294,0,195,200,133,124,47.95,31.74,74.04
52.358,1,209,170,56,179,125.95,35.42,68.73
52.893,0,178,187,143,132,44.50,52.57,72.39
52.967,1,191,162,72,192,119.63,57.09,58.35
53.574,0,167,180,153,142,41.51,68.52,68.72
53.647,1,174,154,89,192,108.16,73.78,57.82
54.236,0,160,176,162,151,39.12,80.63,65.12
54.310,1,161,144,103,193,101.18,88.61,60.53
54.826,0,156,174,170,159,37.17,89.91,61.28
54.900,1,148,135,111,194,97.21,100.15,65.83
55.488,0,151,166,179,164,37.00,100.29,62.33
55.573,1,138,127,118,195,94.47,109.50,71.05
56.089,0,147,160,184,170,39.07,108.93,62.06
56.152,1,129,121,127,196,90.61,118.67,75.61
56.742,0,144,155,187,173,40.97,114.47,63.27
56.821,1,123,116,133,197,88.81,125.00,79.57
57.395,0,142,149,190,176,43.83,119.85,64.57
57.473,1,117,112,137,198,87.45,130.12,83.42
58.058,0,142,144,192,179,47.16,123.81,64.69
58.138,1,113,110,142,198,85.27,134.05,86.16
58.651,0,143,139,204,182,46.25,130.73,64.16
58.725,1,109,107,148,199,83.70,139.01,89.30
59.330,0,141,136,206,185,48.49,135.16,64.74
59.404,1,106,104,152,200,83.23,142.70,92.16
59.978,0,140,133,208,187,50.52,138.54,65.48
60.059,1,103,101,156,199,82.15,145.31,96.06
60.576,0,141,130,208,190,54.43,141.27,64.77
60.651,1,101,99,161,201,81.79,149.36,97.90
61.246,0,141,133,211,191,51.61,142.05,62.68
61.320,1,99,97,166,201,80.84,152.35,100.77
61.904,0,140,140,208,192,48.39,139.85,59.63
61.984,1,99,96,169,200,80.25,153.21,102.29
62.486,0,135,138,203,193,51.40,141.31,62.89
62.565,1,96,101,166,197,76.55,150.58,101.56
63.164,0,134,136,207,193,50.87,143.70,64.29
63.238,1,97,106,161,192,74.09,144.94,99.75
63.799,0,130,136,200,187,49.97,138.71,69.82
63.886,1,101,113,153,187,72.72,136.80,95.51
64.466,0,136,139,191,178,49.10,126.76,70.58
64.536,1,108,124,145,179,69.84,125.25,90.26
65.052,0,142,142,183,169,48.47,115.39,72.18
65.136,1,122,136,141,170,66.88,111.35,83.70
65.705,0,147,146,173,160,48.80,103.83,74.61
65.786,1,131,140,133,162,68.64,99.88,83.61
66.356,0,150,156,178,143,36.12,92.14,82.09
66.436,1,135,138,127,158,72.30,94.60,86.14
67.038,0,153,170,183,131,23.70,82.37,85.85
67.102,1,145,146,128,172,75.14,95.15,70.73
67.624,0,152,194,188,123,7.58,74.38,86.58
67.688,1,146,149,125,188,81.41,100.47,60.60
68.286,0,149,199,192,118,1.82,73.81,91.62
68.352,1,147,149,122,200,88.03,104.64,54.86
68.956,0,147,204,195,113,-3.02,72.52,96.36
69.017,1,148,149,120,198,88.49,102.36,55.79
69.540,0,146,213,198,109,-9.31,70.16,99.27
69.602,1,149,149,118,195,88.57,99.60,57.24
70.192,0,148,213,197,107,-8.67,67.93,99.89
70.271,1,151,148,118,193,88.82,98.10,58.10
70.874,0,152,213,194,107,-6.46,64.71,97.43
70.954,1,157,151,121,201,91.28,100.08,50.66
71.445,0,150,208,190,108,-1.90,66.52,97.39
71.523,1,164,154,123,204,92.52,98.75,45.51
72.097,0,151,208,186,107,0.60,64.49,96.96
72.187,1,170,158,129,213,93.99,102.49,36.81
72.777,0,144,204,187,108,1.14,70.31,100.00
72.857,1,171,159,125,212,95.35,99.35,37.31
73.367,0,144,205,186,114,1.80,72.11,94.42
73.447,1,165,159,131,196,82.70,96.04,45.34
74.030,0,150,211,196,125,-5.12,74.17,83.60
74.098,1,159,161,133,182,73.10,91.55,53.52
74.703,0,157,216,197,133,-5.94,72.36,73.38
74.778,1,155,164,136,169,64.29,87.07,60.90
75.292,0,162,224,199,143,-8.21,72.26,62.38
75.364,1,154,163,142,161,58.54,86.03,66.11
75.951,0,169,229,201,151,-8.94,70.85,52.91
76.012,1,152,161,143,154,56.35,84.52,72.18
76.599,0,175,234,201,157,-8.69,68.50,45.28
76.685,1,151,162,140,147,55.44,80.45,77.22
77.267,0,177,240,203,161,-11.33,68.02,41.04
77.336,1,151,161,143,142,52.98,79.41,81.06
77.917,0,180,244,216,165,-20.78,70.78,38.70
77.996,1,150,158,145,138,52.14,79.56,85.52
78.504,0,183,245,225,168,-26.39,72.75,36.94
78.586,1,149,156,146,135,51.70,79.57,88.96
79.169,0,184,246,228,170,-28.27,73.79,35.51
79.236,1,149,158,148,133,49.26,78.77,89.58
79.820,0,186,244,234,170,-31.46,74.75,36.30
79.909,1,149,156,147,132,50.55,78.56,91.28
80.436,0,175,233,222,166,-20.23,79.85,41.89
80.510,1,144,148,141,139,58.01,84.30,91.26
81.086,0,169,224,213,165,-10.72,83.31,44.27
81.165,1,141,142,139,151,64.11,92.00,86.43
81.736,0,158,211,210,170,-1.96,95.92,46.41
81.827,1,141,121,139,166,78.60,104.38,87.37
82.352,0,153,201,200,174,10.33,101.11,46.33
82.416,1,143,95,141,185,98.03,120.00,91.39
83.005,0,149,192,195,178,19.02,106.76,46.99
83.080,1,148,75,145,200,114.57,131.91,96.68
83.655,0,148,184,192,180,25.71,109.87,47.96
83.729,1,153,58,147,216,131.14,142.13,102.70
84.250,0,146,182,183,183,32.78,110.32,47.36
84.317,1,158,46,149,229,144.14,149.26,108.63
84.905,0,143,176,178,185,38.96,113.03,49.33
84.982,1,160,42,151,240,151.54,155.09,110.45
85.558,0,141,172,180,186,40.04,116.42,50.96
85.642,1,162,37,153,247,157.22,158.71,114.63
86.173,0,141,168,187,186,38.57,119.97,52.25
86.263,1,164,25,153,255,164.25,160.49,125.25
86.874,0,141,164,182,186,43.39,119.41,53.62
86.952,1,164,17,153,257,165.66,160.23,131.95
87.456,0,141,162,177,186,47.04,118.23,54.42
87.534,1,163,10,154,261,166.24,161.13,137.26
88.121,0,141,160,174,185,49.21,117.15,55.79
88.206,1,161,1,153,269,166.53,161.71,141.74
88.789,0,140,157,171,188,53.38,119.11,55.83
88.863,1,161,3,153,274,168.14,163.49,140.02
89.364,0,140,155,167,188,56.39,118.19,56.78
89.441,1,159,6,153,278,168.73,165.58,137.72
90.039,0,138,154,162,188,58.84,117.45,58.29
90.107,1,158,9,154,278,168.52,166.83,136.08
90.686,0,140,158,177,186,49.02,119.82,56.37
90.768,1,148,3,159,267,160.41,166.09,141.54
91.346,0,127,162,191,184,36.44,128.12,62.73
91.428,1,135,24,163,252,145.99,170.03,128.85
91.950,0,104,166,200,186,26.74,141.33,74.20
92.028,1,128,40,163,243,134.19,169.11,118.40
92.620,0,83,167,208,189,20.83,154.07,87.08
92.694,1,127,58,164,237,124.63,167.19,105.66
93.280,0,67,171,216,194,15.33,164.94,96.14
93.347,1,125,73,164,229,113.94,162.60,96.36
93.886,0,53,177,224,197,8.95,173.31,105.49
93.963,1,123,85,171,222,103.07,161.54,90.90
94.549,0,41,176,230,199,7.79,180.40,115.82
94.612,1,121,94,169,216,95.45,156.29,86.90
95.137,0,33,175,235,201,7.40,185.58,122.81
95.215,1,119,102,168,210,88.18,151.59,84.45
95.803,0,25,175,240,202,6.47,190.01,129.98
95.882,1,117,110,167,206,81.87,147.96,81.87
96.461,0,18,176,243,202,5.56,193.11,135.73
96.538,1,115,115,167,202,76.92,145.37,81.54
97.049,0,13,175,245,203,6.08,195.91,139.35
97.117,1,113,119,173,199,71.05,146.03,81.81
97.706,0,9,174,247,204,6.48,198.31,141.99
97.786,1,112,124,172,196,67.17,143.23,80.92
98.357,0,5,172,249,205,7.22,200.68,144.44
98.438,1,112,128,171,195,64.97,141.44,79.25
99.024,0,2,172,251,206,6.97,202.63,145.94
99.090,1,112,131,171,193,62.58,139.69,78.69
99.612,0,0,169,252,206,9.22,171.91,71.88
99.691,1,112,134,169,192,61.33,137.72,77.64
100.285,0,0,173,253,205,5.61,169.33,69.58
100.358,1,111,136,168,191,60.02,136.75,77.67
100.946,0,3,168,248,202,8.67,199.87,145.96
101.026,1,111,138,166,191,59.75,135.56,76.66
101.551,0,16,157,236,195,15.51,189.81,141.15
101.613,1,115,140,159,185,60.39,127.68,76.64
102.204,0,37,153,213,193,23.94,176.53,124.85
102.285,1,121,151,148,188,62.42,120.04,67.46
102.853,0,59,147,191,192,35.61,162.84,107.21
102.935,1,130,146,137,184,70.88,110.97,68.40
103.456,0,77,142,172,196,48.82,152.74,92.40
103.536,1,146,146,123,182,81.46,97.53,65.40
104.106,0,91,137,159,203,61.59,146.97,81.88
104.169,1,161,145,109,185,94.50,87.20,62.79
104.758,0,104,135,150,220,76.06,147.42,68.92
104.836,1,167,143,97,189,104.91,82.10,63.38
105.432,0,113,132,141,228,87.18,144.52,63.33
105.509,1,175,142,89,202,117.48,81.71,58.63
106.015,0,118,131,137,224,89.38,138.97,63.05
106.091,1,188,139,84,202,125.51,75.88,60.12
106.689,0,127,135,136,213,86.74,128.86,61.49
106.758,1,191,139,76,204,131.43,72.08,62.12
107.296,0,137,139,131,205,87.15,117.79,59.51
107.373,1,195,139,64,212,142.43,68.50,63.79
107.954,0,147,141,126,197,88.46,107.13,59.42
108.023,1,192,140,65,208,138.67,67.97,64.59
108.617,0,153,143,127,191,86.44,101.63,59.39
108.691,1,192,142,60,204,138.60,63.40,67.50
109.212,0,159,144,122,183,86.95,92.79,62.23
109.290,1,191,143,59,202,137.55,62.16,68.36
109.864,0,165,145,122,180,86.96,88.52,61.83
109.935,1,190,143,57,198,136.53,60.06,71.10
110.527,0,170,147,119,177,87.77,83.10,61.99
110.599,1,189,141,56,195,136.14,59.46,73.96
111.137,0,175,148,116,175,89.43,78.47,62.25
111.217,1,188,142,56,193,134.69,58.72,74.42
111.814,0,178,0,115,172,120.94,92.99,106.79
111.892,1,188,143,56,192,133.96,58.02,74.40
112.415,0,179,149,116,172,88.82,74.92,62.75
112.492,1,188,144,57,189,131.94,56.98,74.96
113.091,0,179,150,116,172,88.38,74.58,62.29
113.167,1,187,143,57,188,131.58,57.27,75.96
113.740,0,180,150,118,171,87.13,74.39,62.20
113.820,1,186,144,57,187,130.57,56.92,76.00
114.336,0,184,151,111,169,90.80,68.67,64.09
114.408,1,186,145,55,188,131.67,56.16,75.83
115.012,0,187,151,106,168,93.97,65.01,65.69
115.090,1,184,143,56,186,130.42,57.17,77.40
115.661,0,188,151,109,167,92.12,65.17,65.27
115.722,1,187,144,58,186,129.96,56.59,76.08
116.299,0,189,151,111,166,90.84,64.95,65.17
116.376,1,195,143,55,196,138.26,56.79,72.78
116.886,0,190,152,121,166,84.89,67.71,61.66
116.965,1,206,144,51,198,144.12,52.00,73.02
117.543,0,191,151,117,166,87.84,66.20,63.03
117.618,1,200,143,53,191,138.71,52.40,76.04
118.191,0,191,150,110,167,92.66,64.56,64.90
118.270,1,199,144,55,186,135.04,51.25,77.20
118.873,0,190,149,111,168,92.67,66.24,64.56
118.953,1,200,147,58,182,131.14,49.41,76.53
119.446,0,190,147,110,168,94.11,66.59,65.83
119.524,1,201,144,56,183,133.91,49.76,78.37
120.113,0,188,144,107,172,98.15,69.40,65.94
120.191,1,200,144,56,190,136.41,52.86,74.65
120.795,0,191,142,100,179,106.44,69.67,64.37
120.871,1,201,144,52,192,139.59,51.71,75.49
121.381,0,191,146,98,197,113.94,76.32,53.15
121.457,1,203,143,48,192,142.52,49.81,77.82
122.036,0,187,142,100,198,113.93,80.58,54.75
122.109,1,197,136,51,195,142.73,56.41,78.61
122.697,0,182,135,100,198,115.43,84.71,59.39
122.762,1,190,131,54,216,149.70,69.13,71.46
123.348,0,178,133,106,198,112.11,89.47,59.40
123.413,1,184,127,57,212,145.71,72.07,73.92
123.986,0,176,132,107,196,110.49,89.95,61.02
124.060,1,182,124,58,209,144.22,72.91,76.33
124.586,0,172,130,117,191,103.08,93.95,62.84
124.664,1,180,121,60,207,142.75,74.57,78.04
125.237,0,172,129,116,200,108.22,98.38,59.30
125.326,1,189,121,61,204,144.41,71.24,78.89
125.908,0,177,131,108,190,108.05,87.40,64.09
125.979,1,202,127,64,200,143.76,65.40,75.71
126.510,0,188,138,104,182,106.56,75.35,63.83
126.587,1,220,137,65,216,153.73,64.21,61.52
127.162,0,199,147,99,175,105.14,62.21,63.45
127.236,1,238,154,66,207,146.03,47.98,52.59
127.831,0,206,158,99,170,100.15,52.31,60.73
127.905,1,262,164,67,197,140.56,28.35,49.92
128.420,0,212,166,102,164,94.22,44.10,59.92
128.498,1,259,172,69,186,130.31,19.18,54.33
129.070,0,216,171,103,159,90.83,37.71,61.16
129.150,1,257,180,71,177,122.72,11.30,58.59
129.729,0,219,176,104,155,87.75,32.26,62.08
129.802,1,254,186,73,171,117.26,7.23,61.11
130.335,0,222,180,104,151,85.86,26.89,64.04
130.404,1,253,191,74,165,113.45,2.58,64.87
130.986,0,226,186,103,147,84.40,19.79,66.12
131.065,1,253,199,74,161,110.65,-3.00,66.83
131.643,0,231,192,102,144,83.68,12.51,67.84
131.722,1,256,206,77,157,106.95,-9.28,68.32
132.314,0,240,200,100,142,84.62,1.90,69.70
132.387,1,274,237,81,155,103.76,-34.67,69.34
132.901,0,248,208,102,144,83.53,-5.64,66.58
132.977,1,276,241,86,174,104.14,-29.75,47.97
133.563,0,253,215,103,177,91.33,4.54,34.95
133.640,1,277,244,92,190,104.60,-22.77,29.76
134.225,0,257,221,107,187,91.96,5.56,24.41
134.293,1,279,249,95,182,99.23,-30.21,35.93
134.879,0,259,226,108,209,101.22,14.88,7.11
134.954,1,282,251,97,199,104.74,-23.95,20.04
135.462,0,263,232,110,223,107.21,18.24,-3.82
135.537,1,283,254,100,202,103.47,-23.82,15.99
136.130,0,265,236,112,232,110.76,21.04,-10.76
136.205,1,284,255,102,211,106.31,-19.33,7.61
136.784,0,268,240,114,237,112.19,20.72,-15.30
136.863,1,287,256,104,200,100.45,-28.09,16.56
137.368,0,270,243,116,236,109.66,17.77,-16.20
137.447,1,289,258,106,197,97.93,-31.94,18.79
138.042,0,272,246,117,220,98.52,4.74,-6.87
138.117,1,289,260,107,192,94.81,-35.54,23.02
138.688,0,273,248,117,236,108.14,13.18,-17.45
138.771,1,290,261,107,184,92.27,-41.15,31.32
139.290,0,273,250,117,243,112.14,16.55,-21.78
139.364,1,291,262,109,177,88.82,-45.62,38.04
139.955,0,275,251,118,226,100.71,3.93,-11.86
140.036,1,291,264,110,173,86.62,-48.27,41.84
140.604,0,276,252,118,213,93.29,-5.63,-2.51
140.693,1,291,264,111,168,84.66,-50.42,46.84
141.275,0,275,253,119,223,97.54,1.21,-10.41
141.350,1,291,264,111,163,83.66,-52.58,52.44
141.859,0,276,254,120,210,89.63,-7.97,-1.18
141.943,1,289,264,111,160,82.21,-52.17,54.72
142.533,0,274,252,121,222,95.44,2.55,-10.53
142.609,1,288,265,110,194,91.80,-35.44,19.28
143.186,0,273,248,119,212,92.23,-1.49,-2.09
143.255,1,289,262,106,203,99.67,-30.58,13.29
143.785,0,271,243,117,213,95.15,2.72,-1.62
143.860,1,287,258,99,211,109.00,-24.05,9.71
144.445,0,271,239,113,205,94.99,-1.32,6.47
144.509,1,286,252,94,220,118.47,-16.04,5.45
145.094,0,270,237,110,197,93.53,-5.26,14.22
145.173,1,282,246,90,249,140.03,6.45,-9.90
145.707,0,268,232,107,192,94.17,-4.97,19.90
145.773,1,282,242,86,251,145.48,8.59,-7.79
146.363,0,266,229,104,188,94.82,-5.13,24.67
146.439,1,288,238,84,276,170.11,21.33,-14.08
147.025,0,264,226,103,184,94.09,-4.71,28.60
147.103,1,288,235,81,277,174.00,22.45,-11.38
147.610,0,263,223,100,182,95.92,-4.40,31.92
147.691,1,300,233,79,298,199.98,27.51,-10.42
148.277,0,262,221,98,180,96.80,-4.32,34.70
148.343,1,304,231,77,312,216.23,32.19,-6.52
148.917,0,262,220,97,178,97.01,-5.17,37.05
149.004,1,313,230,75,325,233.44,32.36,-0.18
149.515,0,261,219,97,177,96.62,-4.52,37.92
149.605,1,314,229,76,333,240.05,36.09,1.17
150.183,0,260,218,97,174,95.54,-4.95,40.59
150.255,1,307,228,75,335,237.69,40.32,0.44
150.843,0,260,217,97,173,95.44,-4.99,41.62
150.917,1,307,227,75,336,238.80,41.22,1.22
151.501,0,259,219,97,171,94.06,-6.33,43.04
151.586,1,307,228,74,315,223.23,32.01,-1.34
152.087,0,259,217,97,171,94.52,-5.36,43.30
152.172,1,317,227,74,316,230.87,27.90,2.54
152.775,0,259,216,97,172,95.08,-4.34,42.51
152.850,1,324,227,74,318,237.07,24.98,5.63
153.368,0,259,216,95,171,96.19,-5.37,44.39
153.452,1,324,227,73,301,223.00,17.16,3.41
154.045,0,260,216,94,168,96.26,-7.86,47.85
154.109,1,317,226,73,286,205.11,14.18,0.32
154.695,0,261,216,93,167,96.97,-9.31,49.49
154.778,1,310,226,72,272,188.86,9.81,0.67
155.300,0,261,216,93,166,96.69,-9.82,50.45
155.363,1,305,225,74,269,183.04,12.36,-0.74
155.949,0,261,216,95,188,103.12,2.60,29.95
156.011,1,301,225,74,272,183.90,16.23,-1.61
156.600,0,265,218,93,185,103.79,-3.38,33.54
156.679,1,299,224,73,253,167.67,6.55,3.90
157.280,0,268,221,92,180,102.73,-10.04,38.57
157.358,1,295,224,73,255,167.78,10.01,2.98
157.856,0,270,226,92,176,100.93,-16.12,42.25
157.920,1,291,225,73,242,155.81,3.91,7.67
158.509,0,272,230,91,173,100.63,-21.27,45.86
158.585,1,288,225,73,255,164.76,13.21,2.46
159.186,0,274,232,91,170,100.11,-25.18,49.31
159.251,1,283,225,74,242,152.47,8.89,6.65
159.772,0,277,235,91,167,99.91,-30.22,53.26
159.851,1,280,226,74,233,144.91,4.79,10.76
160.432,0,277,237,91,165,99.12,-32.01,55.20
160.506,1,277,226,74,223,137.57,0.83,16.26
161.097,0,279,238,91,163,99.31,-34.81,58.10
161.180,1,277,226,74,227,140.06,3.12,13.91
161.685,0,280,240,91,160,98.80,-37.64,61.62
161.764,1,276,226,74,219,134.89,-0.85,18.68
162.340,0,281,242,91,157,98.35,-40.32,65.15
162.427,1,273,226,73,214,131.85,-2.10,22.32
163.023,0,281,243,91,155,97.85,-41.42,67.19
163.096,1,273,226,73,214,131.85,-2.10,22.32
163.675,0,282,244,91,154,97.94,-42.87,68.66
163.749,1,272,227,73,210,129.20,-4.25,24.86
164.254,0,284,244,90,154,99.62,-44.35,70.23
164.320,1,272,227,73,208,128.17,-5.34,26.28
164.929,0,285,245,90,154,99.88,-45.44,70.64
165.004,1,272,227,73,204,126.18,-7.52,29.20
165.586,0,286,245,91,153,99.42,-46.45,71.86
165.662,1,272,226,73,200,124.50,-9.14,32.35
166.170,0,289,245,91,153,100.85,-48.61,73.69
166.249,1,272,227,73,198,123.41,-10.73,33.85
166.851,0,291,245,91,153,101.83,-50.04,74.97
166.926,1,270,226,73,196,122.15,-9.96,35.22
167.511,0,297,247,91,150,104.04,-55.56,81.81
167.586,1,270,226,73,207,127.30,-4.09,26.89
168.098,0,303,248,90,149,107.51,-59.74,86.94
168.171,1,269,225,74,211,128.64,-0.46,23.54
168.751,0,309,248,91,147,109.65,-63.65,92.76
168.842,1,267,225,74,228,137.94,10.09,13.21
169.426,0,315,249,92,147,111.93,-67.45,96.36
169.502,1,267,224,75,229,138.20,11.55,12.26
170.013,0,322,249,91,148,116.40,-70.66,99.93
170.087,1,271,224,74,228,139.42,8.38,13.43
170.688,0,325,246,89,151,120.96,-70.66,100.88
170.762,1,270,223,72,218,134.61,3.33,20.52
171.336,0,320,242,87,156,122.19,-66.56,95.89
171.419,1,270,220,67,216,137.45,2.45,25.20
171.995,0,309,238,85,160,118.80,-58.13,85.18
172.073,1,269,217,65,217,139.73,4.67,26.20
172.588,0,303,235,81,165,119.43,-51.36,76.78
172.663,1,269,214,64,233,151.13,14.67,18.97
173.242,0,301,233,79,169,120.71,-47.82,71.86
173.321,1,268,212,62,259,171.17,28.65,12.31
173.907,0,297,231,78,171,119.97,-43.29,67.36
173.981,1,268,210,62,275,183.97,36.99,10.59
174.504,0,293,229,78,173,118.66,-38.58,62.59
174.575,1,268,208,60,265,178.21,32.80,14.04
175.153,0,291,229,77,174,118.74,-36.67,60.85
175.228,1,269,207,59,257,173.48,28.88,16.49
175.808,0,289,227,77,176,118.59,-33.35,57.69
175.881,1,270,205,60,247,166.55,25.24,18.80
176.469,0,288,226,78,177,117.79,-31.53,55.52
176.551,1,270,204,58,241,163.58,22.08,22.22
177.059,0,287,225,79,177,116.78,-30.17,54.50
177.132,1,270,203,57,237,161.59,20.30,24.50
177.716,0,287,224,81,178,115.65,-28.88,52.21
177.793,1,270,202,57,247,169.22,25.83,21.78
178.391,0,287,223,80,178,116.55,-28.56,52.90
178.466,1,270,201,56,243,167.14,24.10,23.85
178.986,0,286,222,80,179,116.59,-26.78,51.44
179.054,1,270,201,55,238,164.04,21.26,26.05
179.642,0,286,221,80,180,117.01,-25.74,50.41
179.721,1,271,200,55,240,166.14,22.41,25.67
180.245,0,286,221,80,181,117.29,-25.19,49.33
180.322,1,271,198,57,237,163.54,22.84,25.86
180.914,0,285,219,81,180,116.22,-23.81,49.51
180.991,1,271,198,56,232,160.48,19.92,28.28
181.560,0,286,217,82,181,116.41,-22.79,48.30
181.650,1,271,198,55,243,169.05,25.07,25.45
182.236,0,286,216,81,182,117.59,-21.89,47.90
182.307,1,271,200,55,247,171.33,25.79,23.79
182.816,0,283,214,79,184,119.06,-17.85,46.19
182.885,1,273,199,52,243,170.95,22.49,27.15
183.473,0,283,215,74,209,133.61,-4.65,27.20
183.549,1,279,201,50,242,172.58,17.46,28.15
184.141,0,286,215,69,215,141.13,-4.27,26.36
184.218,1,283,205,52,238,168.55,11.78,26.97
184.736,0,292,232,67,215,141.13,-18.77,27.88
184.811,1,303,226,52,236,168.66,-13.68,27.39
185.387,0,292,232,68,210,137.87,-21.40,31.17
185.458,1,306,242,54,228,161.09,-29.10,31.78
186.061,0,287,231,76,200,126.03,-21.30,33.21
186.136,1,300,237,60,212,146.77,-30.00,37.58
186.649,0,280,230,88,187,109.98,-20.37,36.17
186.712,1,286,230,71,193,126.65,-24.86,42.50
187.301,0,260,223,107,172,86.44,-5.92,37.22
187.381,1,266,219,82,180,109.76,-10.02,43.77
187.968,0,239,214,113,164,76.63,10.31,41.44
188.047,1,241,205,91,175,98.74,12.65,43.24
188.638,0,216,201,132,168,64.09,38.67,36.44
188.715,1,219,196,97,175,92.47,31.41,43.48
189.222,0,196,184,136,171,65.25,60.24,41.54
189.301,1,201,181,100,179,93.23,50.23,46.29
189.890,0,182,170,137,178,70.65,77.02,44.94
189.953,1,187,167,101,220,113.82,82.77,32.95
190.556,0,169,161,135,175,71.70,84.08,54.28
190.620,1,175,159,105,213,107.47,88.85,40.79
191.136,0,163,158,134,168,69.60,83.89,61.78
191.216,1,167,156,106,204,101.32,89.12,47.65
191.811,0,160,158,136,159,64.80,81.56,68.28
191.886,1,164,157,111,191,91.69,86.01,53.04
192.461,0,156,159,136,152,61.40,79.84,73.82
192.542,1,156,157,117,184,83.39,88.61,57.58
193.050,0,146,157,142,152,56.92,87.25,77.20
193.128,1,144,153,127,183,76.17,98.62,61.86
193.728,0,137,158,146,152,52.47,92.63,79.71
193.805,1,134,152,134,183,70.33,106.07,65.02
194.388,0,135,154,149,153,52.65,96.05,81.38
194.462,1,126,149,138,182,67.21,111.38,69.63
194.971,0,131,151,150,158,54.13,101.37,80.82
195.047,1,123,147,136,183,68.55,112.81,71.20
195.634,0,132,146,145,164,60.94,103.30,78.84
195.706,1,123,140,130,215,86.28,127.40,60.14
196.286,0,131,140,147,171,64.86,109.37,77.61
196.359,1,124,133,125,224,95.42,130.41,60.20
196.942,0,128,139,148,174,65.14,112.75,77.47
197.032,1,123,134,124,217,92.16,126.73,62.60
197.536,0,128,145,151,164,57.64,107.42,80.76
197.613,1,120,141,139,204,76.71,127.04,64.98
198.196,0,135,157,163,152,43.71,99.30,80.88
198.269,1,126,151,145,188,65.16,116.71,65.38
198.853,0,144,172,177,140,26.98,89.24,81.11
198.940,1,131,167,156,169,46.77,104.91,67.46
199.450,0,147,0,191,129,25.91,90.45,96.74
199.525,1,137,200,171,160,21.19,93.77,61.15
200.097,0,153,189,212,125,-4.45,81.89,90.48
200.175,1,143,215,207,150,-9.78,92.02,67.96
200.766,0,168,224,233,127,-33.45,69.80,83.91
200.856,1,152,240,229,166,-31.09,94.86,53.95
201.432,0,180,257,275,140,-74.84,70.17,89.31
201.493,1,164,263,257,206,-46.68,114.49,23.66
202.014,0,194,300,306,167,-111.14,72.04,81.91
202.090,1,179,302,285,216,-82.83,108.76,21.00
202.666,0,208,329,336,189,-141.50,76.05,83.36
202.755,1,213,324,330,227,-123.53,98.72,22.97
203.332,0,224,361,359,209,-168.01,74.62,82.07
203.407,1,227,353,351,239,-150.27,94.32,25.65
203.994,0,244,388,383,224,-193.77,67.59,89.32
204.071,1,229,365,367,247,-166.60,101.51,34.08
204.583,0,248,396,396,239,-204.65,78.22,84.53
204.665,1,237,370,385,259,-179.57,110.18,34.78
205.262,0,249,406,411,256,-216.72,94.84,82.44
205.342,1,243,375,402,268,-192.98,118.19,41.60
205.851,0,249,416,423,270,-226.39,109.54,81.87
205.913,1,242,380,416,277,-203.39,132.28,51.41
206.500,0,249,421,438,280,-236.22,124.45,93.93
206.599,1,243,385,425,283,-210.70,139.60,57.69
207.186,0,245,422,435,280,-233.95,126.79,91.18
207.263,1,237,389,423,278,-212.10,138.30,69.59
207.797,0,232,431,422,270,-228.00,121.66,94.68
207.871,1,227,384,412,262,-205.25,129.67,84.17
208.454,0,223,409,401,248,-208.65,108.94,95.89
208.542,1,215,371,396,239,-192.03,118.14,100.59
209.059,0,211,393,372,225,-185.62,94.57,90.55
209.122,1,204,354,371,212,-171.44,101.76,106.23
209.711,0,200,366,339,205,-155.36,84.77,76.90
209.787,1,198,331,338,190,-143.15,85.50,90.63
210.371,0,198,337,301,194,-117.62,73.50,48.96
210.457,1,201,306,296,179,-103.68,68.72,55.84
210.976,0,193,305,269,184,-81.50,69.97,36.47
211.053,1,206,279,260,177,-63.00,60.57,31.53
211.637,0,183,275,247,181,-52.73,77.91,31.95
211.711,1,200,251,226,180,-23.19,66.21,20.36
212.304,0,174,251,230,180,-30.05,85.76,31.68
212.392,1,194,221,203,186,9.77,77.95,17.75
212.901,0,161,234,225,177,-20.81,96.01,39.90
212.980,1,191,199,184,192,36.12,85.94,18.85
213.568,0,146,223,219,173,-14.40,104.12,50.14
213.644,1,187,181,173,193,52.14,92.12,25.26
214.225,0,136,219,214,174,-10.00,110.13,54.08
214.320,1,180,167,161,197,67.08,99.18,31.71
214.813,0,128,206,210,175,-1.40,117.16,58.89
214.893,1,176,154,151,200,79.94,103.72,38.39
215.478,0,122,197,208,174,3.50,121.28,64.26
215.558,1,171,142,146,206,90.60,111.42,43.83
216.153,0,118,187,205,174,10.10,124.71,68.20
216.240,1,167,133,144,206,95.06,114.99,50.18
216.766,0,114,181,203,174,13.95,127.42,71.70
216.843,1,164,125,141,218,105.93,123.79,51.65
217.365,0,111,175,203,174,16.90,130.13,75.06
217.444,1,162,119,139,219,109.59,125.67,55.83
218.036,0,108,171,203,174,18.77,132.36,78.00
218.111,1,161,114,136,229,118.12,131.01,56.73
218.699,0,105,168,200,174,21.53,133.48,80.37
218.777,1,160,107,131,225,120.72,128.27,63.32
219.286,0,100,164,198,175,24.37,136.49,83.86
219.365,1,160,106,130,247,132.97,138.68,59.13
219.952,0,96,160,197,175,26.52,138.70,87.62
220.029,1,159,102,124,251,138.04,138.05,62.08
220.619,0,92,156,193,174,29.60,139.42,91.73
220.698,1,159,98,122,264,146.81,143.25,63.37
221.205,0,88,151,191,174,32.61,141.39,95.94
221.286,1,159,95,120,294,162.84,154.46,63.93
221.861,0,87,154,189,174,31.63,140.71,95.12
221.936,1,155,89,119,295,163.01,155.94,68.59
222.540,0,90,150,188,180,36.47,143.12,91.07
222.602,1,152,85,119,287,158.92,154.16,71.94
223.198,0,88,144,187,186,41.72,147.97,91.36
223.275,1,148,84,116,280,154.41,150.77,73.40
223.788,0,88,133,184,194,51.49,153.34,92.02
223.853,1,154,97,113,257,143.42,136.31,66.57
224.455,0,98,127,171,193,61.02,145.53,88.31
224.535,1,152,128,119,232,115.23,122.57,52.39
225.052,0,114,126,155,194,71.95,134.16,79.33
225.130,1,147,142,129,213,93.65,116.33,51.60
225.719,0,125,127,140,193,80.23,123.08,74.70
225.795,1,140,148,134,206,83.08,116.19,53.48
226.391,0,134,126,129,191,87.34,114.19,73.60
226.468,1,139,157,138,206,76.67,116.00,49.48
226.980,0,143,125,119,187,93.53,104.79,74.49
227.055,1,144,175,141,194,63.20,103.75,45.93
227.641,0,149,124,112,187,99.05,99.76,74.56
227.717,1,147,179,143,185,57.52,97.26,48.06
228.250,0,154,124,105,186,103.52,94.40,75.29
228.319,1,149,182,143,176,53.33,90.78,51.53
228.904,0,158,124,101,185,106.32,90.75,75.92
228.979,1,147,182,143,169,50.48,88.31,56.49
229.558,0,164,123,97,188,111.76,88.47,74.90
229.638,1,145,183,145,165,47.16,87.82,59.27
230.238,0,165,120,95,190,115.06,88.93,75.96
230.312,1,145,184,143,159,46.07,83.97,62.90
230.824,0,179,120,91,192,122.55,83.38,74.42
230.888,1,142,185,142,160,45.85,85.39,62.99
231.486,0,175,116,91,195,124.14,87.13,75.83
231.553,1,155,183,140,156,49.52,76.53,62.18
232.086,0,176,116,91,190,122.38,84.56,78.21
232.154,1,155,184,141,153,47.65,75.17,63.82
232.751,0,173,123,93,185,115.43,82.24,76.36
232.826,1,156,191,141,160,46.91,75.84,56.62
233.432,0,169,126,99,177,106.92,81.72,77.98
233.501,1,153,193,140,158,45.43,75.59,58.33
234.036,0,172,134,109,168,95.97,78.02,76.03
234.111,1,152,197,145,156,39.92,75.74,58.56
234.696,0,173,142,112,162,89.07,73.42,74.91
234.773,1,156,234,153,142,17.04,58.91,58.48
235.289,0,176,146,114,157,85.34,69.18,75.36
235.353,1,159,237,157,125,10.67,50.35,70.09
235.966,0,172,157,115,153,77.98,66.00,73.58
236.038,1,170,235,163,113,7.84,40.89,77.73
236.626,0,172,157,122,147,72.27,65.63,76.50
236.702,1,180,236,164,105,7.90,31.28,82.31
237.216,0,169,162,129,140,63.66,64.68,79.01
237.291,1,186,230,156,102,16.65,25.87,84.73
237.892,0,162,162,141,136,54.39,70.23,82.27
237.967,1,189,214,149,107,28.44,28.82,83.61
238.554,0,151,172,154,132,39.53,75.32,84.01
238.627,1,188,202,135,116,43.23,32.88,80.54
239.139,0,145,179,166,125,27.16,77.14,89.54
239.213,1,185,188,124,126,56.65,40.13,78.60
239.818,0,134,182,178,125,17.46,85.65,94.31
239.889,1,182,172,118,135,67.75,49.07,78.69
240.456,0,115,182,184,138,14.26,103.02,94.02
240.543,1,183,167,112,137,74.09,49.22,80.39
241.058,0,116,158,180,160,33.78,117.18,84.81
241.122,1,177,171,120,131,65.06,51.02,82.50
241.720,0,124,146,168,170,50.27,117.81,78.44
241.790,1,159,170,134,133,53.75,66.01,82.70
242.372,0,131,137,156,175,63.64,115.46,76.39
242.456,1,143,170,147,134,43.42,78.81,85.81
242.978,0,136,135,142,175,72.20,108.64,75.98
243.054,1,135,176,158,133,32.97,84.36,87.50
243.644,0,139,134,132,173,77.39,102.79,77.33
243.720,1,136,200,168,129,15.83,79.14,83.76
244.310,0,124,137,149,185,68.47,120.86,73.96
244.386,1,148,205,172,119,11.42,67.93,86.36
244.899,0,110,145,160,188,57.25,130.61,75.34
244.973,1,154,207,174,109,9.01,60.48,92.28
245.576,0,101,149,169,192,50.73,138.96,76.82
245.640,1,159,212,180,109,3.74,57.69,90.43
246.228,0,84,152,180,191,40.83,148.59,87.21
246.294,1,161,213,183,105,1.33,55.50,93.49
246.814,0,70,154,191,192,33.62,157.84,96.76
246.895,1,166,212,186,100,0.14,51.62,96.99
247.506,0,56,160,202,192,24.81,165.57,106.61
247.581,1,169,209,191,95,-1.63,50.13,102.12
248.094,0,44,170,209,196,17.19,172.99,112.10
248.157,1,171,216,193,93,-5.72,46.75,102.34
248.745,0,34,178,215,198,11.18,178.59,118.23
248.828,1,171,217,194,90,-6.82,45.76,105.10
249.429,0,27,185,219,200,6.83,182.75,122.25
249.504,1,172,218,195,88,-7.77,44.45,106.68
250.013,0,20,191,224,202,3.10,187.32,126.98
250.090,1,169,219,194,87,-7.87,45.55,108.07
250.663,0,14,198,228,202,-0.78,190.36,131.34
250.747,1,170,217,195,83,-7.47,44.50,112.03
251.352,0,11,200,229,203,-1.43,192.25,133.14
251.429,1,172,220,199,76,-10.73,41.38,118.44
251.936,0,9,197,231,205,-0.04,194.56,134.84
252.014,1,172,224,208,70,-17.48,40.97,126.68
252.604,0,7,199,232,207,-0.61,196.49,135.69
252.681,1,170,225,218,65,-23.24,43.29,137.01
253.205,0,5,201,235,208,-1.75,198.44,137.30
253.286,1,168,226,224,62,-26.41,45.06,144.34
253.871,0,2,201,239,207,-2.29,200.20,140.34
253.948,1,170,230,230,58,-30.23,43.22,151.12
254.537,0,1,203,241,207,-3.34,201.08,141.20
254.615,1,172,234,233,51,-31.27,39.76,158.86
255.136,0,0,210,241,207,-3.61,125.54,20.45
255.207,1,171,237,234,47,-31.47,38.57,162.96
255.799,0,1,214,242,206,-8.08,200.74,140.61
255.865,1,172,239,236,47,-33.12,37.88,163.87
256.440,0,2,215,243,205,-9.08,200.05,140.35
256.525,1,174,240,239,47,-34.80,37.10,165.64
257.054,0,2,217,242,203,-9.92,198.88,140.30
257.133,1,177,242,236,47,-34.56,34.05,162.00
257.721,0,2,218,244,202,-10.87,198.87,140.88
257.796,1,181,244,240,44,-35.95,31.15,166.75
258.394,0,0,206,241,202,-4.81,126.99,27.98
258.464,1,180,242,235,42,-32.44,30.66,164.95
258.988,0,11,198,236,202,-2.46,193.47,135.45
259.066,1,177,238,231,42,-29.16,32.71,163.29
259.664,0,31,185,217,200,7.38,180.73,118.62
259.736,1,177,232,217,54,-23.24,33.89,143.41
260.257,0,57,177,198,196,18.30,164.14,97.87
260.333,1,178,224,199,67,-11.01,33.96,124.24
260.932,0,82,174,179,190,29.14,144.89,81.06
260.996,1,184,219,184,77,0.93,30.20,111.04
261.599,0,106,176,163,191,40.63,128.52,64.13
261.662,1,200,218,164,89,17.90,18.05,97.12
262.186,0,127,178,149,194,52.96,114.27,51.38
262.265,1,221,213,152,102,33.59,6.22,87.36
262.869,0,137,178,137,193,61.63,104.06,48.32
262.936,1,218,205,143,115,43.01,13.87,78.16
263.459,0,143,171,128,193,71.25,99.40,49.56
263.538,1,215,198,131,132,55.62,22.53,66.98
264.125,0,148,162,121,197,81.93,98.65,50.46
264.199,1,214,188,116,146,72.18,29.35,61.85
264.797,0,153,154,112,203,94.04,97.67,51.19
264.876,1,210,177,105,157,85.55,38.08,60.37
265.388,0,157,145,101,206,105.89,94.90,55.40
265.468,1,208,169,96,165,96.36,43.38,60.75
266.054,0,167,145,96,202,110.08,86.97,56.40
266.128,1,212,170,93,165,98.70,40.00,61.20
266.648,0,182,155,98,192,105.21,74.15,53.07
266.730,1,213,177,101,161,90.00,37.17,58.49
267.316,0,190,167,110,177,89.21,63.73,51.33
267.393,1,208,181,109,158,81.44,39.29,57.08
267.964,0,193,178,127,161,69.07,55.95,53.03
268.044,1,200,187,118,151,69.67,40.89,58.74
268.579,0,194,186,137,150,56.21,50.11,56.41
268.644,1,199,189,123,172,72.50,52.68,41.77
269.233,0,188,185,139,150,54.18,54.55,57.53
269.302,1,195,188,120,172,73.92,54.22,43.57
269.886,0,183,183,136,150,55.94,57.14,59.68
269.970,1,191,182,116,171,77.50,56.74,47.92
270.494,0,177,177,131,154,61.49,62.77,60.90
270.567,1,189,174,111,172,83.63,59.46,51.77
271.152,0,171,172,128,194,79.15,86.64,39.92
271.216,1,185,164,105,176,91.75,64.76,55.57
271.803,0,169,162,123,219,97.85,101.88,34.12
271.888,1,183,156,99,184,101.11,69.98,56.47
272.402,0,167,157,120,245,114.68,116.09,29.09
272.486,1,179,149,96,211,116.67,85.46,48.24
273.068,0,159,152,124,253,116.05,126.73,31.13
273.148,1,169,140,95,215,119.22,93.17,53.38
273.736,0,150,155,168,237,83.57,143.93,32.16
273.812,1,162,125,96,217,123.09,101.07,61.69
274.338,0,135,152,187,229,68.09,154.57,42.51
274.415,1,158,112,98,219,126.74,107.41,68.66
274.989,0,130,141,180,250,86.77,168.92,45.84
275.063,1,155,112,96,215,124.51,105.57,70.99
275.639,0,131,137,175,240,85.80,161.03,49.45
275.714,1,151,122,102,207,113.02,104.03,67.85
276.298,0,132,141,168,230,81.15,150.25,49.41
276.376,1,148,130,114,208,103.77,109.41,61.64
276.952,0,132,141,165,224,79.26,145.30,51.32
277.025,1,140,144,129,202,85.52,112.94,57.62
277.536,0,131,140,160,220,79.41,141.26,53.76
277.600,1,140,150,136,195,76.61,110.90,57.43
278.208,0,131,140,157,215,78.23,137.06,55.67
278.283,1,137,158,139,190,68.58,108.76,57.37
278.866,0,135,138,150,210,81.13,130.12,57.21
278.938,1,138,159,140,188,67.12,107.44,57.54
279.445,0,138,135,144,213,87.46,128.62,56.74
279.519,1,142,163,139,185,65.72,102.62,56.13
280.120,0,145,134,135,212,93.68,121.56,55.94
280.212,1,164,164,133,179,71.81,86.75,52.52
280.730,0,155,140,124,208,97.36,108.98,52.88
280.806,1,166,165,128,180,75.04,84.07,51.80
281.390,0,173,146,118,203,101.10,95.04,48.35
281.465,1,166,165,126,175,74.23,80.78,55.11
282.050,0,180,151,117,199,99.52,88.08,46.30
282.126,1,163,163,125,172,73.82,80.97,58.71
282.706,0,179,156,120,191,91.57,83.81,47.59
282.779,1,162,163,131,169,69.15,82.20,59.87
283.298,0,172,162,131,183,77.46,85.03,48.99
283.373,1,154,165,149,165,55.05,89.87,62.12
283.962,0,165,171,142,172,61.10,83.72,52.54
284.044,1,143,171,182,159,29.76,101.07,67.85
284.634,0,162,177,150,161,49.22,80.47,57.78
284.699,1,141,180,183,152,22.22,96.36,71.23
285.208,0,161,178,152,158,46.42,79.83,59.68
285.289,1,145,183,178,143,21.87,87.56,75.04
285.888,0,149,175,154,160,44.92,88.64,63.36
285.961,1,141,177,173,143,27.09,89.84,78.17
286.536,0,141,179,158,158,38.64,91.99,66.35
286.616,1,142,176,169,140,29.31,87.01,80.12
287.196,0,136,183,157,159,36.68,93.70,66.39
287.268,1,141,174,165,140,32.37,86.88,80.99
287.781,0,130,182,155,161,37.64,97.36,67.82
288.423,0,128,174,150,164,44.46,100.08,69.32
288.499,1,139,179,153,142,36.96,83.93,78.17
289.075,0,133,164,139,169,57.44,98.62,68.15
289.148,1,145,171,136,146,52.23,79.23,76.47
289.736,0,141,157,133,176,68.00,97.85,64.42
289.808,1,153,162,126,158,66.72,79.73,70.51
290.388,0,151,165,129,172,67.77,87.52,60.76
290.463,1,158,154,113,165,80.65,78.13,70.18
290.965,0,168,178,123,169,68.80,71.50,54.00
291.039,1,161,149,106,166,87.62,76.05,72.56
291.643,0,188,192,125,168,66.16,56.26,45.23
291.708,1,162,139,100,170,96.48,77.97,76.07
292.298,0,203,202,122,168,67.66,42.82,40.57
292.378,1,162,129,94,175,105.30,80.54,79.72
292.892,0,214,209,125,163,63.83,31.73,40.45
292.965,1,165,121,91,180,112.71,82.52,81.70
293.555,0,226,215,129,157,59.77,19.60,42.11
293.631,1,166,115,88,184,118.32,84.19,83.69
294.205,0,238,221,130,153,58.83,6.99,44.26
294.276,1,169,113,83,186,123.16,82.38,84.98
294.846,0,245,226,131,147,56.95,-2.96,49.30
294.926,1,176,112,76,189,130.28,78.56,85.86
295.514,0,249,230,138,143,50.77,-7.87,51.15
295.589,1,185,118,67,195,137.64,72.53,82.33
296.090,0,253,233,142,142,47.80,-11.77,51.37
296.157,1,191,119,62,200,143.70,70.15,81.41
296.747,0,255,235,141,139,48.12,-15.85,54.90
296.808,1,197,120,57,204,149.34,67.36,81.24
297.412,0,260,236,144,135,46.51,-21.47,59.34
297.486,1,201,119,53,204,152.68,64.71,83.58
298.066,0,263,238,147,131,44.18,-25.91,63.57
298.135,1,204,117,0,205,126.79,97.09,56.46
298.654,0,265,238,144,131,47.31,-28.24,65.17
298.717,1,207,116,50,207,158.24,63.66,85.73
299.323,0,267,239,143,130,48.54,-30.97,67.32
299.389,1,209,115,49,209,160.52,63.66,86.11
299.974,0,266,241,143,127,47.46,-32.17,70.21
300.045,1,210,115,47,209,161.47,62.48,86.84
300.617,0,270,242,142,126,49.61,-36.56,73.44
300.700,1,211,114,46,208,161.95,61.72,88.16
301.274,0,263,240,146,120,43.84,-31.43,76.13
301.348,1,208,112,47,213,163.29,65.26,86.94
301.851,0,249,234,158,115,30.75,-16.92,74.49
301.917,1,207,111,46,217,165.16,66.68,86.37
302.488,0,239,226,161,114,27.84,-5.57,73.89
302.589,1,204,110,45,214,163.14,66.33,87.83
303.165,0,222,218,167,115,21.90,12.20,72.23
303.236,1,201,106,45,214,162.88,68.30,89.60
303.818,0,204,211,173,117,16.81,29.84,72.65
303.897,1,201,102,45,215,164.12,69.76,91.30
304.489,0,185,204,178,123,13.92,48.64,72.55
304.560,1,198,99,44,214,163.32,70.69,92.91
305.057,0,169,197,181,127,13.37,63.32,75.49
305.140,1,197,97,45,216,163.94,72.57,93.03
305.710,0,154,193,185,130,11.30,75.74,79.76
305.773,1,197,95,45,216,164.29,73.14,93.98
306.364,0,139,188,192,138,9.34,91.02,81.92
306.450,1,194,96,44,216,163.15,73.23,93.37
307.023,0,129,184,193,150,12.45,103.47,78.53
307.095,1,193,107,52,206,154.36,70.69,89.36
307.673,0,132,174,180,158,27.34,104.74,72.65
307.747,1,190,121,66,195,138.76,69.68,80.92
308.264,0,140,171,170,158,35.62,98.44,69.52
308.338,1,191,133,77,185,124.91,66.16,74.53
308.908,0,141,167,158,160,44.91,96.19,69.10
308.977,1,187,137,79,177,117.97,63.58,76.42
309.553,0,142,162,148,162,53.48,94.67,69.58
309.618,1,183,140,81,174,113.50,63.60,76.20
310.205,0,143,159,140,166,60.60,94.14,68.33
310.291,1,178,147,81,175,109.80,63.72,72.54
310.875,0,147,156,133,167,66.93,91.03,68.22
310.957,1,181,146,82,168,108.04,60.27,76.68
311.472,0,153,156,126,163,70.84,83.77,69.77
311.545,1,184,153,84,161,102.80,54.46,76.98
312.127,0,157,157,120,159,73.43,77.58,71.76
312.206,1,186,156,81,157,102.76,49.87,79.21
312.781,0,161,160,118,162,75.17,75.46,67.94
312.847,1,187,159,82,155,100.76,47.92,78.86
313.367,0,164,160,116,159,76.09,71.94,69.59
313.436,1,190,162,82,151,99.33,43.88,80.28
314.015,0,168,167,114,157,74.73,66.21,67.63
314.105,1,191,162,81,150,99.91,42.70,81.33
314.673,0,170,168,120,156,70.94,66.56,66.33
314.748,1,193,166,84,147,96.38,40.06,80.77
315.319,0,174,165,130,155,66.86,68.48,65.46
315.392,1,193,168,87,142,92.62,38.27,82.72
315.981,0,175,161,128,155,69.97,68.63,67.20
316.054,1,192,170,86,140,91.85,37.01,83.75
316.625,0,179,159,125,152,72.52,64.87,69.94
316.702,1,193,172,86,138,90.97,35.05,84.48
317.273,0,179,160,123,151,72.98,63.40,70.68
317.347,1,199,176,87,133,89.42,28.94,86.72
317.860,0,186,163,121,150,74.05,57.72,69.34
317.943,1,226,179,86,134,96.05,12.93,88.21
318.509,0,194,165,113,149,79.48,49.87,70.22
318.589,1,228,183,83,134,97.32,9.63,88.25
319.177,0,203,170,109,149,81.86,42.02,68.50
319.257,1,246,190,83,131,100.34,-5.19,94.00
319.764,0,209,172,106,150,84.51,37.57,67.49
319.844,1,258,198,82,131,103.06,-16.02,96.68
320.420,0,214,176,106,151,84.33,33.69,64.91
320.497,1,261,206,80,132,103.33,-20.67,94.68
321.067,0,216,176,102,154,88.17,32.84,63.83
321.142,1,259,213,77,133,102.82,-21.76,91.36
321.734,0,210,172,99,171,96.00,45.14,53.95
321.810,1,252,203,74,141,106.04,-11.70,85.28
322.382,0,206,165,95,176,102.18,51.06,55.28
322.459,1,244,191,70,146,110.18,-0.75,83.59
323.036,0,207,161,89,179,108.73,51.56,57.29
323.114,1,242,191,66,150,113.07,1.32,81.21
323.635,0,210,157,84,180,114.31,50.56,60.22
323.713,1,237,182,65,153,115.45,8.84,81.05
324.288,0,211,162,87,174,108.41,46.19,60.58
324.358,1,226,185,79,147,101.12,14.18,76.96
324.937,0,211,169,92,168,100.53,42.04,59.88
325.010,1,215,185,93,139,87.40,20.57,77.06
325.536,0,212,178,111,155,81.11,37.45,59.36
325.597,1,209,190,130,127,57.05,26.98,74.07
326.192,0,214,188,117,144,71.01,28.70,63.23
326.267,1,206,203,134,115,47.36,20.41,80.38
326.836,0,217,196,124,132,61.62,20.15,69.36
326.914,1,206,212,141,107,38.50,16.12,84.11
327.504,0,220,203,139,124,48.06,15.90,71.10
327.577,1,205,219,146,98,31.68,12.64,90.01
328.148,0,227,210,144,118,43.01,7.08,74.47
328.224,1,204,224,150,92,26.61,10.79,94.00
328.794,0,224,211,146,114,40.11,7.76,77.49
328.869,1,202,226,151,88,24.63,10.60,97.12
329.369,0,224,207,146,113,41.40,8.86,79.28
329.453,1,204,226,152,90,24.44,10.03,95.26
330.032,0,217,202,141,124,46.33,18.84,70.89
330.108,1,206,216,145,95,33.60,11.79,93.59
330.686,0,211,195,135,130,52.72,26.46,68.73
330.753,1,203,205,135,101,44.12,17.02,92.38
331.344,0,203,194,130,139,56.69,34.50,63.03
331.431,1,198,193,125,114,55.26,26.32,86.21
331.931,0,192,185,130,147,59.90,48.04,60.73
332.000,1,190,180,119,130,64.70,40.15,78.65
332.586,0,181,175,129,171,70.16,69.12,49.44
332.658,1,184,163,113,149,78.20,55.66,72.41
333.247,0,176,159,125,187,84.89,84.00,48.09
333.318,1,189,153,108,161,89.99,60.71,68.65
333.886,0,177,149,116,194,97.68,86.95,50.71
333.959,1,199,142,101,167,103.06,60.78,70.73
334.536,0,179,142,111,194,104.00,86.39,54.98
334.612,1,196,139,97,169,106.68,62.63,72.83
335.196,0,191,144,105,188,106.85,75.51,56.43
335.257,1,193,145,104,164,97.61,61.83,71.07
335.770,0,192,152,105,180,100.05,68.08,57.02
335.848,1,189,154,109,155,87.08,57.81,72.27
336.432,0,199,167,115,170,85.45,57.64,52.71
336.495,1,188,166,132,144,64.81,56.24,69.96
337.088,0,206,177,116,160,78.68,45.22,54.89
337.163,1,191,178,133,135,57.64,46.49,72.12
337.742,0,214,190,120,152,70.41,32.59,55.11
337.812,1,197,192,139,123,47.14,34.52,75.94
338.388,0,232,201,124,142,65.23,12.77,59.36
338.462,1,207,203,143,114,41.17,21.67,79.58
338.969,0,231,208,128,140,59.54,10.63,58.48
339.053,1,212,214,144,113,37.58,14.23,77.76
339.619,0,229,210,130,141,57.22,12.17,56.55
339.707,1,215,216,142,107,38.57,8.77,83.34
340.283,0,224,207,126,141,59.90,15.73,58.19
340.346,1,213,209,145,106,38.30,13.02,85.18
340.949,0,220,199,116,148,70.25,22.12,56.99
341.018,1,215,201,132,113,51.39,13.92,83.44
341.519,0,221,191,103,156,84.09,24.96,56.94
341.602,1,218,198,127,122,57.59,15.30,77.22
342.169,0,224,198,97,159,87.52,19.89,54.92
342.250,1,236,200,120,126,66.92,2.22,77.05
342.836,0,233,201,98,162,88.86,14.85,51.43
342.915,1,228,201,133,123,54.78,9.23,74.46
343.490,0,253,206,99,156,89.95,-3.22,57.30
343.566,1,224,206,134,117,50.80,7.91,78.50
344.139,0,250,205,96,156,91.58,-1.40,58.40
344.236,1,217,216,145,110,37.10,9.16,80.09
344.741,0,246,203,92,155,93.69,0.76,61.04
344.808,1,213,221,150,104,30.36,9.32,83.78
345.393,0,244,203,93,156,92.72,2.78,59.33
345.456,1,208,229,156,99,21.75,9.94,86.27
346.036,0,243,201,92,155,93.46,3.61,61.05
346.121,1,205,232,172,95,8.24,13.81,89.12
346.697,0,241,200,91,156,94.18,5.57,60.57
346.772,1,201,245,174,92,1.23,12.08,90.64
347.345,0,241,198,92,157,94.26,7.19,59.65
347.408,1,198,251,188,90,-11.66,15.41,93.92
348.009,0,242,196,94,157,93.64,7.95,59.28
348.073,1,196,254,197,0,-14.63,38.31,49.85
348.586,0,242,195,95,156,92.96,8.17,59.97
348.659,1,193,255,207,89,-27.47,22.59,100.18
349.230,0,241,195,95,158,93.25,9.79,58.04
349.310,1,192,261,212,87,-33.19,22.29,103.89
349.897,0,241,197,93,158,94.10,8.37,58.50
349.976,1,191,262,215,85,-35.65,22.95,107.19
350.488,0,239,195,91,161,96.40,11.49,57.07
350.563,1,189,259,218,83,-36.75,25.51,110.91
351.137,0,239,198,92,159,94.33,9.41,57.66
351.216,1,189,257,218,88,-36.33,27.59,106.16
351.804,0,255,206,98,155,90.97,-5.34,59.17
351.883,1,192,252,220,88,-35.50,27.36,106.38
352.459,0,276,216,102,165,94.21,-19.49,50.78
352.534,1,198,252,210,87,-27.65,19.96,102.19
353.090,0,294,224,108,156,94.00,-42.40,67.70
353.168,1,208,279,204,89,-30.74,3.02,97.12
353.692,0,287,227,110,152,88.09,-39.09,66.52
353.770,1,222,281,196,90,-21.98,-10.63,94.07
354.343,0,283,225,108,152,88.28,-35.10,65.34
354.421,1,223,290,187,93,-17.60,-15.77,89.87
354.994,0,276,219,103,153,90.69,-27.05,63.81
355.066,1,217,304,182,92,-19.67,-16.89,89.94
355.657,0,269,213,96,156,95.25,-18.68,61.97
355.721,1,208,289,180,94,-16.08,-5.03,87.15
356.297,0,265,207,90,158,100.07,-13.13,62.62
356.371,1,202,278,174,94,-9.59,1.48,86.60
356.886,0,261,204,85,159,103.40,-9.40,63.67
356.960,1,199,268,170,96,-4.04,6.43,84.98
357.549,0,258,201,82,161,105.82,-5.59,63.08
357.617,1,195,260,167,97,-0.06,11.41,84.67
358.199,0,255,200,78,164,108.82,-2.52,61.87
358.282,1,190,252,165,98,3.05,17.31,84.86
358.850,0,253,201,78,162,107.59,-2.65,63.20
358.930,1,187,242,162,101,8.24,22.71,83.69
359.441,0,247,205,88,158,97.02,-0.29,59.89
359.518,1,185,237,165,100,7.47,26.12,85.68
360.090,0,243,222,100,151,81.46,-5.51,57.12
360.169,1,182,236,170,98,3.66,29.18,88.38
360.736,0,242,233,114,141,65.90,-10.49,59.22
360.805,1,186,239,171,96,2.53,25.12,89.15
361.394,0,247,237,121,132,59.67,-17.88,66.17
361.477,1,196,246,170,97,2.82,15.91,86.18
362.043,0,246,241,127,126,52.94,-19.72,69.53
362.123,1,209,254,168,98,4.62,3.56,83.88
362.695,0,243,237,129,123,51.18,-16.60,71.68
362.773,1,214,254,163,97,9.64,-1.75,84.92
363.286,0,241,233,127,123,53.19,-13.99,72.34
363.361,1,219,248,154,101,19.89,-4.42,82.64
363.948,0,242,228,122,128,59.23,-11.95,69.90
364.015,1,225,243,143,117,32.66,-4.39,70.31
364.594,0,265,229,116,134,72.15,-28.67,73.31
364.665,1,232,245,135,118,40.35,-11.85,71.69
365.263,0,288,230,111,140,87.05,-46.30,82.87
365.338,1,264,280,126,126,50.72,-47.96,72.74
365.910,0,297,233,114,143,89.39,-54.00,85.22
365.984,1,270,289,126,131,51.67,-54.31,69.66
366.486,0,324,241,117,147,109.09,-77.72,116.48
366.561,1,273,305,126,132,49.30,-61.69,69.17
367.148,0,313,237,110,146,104.39,-67.71,102.80
367.221,1,275,296,120,166,63.46,-50.13,37.67
367.789,0,300,233,120,141,86.84,-57.41,88.98
367.861,1,271,285,112,179,74.53,-38.37,27.17
368.440,0,283,225,124,136,74.78,-40.24,78.30
368.512,1,267,272,104,173,80.57,-33.98,35.45
369.096,0,261,216,132,133,61.31,-17.48,67.97
369.155,1,263,252,101,170,84.82,-24.16,39.70
369.742,0,238,205,139,134,53.03,6.91,61.96
369.818,1,247,232,99,173,86.95,-2.70,37.22
370.387,0,219,190,137,170,66.34,44.31,35.88
370.463,1,232,215,95,172,90.06,13.20,41.67
370.965,0,206,178,131,176,75.04,58.30,38.99
371.048,1,223,206,101,164,83.69,20.59,47.46
371.603,0,197,176,132,173,72.14,62.58,43.37
371.691,1,221,205,105,153,77.53,18.24,55.07
372.263,0,188,173,135,172,69.32,68.92,46.53
372.338,1,217,201,112,148,71.71,22.05,57.84
372.916,0,182,170,135,169,68.20,71.50,51.09
372.997,1,212,200,113,144,69.27,24.03,61.21
373.569,0,175,165,135,169,68.93,76.73,54.80
373.641,1,211,197,112,142,70.26,24.65,64.01
374.215,0,171,162,132,169,71.10,78.60,57.59
374.286,1,206,192,111,141,71.30,28.87,66.73
374.870,0,172,156,126,172,78.51,79.45,59.03
374.944,1,215,190,107,141,76.65,23.15,68.49
375.508,0,179,152,119,173,86.22,75.53,60.01
375.588,1,207,180,102,153,84.64,35.69,63.76
376.145,0,180,149,109,175,94.08,73.29,62.55
376.223,1,202,169,98,156,90.96,42.75,67.27
376.736,0,180,146,104,180,100.07,74.76,62.43
376.812,1,196,161,93,160,96.96,48.90,69.93
377.387,0,179,144,100,181,103.20,74.68,64.21
377.452,1,188,154,93,160,97.82,55.08,73.84
378.031,0,180,144,100,181,103.47,74.28,64.04
378.102,1,189,148,106,156,91.67,59.37,75.31
378.687,0,184,149,103,174,98.02,68.78,64.19
378.762,1,190,149,110,151,87.65,57.52,77.29
379.331,0,186,156,107,168,91.08,64.05,63.29
379.404,1,195,154,112,141,82.83,49.26,81.88
379.978,0,185,160,111,165,85.81,63.08,62.60
380.066,1,219,160,112,134,83.87,30.72,84.83
380.564,0,183,163,115,162,80.74,62.94,62.71
380.640,1,218,167,112,129,80.17,26.30,86.55
381.213,0,184,165,117,160,78.28,61.48,62.60
381.290,1,225,172,111,126,80.25,18.48,88.62
381.847,0,187,169,121,165,76.59,62.40,56.03
381.945,1,231,176,110,122,80.83,11.09,92.95
382.512,0,188,172,124,164,73.39,61.32,54.69
382.593,1,225,179,109,119,78.56,12.48,93.93
383.162,0,187,173,127,163,70.59,61.99,54.55
383.237,1,220,182,109,117,75.93,13.82,93.73
383.826,0,186,173,127,160,69.35,61.01,56.86
383.900,1,234,185,107,116,80.43,2.79,98.00
384.468,0,184,170,124,158,71.35,61.13,60.44
384.546,1,229,183,111,120,76.82,9.17,91.19
385.042,0,178,162,120,164,77.79,68.44,61.57
385.123,1,218,177,106,126,80.08,19.73,87.51
385.710,0,173,152,115,197,97.05,88.63,49.07
385.785,1,211,169,99,138,87.86,30.14,81.63
386.354,0,176,143,109,205,108.86,91.78,50.54
386.430,1,208,160,88,147,99.53,36.02,82.06
387.002,0,185,140,95,209,122.07,84.95,52.95
387.076,1,239,161,75,157,116.66,20.64,81.23
387.662,0,195,143,82,209,130.62,74.43,54.80
387.739,1,232,164,69,163,119.53,24.42,76.66
388.293,0,199,146,84,206,128.13,71.56,53.09
388.380,1,221,162,76,160,112.58,31.22,75.92
388.945,0,200,156,93,192,112.52,64.48,51.23
389.023,1,206,164,90,157,98.96,40.60,71.34
389.537,0,203,170,106,180,94.64,56.45,47.21
389.610,1,193,166,107,150,82.87,48.56,70.93
390.182,0,198,184,125,166,70.73,52.80,47.10
390.252,1,179,172,155,144,46.42,66.00,66.29
390.827,0,183,197,147,157,45.23,59.17,49.00
390.896,1,165,182,168,144,31.58,74.42,66.68
391.486,0,167,194,164,160,33.60,76.39,51.02
391.554,1,154,187,171,148,26.75,81.92,66.19
392.130,0,152,188,164,166,35.56,89.67,53.95
392.204,1,160,184,167,148,31.54,78.27,64.80
392.773,0,146,176,161,178,46.10,101.64,52.49
392.850,1,153,174,162,150,38.58,84.44,68.99
393.369,0,144,161,151,186,61.43,107.52,54.67
393.443,1,155,167,148,156,51.99,83.93,67.14
394.016,0,152,152,136,189,76.69,102.20,55.36
394.089,1,192,161,132,162,73.38,65.06,57.47
394.658,0,165,148,117,194,94.04,92.50,53.99
394.730,1,194,157,114,168,88.38,62.54,59.32
395.302,0,179,152,103,196,104.69,80.47,51.46
395.389,1,195,157,100,170,97.55,58.04,62.34
395.954,0,182,155,98,196,107.00,76.06,51.03
396.036,1,195,159,97,165,96.74,53.81,65.93
396.606,0,186,164,100,188,99.82,68.16,49.92
396.673,1,193,165,111,158,83.17,54.01,64.14
397.260,0,196,175,101,182,94.91,56.90,46.99
397.334,1,189,171,125,147,68.06,53.19,67.06
397.905,0,198,175,101,176,92.95,52.99,50.42
397.973,1,196,179,129,138,61.43,43.45,69.46
398.550,0,191,170,105,174,90.04,58.78,53.39
398.625,1,196,180,122,136,65.16,40.15,72.41
399.143,0,175,164,117,175,81.98,73.47,55.09
399.216,1,196,179,120,137,67.05,40.37,72.43
399.785,0,166,153,121,175,82.24,82.70,61.05
399.858,1,195,172,106,140,79.16,40.60,76.57
400.432,0,161,142,122,179,86.83,90.58,64.89
400.505,1,197,169,96,147,88.70,40.63,75.28
401.114,0,166,138,114,189,98.15,91.41,61.81
401.188,1,202,168,91,150,94.09,38.24,74.92
401.687,0,178,139,104,193,108.11,84.19,59.24
401.774,1,199,174,95,148,88.23,37.89,72.76
402.361,0,184,139,95,194,114.97,78.52,60.52
402.436,1,189,170,101,146,83.17,45.50,74.57
403.038,0,190,150,92,187,110.58,67.84,58.77
403.116,1,175,169,108,144,75.60,54.36,76.11
403.628,0,205,156,92,182,109.77,57.05,56.63
403.699,1,168,170,120,138,65.01,59.00,78.87
404.293,0,216,160,94,176,106.86,48.23,56.45
404.367,1,162,178,137,133,49.16,62.99,78.74
404.892,0,231,163,98,172,104.50,38.86,54.66
404.969,1,157,182,147,126,39.16,64.68,83.45
405.546,0,220,160,101,178,104.40,49.91,51.59
405.628,1,153,192,156,122,28.06,65.15,84.56
406.203,0,211,159,104,171,98.20,51.83,56.98
406.286,1,151,218,161,118,13.16,59.15,81.88
406.817,0,202,158,103,166,95.43,53.53,62.61
406.892,1,155,223,166,114,8.09,55.22,83.33
407.472,0,195,151,101,170,99.42,60.65,64.72
407.536,1,163,216,157,113,17.97,49.22,82.71
408.120,0,181,144,115,176,93.66,77.41,62.47
408.201,1,166,205,144,123,32.73,50.66,76.74
408.730,0,170,138,120,180,92.54,87.87,64.39
408.801,1,170,190,126,134,52.96,51.90,73.47
409.397,0,167,133,125,181,91.98,93.14,66.09
409.474,1,173,176,114,148,69.79,56.81,69.53
410.053,0,157,139,134,182,82.36,99.48,63.77
410.129,1,170,159,111,159,80.78,67.63,69.83
410.657,0,144,146,150,184,68.55,110.26,62.13
410.730,1,169,152,110,167,86.58,73.62,68.11
411.314,0,138,148,158,188,63.84,117.54,61.03
411.390,1,170,139,108,173,95.56,79.29,70.89
411.970,0,142,138,148,221,89.57,132.65,50.43
412.048,1,169,132,105,178,101.72,82.94,72.52
412.564,0,150,133,134,221,100.72,124.26,51.61
412.644,1,195,129,94,182,117.77,71.79,71.46
413.233,0,161,136,117,222,111.26,111.53,49.24
413.311,1,214,132,85,182,126.28,60.45,71.50
413.893,0,175,143,103,223,120.42,97.94,45.39
413.958,1,215,136,77,181,128.60,54.89,73.61
414.485,0,182,147,94,219,123.58,87.81,46.22
414.570,1,210,134,71,183,132.28,55.97,76.87
415.159,0,191,145,89,219,130.15,82.98,47.59
415.236,1,206,132,68,187,135.25,58.63,77.30
415.816,0,195,143,82,224,138.50,81.13,49.20
415.885,1,202,133,65,189,136.02,59.22,77.07
416.418,0,197,147,76,224,140.47,76.08,49.33
416.491,1,201,139,64,188,133.50,56.67,74.66
417.069,0,201,154,73,219,137.95,68.63,48.32
417.153,1,199,143,64,184,129.82,54.28,74.78
417.733,0,207,159,72,212,134.80,61.13,48.37
417.800,1,199,150,70,177,121.22,51.10,72.66
418.336,0,213,164,72,208,132.58,55.12,47.06
418.410,1,203,157,68,174,119.76,44.91,71.93
418.999,0,242,166,65,212,145.76,42.73,44.67
419.072,1,211,164,63,175,122.62,37.61,70.29
419.664,0,248,170,58,215,151.38,37.29,45.18
419.740,1,220,167,61,179,126.35,33.67,67.18
420.272,0,263,172,52,217,158.86,29.54,45.77
420.342,1,228,182,54,181,128.73,22.44,63.92
420.940,0,262,171,46,218,162.72,28.88,49.93
421.013,1,227,178,52,180,130.53,23.63,67.10
421.597,0,259,175,47,214,157.48,26.13,49.64
421.670,1,225,185,53,178,126.84,20.99,65.46
422.205,0,255,176,50,207,150.43,24.64,51.13
422.279,1,224,192,57,175,121.15,18.34,63.14
422.851,0,252,179,57,200,141.05,22.94,49.95
422.933,1,221,190,61,172,117.35,20.52,63.71
423.440,0,254,180,62,195,135.63,20.35,49.72
423.519,1,218,225,65,164,102.76,5.72,58.18
424.120,0,250,184,67,189,127.78,18.48,49.99
424.186,1,217,244,69,156,93.00,-2.92,58.30
424.774,0,264,186,74,185,123.84,9.43,48.72
424.849,1,210,236,72,150,89.13,2.88,62.37
425.419,0,269,184,74,182,124.05,5.72,52.15
425.500,1,206,226,77,141,84.82,7.15,69.09
426.023,0,264,188,77,178,118.59,5.00,52.80
426.103,1,206,221,86,137,78.91,9.77,70.25
426.690,0,262,192,77,174,115.84,1.88,55.57
426.768,1,208,216,91,133,76.53,10.25,73.19
427.342,0,291,205,80,170,119.21,-27.83,66.97
427.419,1,206,216,94,129,73.17,10.81,75.34
427.945,0,280,206,82,164,112.30,-22.31,66.74
428.023,1,218,218,98,125,72.37,2.22,78.31
428.609,0,290,206,87,159,112.79,-32.88,77.88
428.692,1,214,216,102,122,68.57,5.34,79.62
429.210,0,280,217,94,158,100.29,-28.42,65.10
429.286,1,211,218,127,122,49.27,12.54,72.14
429.886,0,269,224,146,146,52.55,-17.83,50.03
429.966,1,205,215,134,120,43.56,18.70,73.08
430.549,0,252,219,152,141,43.72,-2.95,50.96
430.620,1,196,205,135,130,46.00,32.37,67.30
431.138,0,230,204,149,148,47.56,22.57,46.78
431.204,1,195,0,126,137,81.88,57.70,91.53
431.809,0,217,187,139,178,69.30,52.08,30.75
431.884,1,192,195,118,141,62.53,38.06,64.97
432.465,0,214,177,126,184,83.90,57.32,33.79
432.540,1,197,186,104,148,77.75,37.25,65.67
433.047,0,241,172,113,188,101.52,43.55,32.50
433.127,1,200,181,92,153,89.27,35.97,67.35
433.715,0,244,170,95,197,118.75,42.50,34.83
433.797,1,217,176,84,156,100.69,27.96,69.66
434.381,0,249,169,83,203,130.76,40.09,37.02
434.447,1,218,184,78,158,102.90,23.34,67.94
434.967,0,253,171,79,200,131.27,34.04,39.65
435.042,1,222,184,75,164,107.50,23.03,64.71
435.641,0,250,167,80,197,129.80,36.22,42.65
435.715,1,215,185,80,156,100.05,24.23,68.23
436.299,0,245,169,77,195,128.62,35.23,45.36
436.374,1,224,189,80,152,99.89,15.98,70.64
436.885,0,260,172,80,192,127.04,25.57,43.30
436.962,1,217,189,87,150,93.05,20.87,68.86
437.558,0,254,179,86,178,113.23,18.24,49.32
437.621,1,213,194,95,145,83.98,21.22,68.18
438.221,0,255,187,94,169,102.49,10.41,51.26
438.296,1,207,201,125,138,58.23,27.50,62.86
438.870,0,266,192,99,162,98.08,-2.41,56.09
438.949,1,220,209,129,131,54.27,13.99,65.81
439.456,0,257,197,103,159,91.08,0.78,54.68
439.540,1,213,209,129,123,51.41,15.41,72.85
440.122,0,248,190,102,161,92.22,11.06,53.70
440.201,1,212,204,123,124,57.23,16.78,74.65
440.790,0,236,180,97,164,97.13,23.41,55.64
440.865,1,209,196,115,129,65.56,21.59,74.57
441.393,0,270,178,95,160,104.83,-0.44,64.56
441.468,1,202,194,120,123,60.32,25.59,79.07
442.038,0,257,176,94,161,103.48,10.00,62.04
442.117,1,201,189,113,126,67.06,27.30,79.92
442.707,0,251,173,94,163,103.81,16.49,60.34
442.788,1,199,186,107,127,71.83,28.34,81.79
443.312,0,245,175,94,162,101.76,18.57,60.44
443.388,1,197,187,105,123,71.72,27.13,85.39
443.974,0,239,177,94,158,98.81,19.02,63.35
444.041,1,199,194,122,118,57.61,26.06,83.01
444.633,0,231,178,98,155,93.40,22.82,63.68
444.713,1,194,200,139,103,41.28,26.17,91.42
445.236,0,220,173,103,154,89.37,32.18,64.31
445.311,1,196,225,148,107,26.65,20.28,80.81
445.894,0,209,170,105,154,87.01,39.99,65.35
445.971,1,197,252,153,107,14.00,12.01,76.35
446.552,0,205,167,103,157,89.50,44.08,65.22
446.627,1,195,249,150,111,17.09,14.96,73.49
447.147,0,204,164,98,161,94.81,46.07,65.33
447.223,1,196,240,143,115,25.90,16.74,71.77
447.805,0,206,163,94,166,99.76,46.58,63.40
447.882,1,200,234,133,122,37.04,15.86,67.89
448.461,0,217,166,88,170,106.06,40.07,60.79
448.542,1,208,245,123,128,43.92,5.99,62.80
449.069,0,226,170,80,174,112.95,33.39,59.46
449.144,1,215,250,111,135,54.66,-1.22,59.36
449.731,0,227,173,77,177,115.19,32.10,57.60
449.809,1,214,237,109,149,62.52,9.25,50.43
450.317,0,224,192,85,174,102.34,26.12,50.05
450.400,1,207,226,109,150,64.21,18.47,51.69
450.998,0,221,220,94,164,84.08,13.79,47.07
451.079,1,202,222,120,147,55.65,25.20,52.25
451.662,0,215,224,106,156,70.54,15.87,48.21
451.736,1,199,222,124,148,52.37,28.77,50.83
452.320,0,239,228,113,147,68.28,-3.95,54.21
452.394,1,197,244,134,142,35.95,22.55,49.94
452.915,0,236,229,121,140,59.78,-3.31,57.45
452.986,1,207,255,139,136,29.95,10.59,52.06
453.569,0,233,233,124,135,54.69,-4.12,60.22
453.643,1,202,252,145,135,24.95,16.59,52.84
454.229,0,230,231,123,136,55.35,-1.02,59.53
454.293,1,207,247,145,132,27.28,13.58,55.72
454.817,0,228,226,121,137,57.92,2.29,59.81
454.897,1,214,243,142,132,32.57,9.17,56.47
455.485,0,227,224,118,137,60.46,3.02,60.96
455.563,1,222,242,142,133,35.10,4.15,55.83
456.136,0,227,217,117,137,63.23,5.56,62.57
456.220,1,222,242,140,127,35.66,1.21,61.54
456.739,0,227,216,115,137,64.98,5.46,63.41
456.820,1,219,239,142,123,33.72,3.47,65.03
457.404,0,226,211,116,137,65.49,8.39,64.04
457.486,1,218,257,137,120,31.37,-4.68,66.27
458.070,0,222,208,110,137,69.71,10.71,66.41
458.138,1,223,258,135,113,33.35,-11.51,73.44
458.660,0,220,202,105,141,75.36,14.77,65.97
458.739,1,222,244,130,111,40.79,-7.59,77.84
459.319,0,214,194,99,146,81.71,22.15,65.89
459.389,1,219,232,122,114,49.75,-2.01,78.42
459.975,0,219,193,99,145,82.93,19.15,67.14
460.052,1,245,222,121,112,61.60,-17.69,88.93
460.560,0,219,190,98,149,85.49,21.87,65.00
460.640,1,239,214,117,116,65.07,-9.75,85.91
461.228,0,217,185,94,158,91.76,28.08,60.73
461.290,1,233,204,111,121,70.99,-1.14,83.94
461.889,0,221,181,86,165,101.31,28.52,59.81
461.967,1,246,198,101,130,84.82,-6.26,84.01
462.490,0,234,188,78,171,109.19,18.97,56.67
462.565,1,261,195,94,137,96.63,-14.23,86.94
463.145,0,234,188,74,174,112.87,19.29,56.37
463.222,1,252,193,91,138,96.17,-6.89,83.71
463.806,0,227,191,79,171,106.17,21.70,55.29
463.881,1,237,189,98,135,87.49,4.95,80.34
464.476,0,221,197,95,163,89.73,23.39,52.83
464.554,1,222,189,117,129,69.53,16.57,76.55
465.057,0,221,197,103,157,82.48,22.89,54.51
465.133,1,212,200,134,122,50.60,20.29,74.79
465.713,0,212,189,103,157,83.13,31.47,57.09
465.790,1,203,208,149,110,33.88,22.63,81.26
466.385,0,202,180,104,156,83.16,40.42,61.16
466.461,1,198,216,162,99,19.93,22.76,88.69
466.973,0,189,165,112,164,83.71,59.23,60.25
467.046,1,196,213,159,93,22.52,22.39,94.99
467.623,0,167,171,124,165,69.51,72.73,59.16
467.701,1,195,204,140,106,39.53,25.50,87.42
468.297,0,157,172,134,163,60.34,80.03,61.33
468.375,1,197,192,125,122,56.41,30.31,79.54
468.946,0,146,167,152,161,49.49,92.23,66.69
469.034,1,194,178,113,136,71.35,39.37,75.62
469.546,0,133,173,163,163,38.70,101.75,68.37
469.621,1,185,163,114,146,77.01,54.11,74.29
470.220,0,122,171,163,161,37.00,106.66,75.29
470.293,1,185,148,105,158,91.96,61.78,74.68
470.877,0,118,169,172,160,32.40,111.41,79.15
470.952,1,184,136,98,168,104.08,68.36,76.29
471.464,0,110,168,179,159,27.90,117.07,85.00
471.539,1,182,127,93,176,112.99,73.76,78.17
472.127,0,103,168,184,157,24.01,120.82,90.92
472.204,1,181,119,88,184,121.73,78.06,80.10
472.782,0,107,164,188,157,24.70,120.84,90.61
472.857,1,181,112,83,190,129.43,80.48,83.01
473.364,0,98,162,193,158,22.65,127.22,96.69
473.442,1,178,108,86,193,129.93,85.12,83.25
474.046,0,96,158,196,161,24.03,131.19,97.71
474.125,1,173,94,90,214,141.14,100.77,82.74
474.710,0,93,154,196,163,26.45,134.26,99.69
474.784,1,170,78,95,220,146.77,109.69,90.84
475.294,0,89,148,197,165,29.50,138.32,103.44
475.373,1,169,68,98,225,151.03,115.14,96.02
475.974,0,91,142,193,0,31.92,131.52,112.60
476.049,1,169,71,98,230,152.24,116.70,92.38
476.634,0,102,136,172,172,49.96,131.48,93.22
476.706,1,167,77,96,225,147.53,113.22,89.73
477.210,0,121,137,150,180,65.47,119.89,77.91
477.297,1,172,84,85,253,162.95,115.35,80.65
477.891,0,137,137,127,189,83.47,108.59,68.30
477.954,1,181,92,73,250,166.76,103.52,79.23
478.544,0,156,142,113,191,94.64,94.64,61.48
478.622,1,189,101,65,238,164.78,90.84,78.91
479.131,0,174,150,102,192,102.79,80.76,55.73
479.209,1,207,113,58,227,166.20,75.59,77.90
479.800,0,185,156,92,190,108.09,69.10,55.15
479.875,1,215,121,52,219,164.87,65.37,78.21
480.455,0,198,159,84,190,114.94,59.47,54.88
480.527,1,221,129,48,212,162.32,56.85,77.69
481.109,0,208,163,76,190,120.58,50.70,55.40
481.189,1,228,134,43,206,161.95,48.76,79.82
481.710,0,215,165,70,190,125.06,44.76,56.74
481.791,1,232,140,39,202,160.80,42.28,80.17
482.374,0,219,168,64,190,128.49,39.65,58.26
482.440,1,241,144,35,199,162.39,35.42,81.95
482.967,0,223,171,61,191,130.64,36.11,57.80
483.041,1,243,147,31,196,162.32,31.03,83.85
483.627,0,228,173,58,191,132.91,32.12,58.41
483.691,1,244,150,28,194,162.10,27.82,84.67
484.286,0,234,175,56,192,135.23,28.49,57.89
484.363,1,243,152,26,192,161.32,26.06,85.31
484.935,0,237,179,54,192,135.90,24.69,57.54
485.013,1,245,152,24,189,161.49,23.92,87.43
485.535,0,238,176,50,191,138.97,23.99,61.65
485.608,1,251,153,21,188,163.63,20.59,88.81
486.195,0,236,173,49,195,141.80,27.71,60.96
486.273,1,246,157,22,191,162.19,21.72,85.33
486.846,0,235,170,44,201,148.20,30.44,61.93
486.936,1,241,160,22,196,162.25,23.71,81.63
487.448,0,234,166,47,204,149.04,34.97,60.25
487.536,1,237,160,22,200,162.92,26.23,79.71
488.112,0,236,164,44,207,153.36,35.37,61.49
488.192,1,236,157,18,225,175.97,33.53,74.07
488.792,0,239,166,40,230,168.42,41.12,54.37
488.868,1,238,155,15,225,177.76,32.29,76.32
489.394,0,247,170,43,234,170.74,39.85,48.81
489.469,1,253,162,17,239,187.20,30.55,69.49
490.058,0,250,173,45,254,182.97,45.74,42.32
490.132,1,255,164,17,236,185.97,28.56,69.31
490.711,0,242,174,47,240,169.60,43.61,43.00
490.786,1,262,162,19,227,183.47,26.10,71.39
491.298,0,239,170,55,225,156.70,43.83,44.20
491.379,1,250,158,29,219,172.96,32.64,69.20
491.955,0,226,172,73,207,132.03,46.54,42.00
492.026,1,232,152,44,208,157.07,42.17,67.44
492.602,0,203,174,96,194,105.37,58.11,41.01
492.686,1,219,142,54,204,150.08,52.47,69.47
493.267,0,179,176,114,189,85.43,73.16,42.14
493.345,1,207,135,61,202,144.64,60.77,71.21
493.855,0,157,173,133,192,71.22,93.88,44.05
493.931,1,196,142,71,190,128.07,61.08,69.03
494.517,0,138,174,148,196,59.14,110.78,47.15
494.591,1,187,145,79,181,116.39,62.68,69.91
495.185,0,125,168,157,196,54.03,121.99,54.77
495.261,1,181,145,84,173,109.02,63.50,73.40
495.756,0,123,160,155,195,58.00,123.50,59.28
495.835,1,176,145,88,168,103.75,64.90,75.69
496.425,0,130,156,143,192,66.36,115.00,59.69
496.499,1,175,140,85,167,106.72,65.30,79.82
497.101,0,139,150,130,205,83.25,113.74,53.78
497.185,1,175,135,79,181,116.70,70.32,76.11
497.689,0,149,149,117,203,92.37,103.01,53.68
497.767,1,179,133,74,184,122.37,68.65,76.98
498.348,0,159,150,109,201,98.37,94.10,52.98
498.417,1,180,135,70,186,124.74,66.83,76.26
499.005,0,168,151,99,200,105.56,85.20,53.42
499.087,1,182,137,65,189,128.36,64.60,75.47
499.659,0,175,153,92,198,109.79,77.75,54.18
499.739,1,183,138,63,190,129.73,63.49,75.20
500.260,0,179,153,87,195,112.40,72.62,56.65
500.334,1,184,139,64,190,129.19,63.26,74.26
500.925,0,184,153,84,193,114.66,68.50,57.99
501.000,1,185,138,64,189,129.46,62.84,75.23
501.587,0,186,152,82,193,116.72,67.22,58.94
501.653,1,185,137,62,188,130.43,61.93,77.03
502.162,0,188,151,84,193,116.60,67.68,58.38
502.251,1,186,134,60,189,133.15,62.09,78.85
502.842,0,187,144,87,193,117.48,71.77,60.84
502.923,1,183,130,63,191,132.89,66.34,78.91
503.509,0,182,140,91,190,114.22,75.28,63.74
503.581,1,175,124,73,189,126.82,74.27,79.89
504.086,0,178,136,104,189,107.65,83.21,62.88
504.146,1,163,129,90,184,110.82,82.36,75.67
504.758,0,162,138,122,188,92.60,95.89,61.65
504.832,1,147,132,106,190,98.93,97.21,70.38
505.408,0,144,142,151,189,72.17,114.49,61.21
505.485,1,126,137,129,191,79.87,114.78,70.90
506.066,0,127,147,171,193,57.79,130.18,63.56
506.138,1,109,140,146,196,67.89,130.58,73.79
506.657,0,117,151,175,192,51.04,134.23,67.53
506.731,1,100,142,152,195,61.61,135.72,77.92
507.319,0,119,151,169,186,51.81,127.82,69.51
507.394,1,104,143,148,187,61.21,128.34,79.17
507.972,0,125,149,159,184,58.01,120.97,68.49
508.038,1,113,141,141,182,65.93,119.82,78.38
508.573,0,130,139,148,188,70.72,119.15,68.98
508.652,1,144,134,130,183,83.31,104.90,70.32
509.223,0,135,126,145,226,96.44,139.23,58.10
509.301,1,150,125,125,191,94.73,106.80,69.70
509.890,0,142,114,138,230,109.49,138.16,61.82
509.953,1,154,117,116,199,106.94,107.25,70.79
510.487,0,147,113,129,228,114.23,131.09,62.30
510.560,1,158,114,108,198,112.66,102.43,73.69
511.136,0,151,125,122,224,111.12,121.37,56.36
511.211,1,158,122,103,192,108.96,95.33,73.03
511.801,0,157,133,117,210,105.34,107.87,56.36
511.864,1,161,133,106,179,98.81,86.59,72.70
512.467,0,162,147,120,194,92.07,95.32,54.64
512.535,1,160,148,138,166,70.69,88.77,67.70
513.037,0,180,162,125,181,81.94,77.98,49.23
513.123,1,167,162,145,152,57.14,76.45,68.42
513.708,0,187,171,128,164,71.17,63.58,54.35
513.782,1,175,173,150,142,47.84,65.42,69.09
514.368,0,191,180,132,153,62.14,53.94,57.52
514.448,1,179,185,168,129,28.90,58.35,73.57
514.954,0,193,185,146,148,50.02,52.81,56.91
515.036,1,191,194,165,120,27.33,43.34,76.09
515.622,0,189,183,140,144,52.88,52.11,62.38
515.686,1,192,198,156,118,31.65,38.16,77.15
516.293,0,183,178,134,145,57.87,55.88,65.41
516.369,1,192,195,147,119,39.04,37.16,77.96
516.951,0,184,173,125,149,66.81,56.09,65.68
517.020,1,194,191,136,124,49.09,36.31,76.20
517.536,0,190,170,114,154,77.49,52.79,64.73
517.611,1,213,189,119,131,66.45,23.64,73.74
518.197,0,198,168,104,160,87.99,49.00,63.01
518.261,1,216,185,107,135,77.38,21.90,75.44
518.857,0,204,166,98,166,95.75,47.71,60.86
518.931,1,221,184,100,137,84.00,18.34,76.89
519.498,0,206,166,97,167,97.14,46.89,60.30
519.598,1,224,184,98,133,85.48,14.36,81.84
520.101,0,208,165,93,169,101.12,45.96,60.63
520.165,1,236,182,95,134,91.50,7.37,85.14
520.754,0,213,164,98,166,98.36,44.14,60.68
520.839,1,253,182,93,132,98.63,-5.54,95.50
521.420,0,216,164,93,167,102.41,41.54,61.72
521.500,1,257,183,95,138,98.01,-5.85,87.67
522.026,0,215,164,91,166,103.09,40.86,63.43
522.103,1,246,184,97,135,92.38,0.71,85.13
522.671,0,214,164,94,163,100.00,40.83,64.52
522.752,1,237,196,104,130,80.49,1.31,80.69
523.341,0,214,165,102,159,93.30,40.95,64.00
523.423,1,233,202,105,125,76.31,-0.08,82.74
523.937,0,214,167,103,159,91.92,40.44,62.83
524.022,1,229,207,107,119,71.62,-1.04,85.67
524.596,0,220,176,103,156,88.90,31.90,61.59
524.675,1,228,214,110,116,66.77,-3.40,85.49
525.242,0,225,185,105,147,83.15,21.36,65.60
525.347,1,237,218,114,111,65.18,-11.88,90.57
525.859,0,234,191,110,142,78.68,12.08,66.99
525.935,1,235,219,119,104,60.26,-12.04,95.26
526.522,0,235,195,114,136,73.80,7.93,70.32
526.597,1,234,222,123,98,55.91,-13.33,99.15
527.175,0,234,199,117,131,69.45,5.46,73.01
527.274,1,234,235,127,91,48.73,-18.74,102.21
527.792,0,245,204,120,124,68.15,-6.70,80.29
527.869,1,237,237,133,85,44.81,-21.84,107.56
528.457,0,244,209,123,117,63.77,-10.05,85.36
528.533,1,233,239,137,82,39.81,-19.71,107.95
529.046,0,240,212,125,115,59.96,-8.57,84.87
529.121,1,232,240,141,75,36.36,-19.90,113.67
529.721,0,257,213,127,113,64.46,-22.37,93.08
529.795,1,227,249,144,70,29.57,-19.56,114.97
530.382,0,258,213,126,110,65.94,-24.34,97.97
530.454,1,225,247,145,68,28.89,-17.68,116.49
530.977,0,274,211,120,110,81.34,-37.08,116.79
531.050,1,224,243,142,71,31.92,-15.77,114.36
531.641,0,264,205,114,120,80.23,-24.51,97.40
531.715,1,244,233,131,83,50.27,-25.80,113.81
532.306,0,258,199,105,157,88.89,-1.50,55.55
532.369,1,245,225,121,93,60.43,-23.15,108.41
532.886,0,253,194,96,166,97.84,7.02,51.43
532.958,1,245,217,106,109,74.07,-18.46,98.50
533.564,0,254,192,89,174,106.06,9.99,48.19
533.637,1,264,213,94,121,92.13,-27.58,100.63
534.224,0,272,195,80,181,117.90,-1.42,48.01
534.301,1,257,225,89,131,90.37,-25.20,85.02
534.813,0,264,200,79,176,113.85,-1.92,51.37
534.892,1,245,218,92,130,85.57,-14.66,82.06
535.486,0,256,203,83,172,107.18,0.58,51.20
535.558,1,236,214,99,125,78.08,-7.75,82.57
536.156,0,250,221,92,158,91.18,-8.53,55.59
536.233,1,228,213,120,117,59.85,-0.69,81.50
536.757,0,247,224,98,147,82.79,-11.25,62.20
536.822,1,224,218,127,106,51.26,-1.96,88.36
537.424,0,250,222,103,142,79.56,-13.60,66.05
537.503,1,232,218,132,100,49.91,-8.49,94.87
538.015,0,245,216,104,141,78.65,-7.79,66.47
538.094,1,233,213,131,100,52.66,-7.63,96.69
538.675,0,239,208,101,144,81.81,0.31,65.29
538.742,1,230,207,126,104,57.41,-3.05,94.82
539.343,0,235,201,99,145,84.33,5.87,66.24
539.422,1,239,202,123,108,64.34,-6.95,95.81
539.944,0,231,196,98,146,85.70,10.73,66.57
540.042,1,240,195,121,109,68.68,-5.15,98.34
540.574,0,227,194,95,148,87.89,14.19,66.25
540.651,1,240,194,118,111,71.21,-4.61,97.61
541.261,0,226,190,93,148,90.23,15.95,68.20
541.337,1,236,190,116,112,72.73,-0.28,97.36
541.849,0,226,190,93,147,90.01,15.50,69.09
541.926,1,228,194,118,110,67.23,3.49,94.86
542.513,0,226,193,95,144,87.09,13.45,70.05
542.586,1,227,198,120,107,64.00,2.10,95.70
543.200,0,249,196,97,140,90.11,-4.08,76.34
543.274,1,223,202,124,105,58.46,3.54,94.29
543.788,0,243,198,99,135,85.78,-2.52,78.55
543.865,1,222,208,126,103,54.60,1.85,93.76
544.447,0,251,201,103,133,84.28,-9.46,80.53
544.521,1,226,214,127,100,52.99,-3.75,95.74
545.045,0,249,202,105,133,81.85,-8.04,78.61
545.121,1,226,220,127,96,50.92,-6.93,98.24
545.694,0,255,203,108,131,81.20,-13.17,81.43
545.775,1,225,225,126,95,49.66,-8.38,98.04
546.354,0,260,202,107,130,84.16,-17.22,85.89
546.427,1,228,227,125,94,50.71,-11.53,99.61
546.967,0,254,202,107,130,81.86,-12.61,82.99
547.048,1,239,230,124,94,54.36,-20.29,102.82
547.640,0,248,203,108,130,78.78,-8.40,79.99
547.719,1,247,231,123,93,57.84,-26.38,107.24
548.317,0,252,207,109,127,78.09,-13.95,83.37
548.393,1,251,233,123,92,58.80,-29.86,109.64
548.927,0,243,200,108,130,78.10,-3.62,79.29
549.007,1,246,232,120,95,59.29,-25.91,105.20
549.596,0,234,190,102,137,83.80,8.26,75.59
549.669,1,239,226,114,102,63.05,-18.35,98.39
550.167,0,229,183,95,144,90.87,15.76,73.46
550.248,1,239,226,105,114,70.30,-16.55,89.23
550.859,0,229,180,86,154,100.13,19.35,69.40
550.935,1,242,220,97,132,80.64,-12.07,76.72
551.462,0,239,180,78,161,109.46,14.95,67.85
551.542,1,238,213,88,138,88.66,-6.07,75.24
552.115,0,235,178,77,159,109.35,16.88,70.54
552.192,1,228,206,89,139,87.15,3.58,73.71
552.796,0,229,182,81,157,103.65,18.57,68.49
552.861,1,221,201,98,136,79.88,10.75,73.31
553.385,0,223,215,90,149,84.76,7.18,61.86
553.462,1,211,199,108,129,69.88,17.43,75.88
554.042,0,233,218,97,142,80.07,-1.55,65.73
554.133,1,212,205,112,124,64.65,13.66,77.47
554.660,0,252,221,103,132,79.22,-18.49,77.22
554.723,1,219,219,133,117,46.00,6.32,75.53
555.319,0,269,222,110,124,80.21,-33.40,91.71
555.392,1,220,234,134,110,40.16,-2.03,79.21
555.977,0,262,223,114,120,73.59,-29.25,90.24
556.062,1,228,255,140,105,31.35,-15.50,81.27
556.580,0,279,220,115,118,83.16,-41.91,106.90
556.644,1,228,262,138,102,30.68,-19.14,83.75
557.244,0,265,213,121,124,72.20,-25.70,86.32
557.320,1,233,250,135,103,38.19,-19.03,85.84
557.907,0,255,205,117,126,73.58,-14.43,82.58
557.976,1,233,240,130,104,44.99,-16.19,87.39
558.504,0,249,200,118,130,72.44,-5.89,76.53
558.579,1,229,233,123,105,51.05,-11.85,88.37
559.161,0,242,195,116,132,73.61,1.73,74.76
559.237,1,247,229,118,106,62.37,-23.64,95.57
559.814,0,233,188,112,153,80.60,20.01,56.74
559.894,1,238,220,116,109,63.36,-13.57,91.79
560.416,0,225,180,104,156,87.85,27.64,59.69
560.496,1,233,210,109,124,70.91,-2.74,80.07
561.073,0,224,176,95,166,98.10,32.36,56.60
561.154,1,252,203,99,131,86.96,-12.42,84.58
561.736,0,230,174,91,174,105.50,33.05,52.51
561.819,1,259,198,85,138,101.74,-14.53,88.26
562.347,0,236,179,80,178,113.59,26.26,52.89
562.423,1,260,196,78,143,108.08,-13.23,87.19
563.005,0,236,181,77,177,114.48,23.88,54.57
563.074,1,253,210,82,143,99.18,-13.74,78.09
563.660,0,232,188,82,170,105.78,20.72,55.47
563.738,1,244,210,87,140,92.25,-8.21,76.00
564.248,0,230,208,91,162,91.07,11.67,52.72
564.338,1,236,215,98,127,78.75,-7.64,80.76
564.913,0,229,214,100,148,79.16,5.88,59.54
564.992,1,232,244,110,122,60.17,-15.27,74.67
565.587,0,230,216,106,139,72.68,2.09,65.02
565.657,1,227,244,128,114,44.09,-10.67,76.31
566.196,0,245,217,108,135,74.53,-9.86,70.66
566.261,1,239,243,129,111,47.27,-19.81,81.87
566.844,0,243,214,106,133,75.97,-8.42,73.62
566.923,1,257,240,126,115,57.32,-31.58,85.58
567.445,0,243,213,104,132,77.61,-8.79,75.68
567.526,1,271,239,125,113,64.73,-42.62,96.33
568.127,0,242,210,102,132,79.60,-7.28,76.95
568.192,1,267,236,121,114,66.73,-38.58,94.56
568.791,0,242,209,102,132,79.87,-6.88,77.19
568.854,1,280,236,120,115,74.26,-48.09,103.11
569.377,0,240,208,103,131,78.70,-5.31,77.52
569.442,1,273,234,120,114,71.11,-42.47,99.48
570.050,0,238,208,100,134,80.67,-3.37,75.28
570.113,1,286,231,120,112,79.73,-51.09,114.08
570.703,0,256,204,97,134,89.78,-14.84,83.52
570.767,1,291,231,114,113,86.21,-53.18,117.20
571.292,0,254,205,94,139,91.42,-12.28,78.20
571.355,1,311,231,109,118,99.75,-62.42,125.72
571.948,0,256,208,90,142,94.63,-14.31,76.87
572.036,1,328,231,104,125,111.51,-68.84,128.30
572.615,0,262,210,88,147,98.29,-17.65,74.26
572.691,1,323,236,99,131,111.89,-68.08,118.93
573.206,0,267,214,85,154,102.36,-20.40,69.30
573.281,1,315,253,96,138,105.94,-69.53,101.68
573.883,0,270,223,84,154,102.42,-26.43,69.47
573.945,1,311,280,93,140,99.07,-74.80,89.83
574.536,0,266,230,89,149,94.96,-27.76,69.39
574.613,1,295,275,98,133,88.17,-65.91,88.48
575.128,0,263,252,100,140,79.31,-35.99,69.38
575.194,1,283,269,149,124,43.01,-57.29,79.49
575.797,0,263,251,105,134,74.82,-36.91,73.70
575.876,1,296,269,151,116,49.05,-70.17,99.57
576.462,0,257,248,109,129,69.49,-32.51,75.31
576.537,1,289,268,150,111,46.09,-65.07,100.15
577.044,0,253,246,116,122,62.35,-30.03,78.83
577.119,1,280,267,154,105,38.29,-58.36,99.81
577.706,0,249,248,123,116,54.43,-28.55,81.04
577.786,1,275,276,158,106,29.77,-56.46,93.75
578.350,0,248,246,126,110,51.94,-28.31,86.27
578.435,1,281,273,160,100,32.44,-61.33,104.96
579.009,0,248,243,125,109,53.50,-27.66,88.05
579.082,1,287,269,160,99,37.27,-65.09,111.62
579.607,0,243,235,120,114,57.98,-20.50,83.91
579.688,1,280,261,147,102,45.87,-57.41,105.72
580.923,0,238,224,112,123,66.12,-11.33,78.06
581.003,1,272,243,112,145,76.02,-36.02,64.07
581.527,0,236,212,97,167,88.76,10.19,45.50
581.610,1,289,237,100,153,95.33,-45.44,70.78
582.186,0,242,204,81,178,107.15,11.23,45.91
582.252,1,282,240,89,157,100.71,-40.41,66.92
582.850,0,251,201,72,182,117.52,7.01,48.57
582.926,1,270,234,86,157,99.31,-29.57,63.59
583.443,0,246,208,74,183,113.75,7.52,45.02
583.521,1,256,227,92,154,90.76,-17.03,59.91
584.092,0,239,212,86,172,98.84,7.72,46.48
584.175,1,240,226,108,153,74.16,-2.35,51.03
584.760,0,235,224,94,165,86.88,3.73,46.14
584.837,1,226,226,121,137,57.40,3.68,59.64
585.430,0,232,225,101,154,77.70,2.17,52.13
585.495,1,220,227,137,116,40.66,3.28,74.20
586.011,0,231,224,110,149,69.89,3.38,53.26
586.092,1,218,248,146,111,26.32,-2.36,74.17
586.668,0,243,217,111,148,73.97,-2.13,56.32
586.748,1,240,245,143,109,36.08,-19.21,80.55
587.335,0,239,209,112,152,75.35,6.28,53.21
587.414,1,245,239,129,114,50.65,-21.93,81.20
587.923,0,243,205,103,156,84.85,5.01,54.31
588.003,1,264,236,121,120,65.41,-34.69,85.84
588.603,0,252,206,94,158,93.77,-2.70,57.58
588.669,1,264,236,114,123,70.98,-34.52,85.04
589.207,0,253,209,0,154,60.64,4.04,43.50
589.857,0,248,209,92,153,92.29,-4.16,62.08
589.939,1,265,232,112,126,74.13,-33.14,83.71
590.517,0,236,211,116,144,69.33,4.70,58.46
590.593,1,244,222,115,127,66.70,-12.86,74.91
591.126,0,221,208,127,142,58.41,18.06,56.83
591.196,1,227,211,115,145,68.08,10.98,57.28
591.785,0,201,200,137,146,51.06,38.76,54.62
591.862,1,208,198,117,150,67.85,31.14,55.89
592.437,0,181,187,145,155,49.68,62.17,53.95
592.520,1,197,186,118,158,71.52,46.29,54.18
593.048,0,169,174,146,161,54.34,76.43,57.00
593.126,1,190,182,117,158,72.19,51.29,56.79
593.705,0,166,164,136,169,66.81,81.79,57.57
594.381,0,168,155,131,175,76.41,85.01,57.74
594.459,1,184,176,112,164,78.25,57.73,56.97
594.986,0,175,150,120,179,87.98,81.39,57.97
595.060,1,180,172,110,162,79.46,59.51,61.01
595.645,0,176,150,117,176,88.65,78.27,60.24
595.724,1,171,173,112,161,75.45,63.89,62.49
596.246,0,182,157,117,169,84.35,69.68,60.21
596.311,1,165,172,122,156,67.00,68.49,65.55
596.897,0,186,164,121,161,77.07,62.72,60.92
596.976,1,164,179,128,147,57.84,64.82,68.59
597.562,0,195,171,125,150,70.07,51.40,63.75
597.643,1,167,190,138,138,45.63,59.03,69.72
598.228,0,194,171,127,146,67.51,50.63,66.56
598.307,1,168,199,142,134,38.80,55.19,69.56
598.834,0,189,168,124,149,70.46,54.89,66.89
598.894,1,169,211,140,135,35.81,50.66,65.56
599.495,0,184,162,130,169,75.11,71.64,54.61
599.562,1,174,207,134,141,43.65,49.58,61.60
600.152,0,179,158,126,189,86.49,84.50,46.38
600.229,1,178,198,123,145,56.07,48.42,61.95
600.738,0,167,158,135,188,78.03,92.88,48.60
600.815,1,179,183,114,155,70.39,54.41,61.10
601.402,0,151,162,150,185,62.80,103.11,52.19
601.483,1,172,166,113,161,77.88,66.05,64.78
602.067,0,141,164,161,177,50.59,106.91,59.36
602.136,1,169,152,115,168,84.16,75.99,66.34
602.671,0,132,164,170,171,41.91,111.00,66.94
602.736,1,164,141,119,172,86.99,85.00,69.34
603.325,0,122,164,178,166,34.39,115.59,75.31
603.400,1,159,134,124,176,87.79,93.04,70.78
603.981,0,114,162,184,161,29.72,118.94,84.10
604.060,1,156,126,128,181,90.73,100.58,72.29
604.584,0,107,164,190,158,24.00,121.91,90.18
604.647,1,153,119,132,185,93.03,107.26,74.27
605.238,0,100,160,207,159,17.74,130.79,97.92
605.312,1,147,109,130,187,97.52,111.94,81.10
605.900,0,101,155,199,170,27.54,135.28,89.79
605.963,1,145,103,126,192,103.14,114.63,83.21
606.488,0,103,149,188,190,42.89,143.79,77.89
606.567,1,146,105,120,193,105.29,111.64,81.95
607.153,0,116,145,170,190,55.35,133.02,71.52
607.236,1,152,109,115,191,106.89,105.54,79.91
607.819,0,141,150,160,187,62.21,115.94,59.30
607.899,1,155,121,118,186,99.25,100.50,74.29
608.420,0,161,163,146,188,68.21,98.31,46.93
608.501,1,170,142,116,177,91.58,83.49,65.07
609.070,0,198,187,144,188,66.80,70.29,27.50
609.150,1,184,164,117,173,83.36,68.26,54.33
609.745,0,225,212,154,181,51.97,42.52,18.32
609.822,1,203,183,121,174,77.77,53.29,42.04
610.346,0,241,232,161,176,40.62,21.41,16.01
610.418,1,231,209,131,179,69.46,31.45,24.98
611.007,0,264,251,165,175,36.39,-4.91,14.37
611.087,1,252,232,139,184,62.92,11.40,13.97
611.662,0,280,269,173,174,28.79,-25.63,15.52
612.277,0,293,282,177,174,26.29,-42.71,18.32
612.348,1,299,261,157,195,58.39,-29.78,1.58
612.943,0,302,293,181,171,22.78,-57.22,25.01
613.006,1,320,285,166,195,52.83,-60.31,7.31
613.533,0,310,302,185,169,20.17,-69.39,31.31
613.605,1,334,295,171,197,53.47,-77.43,11.82
614.212,0,316,310,189,168,17.38,-78.59,36.15
614.299,1,346,304,176,198,53.97,-93.24,18.59
614.810,0,322,316,193,167,15.30,-86.98,41.43
614.891,1,358,313,179,198,57.51,-110.54,30.44
615.477,0,328,325,196,167,13.85,-96.21,46.52
615.554,1,357,317,178,200,57.29,-109.94,27.08
616.086,0,326,320,204,155,5.45,-96.31,60.98
616.158,1,352,323,171,196,58.88,-110.22,31.75
616.736,0,313,317,209,134,-6.10,-89.09,81.00
616.811,1,343,313,157,189,67.27,-102.33,38.22
617.400,0,299,320,213,109,-16.44,-82.27,106.56
617.478,1,329,299,147,185,69.76,-86.08,34.94
618.012,0,288,313,218,89,-21.83,-72.61,126.25
618.086,1,315,286,144,177,65.44,-71.60,35.62
618.667,0,278,308,221,71,-24.41,-63.30,143.17
618.747,1,297,277,141,168,59.25,-56.02,36.99
619.336,0,269,301,226,56,-26.77,-53.24,157.19
619.418,1,284,268,140,162,55.26,-43.65,38.26
619.936,0,261,294,229,45,-27.31,-44.24,166.02
620.015,1,274,267,135,157,54.77,-38.12,41.75
620.609,0,257,289,231,35,-25.69,-38.37,174.40
620.686,1,265,261,131,155,55.77,-29.92,42.56
621.274,0,252,286,235,28,-26.61,-32.30,179.83
621.350,1,257,265,126,153,55.69,-27.23,43.91
621.866,0,246,283,239,22,-27.54,-26.03,183.67
621.953,1,251,270,124,151,53.62,-25.90,44.76
622.536,0,242,281,240,16,-26.36,-22.04,185.72
622.617,1,246,264,122,151,55.05,-20.10,44.75
623.133,0,239,280,259,11,-32.29,-16.22,192.92
623.209,1,238,258,123,149,52.85,-12.24,45.48
623.801,0,237,280,257,8,-30.74,-15.32,192.22
623.892,1,238,251,121,154,57.42,-7.72,42.31
624.469,0,232,279,255,4,-28.90,-12.70,191.42
624.543,1,234,249,121,0,56.38,-4.75,43.66
625.054,0,230,280,256,1,-28.62,-11.71,191.53
625.132,1,227,251,120,163,57.50,4.00,34.23
625.729,0,226,281,255,0,-60.51,34.37,36.39
625.808,1,222,241,119,166,60.74,12.74,33.46
626.397,0,225,292,255,3,-32.74,-12.17,190.11
626.471,1,214,234,119,170,62.15,22.92,31.87
626.992,0,223,287,253,0,-61.71,34.60,36.22
627.071,1,210,229,122,169,60.27,28.07,33.06
627.680,0,220,284,256,0,-63.43,38.95,38.18
627.744,1,203,225,128,165,54.36,34.19,36.16
628.270,1,196,230,135,145,40.40,29.85,49.94
628.936,0,215,274,263,15,-37.27,-1.02,191.87
629.013,1,195,235,144,125,28.02,23.13,64.20
629.536,0,225,270,255,26,-37.55,-6.11,188.11
629.615,1,194,237,152,111,19.52,20.15,75.21
630.187,0,230,266,250,32,-37.27,-9.11,182.53
630.268,1,195,240,157,100,14.21,16.09,84.04
630.842,0,234,264,245,33,-34.55,-12.85,177.90
630.917,1,195,243,160,88,10.57,12.27,94.12
631.450,0,235,261,240,34,-31.95,-14.11,172.07
631.523,1,194,245,165,81,6.06,11.69,100.25
632.110,0,237,258,238,37,-30.99,-15.23,166.83
632.183,1,193,247,167,73,3.92,10.26,107.24
632.769,0,232,258,232,37,-29.01,-12.75,161.13
632.843,1,192,248,168,67,2.92,9.51,112.55
633.380,0,231,255,225,39,-24.75,-12.65,154.21
633.444,1,190,250,169,63,1.33,9.68,116.01
634.036,0,229,254,222,40,-23.35,-11.39,151.26
634.109,1,191,249,170,58,1.60,8.52,120.61
634.697,0,224,254,218,41,-22.29,-8.34,147.88
634.780,1,190,251,170,57,0.76,8.42,121.29
635.326,0,218,244,212,50,-18.43,-0.82,136.14
635.400,1,184,245,167,61,3.28,14.33,118.54
635.981,0,201,232,210,62,-17.85,17.38,126.16
636.058,1,181,231,162,85,10.43,25.23,99.88
636.567,0,192,215,199,85,-6.64,32.06,105.48
636.653,1,175,215,159,98,17.87,37.18,92.86
637.250,0,185,204,183,103,8.25,42.03,90.37
637.327,1,174,201,146,109,32.67,42.31,87.50
637.905,0,195,186,166,122,30.97,44.62,75.63
637.987,1,174,195,139,124,41.63,47.88,77.49
638.503,0,190,179,157,127,39.95,49.89,75.12
638.568,1,170,190,136,135,46.83,55.42,71.52
639.176,0,183,179,154,132,41.73,55.44,72.73
639.254,1,170,200,143,140,39.46,56.59,64.23
639.769,0,177,186,155,129,36.48,55.63,74.33
639.848,1,161,199,147,144,36.50,65.19,63.64
640.421,0,177,193,154,135,35.40,55.76,67.56
640.507,1,161,204,149,142,32.69,63.43,63.70
641.114,0,178,193,156,127,32.68,52.23,73.64
641.191,1,165,211,152,141,28.43,59.41,61.56
641.705,0,177,196,157,125,30.25,51.32,74.65
641.778,1,174,214,156,135,24.97,51.49,63.09
642.368,0,172,193,154,127,32.94,55.25,75.14
642.448,1,174,216,158,137,23.25,52.34,61.09
642.957,0,167,187,149,133,38.91,61.12,73.66
643.036,1,172,214,152,139,28.12,53.29,60.59
643.623,0,165,179,139,141,49.87,65.16,71.45
643.702,1,171,202,140,148,42.76,57.99,57.82
644.294,0,170,171,128,148,62.66,64.63,69.42
644.367,1,171,205,136,152,45.24,57.53,54.56
644.895,0,201,164,120,154,78.39,51.27,63.71
644.971,1,173,201,128,154,52.98,55.92,54.80
645.556,0,201,168,119,152,76.78,48.41,64.02
645.635,1,171,201,126,155,54.11,56.84,54.82
646.219,0,192,175,127,148,66.05,51.22,63.89
646.286,1,165,198,132,152,49.28,61.90,58.34
646.834,0,190,182,137,143,55.15,50.51,63.79
646.908,1,165,199,141,143,40.85,60.52,63.64
647.490,0,184,186,150,146,44.85,57.92,59.64
647.567,1,156,198,152,140,31.90,68.16,68.17
648.138,0,169,183,171,151,31.85,76.24,59.67
648.225,1,139,200,157,148,26.73,82.46,67.79
648.742,0,153,179,186,169,28.35,100.42,54.13
648.820,1,124,191,164,167,29.06,104.24,64.33
649.403,0,137,175,191,184,30.94,120.01,53.35
649.473,1,114,180,164,172,33.82,114.37,69.35
650.045,0,126,166,192,204,42.25,140.21,51.33
650.129,1,112,163,166,196,48.99,132.45,63.20
650.647,0,118,158,193,209,47.02,149.15,56.62
650.729,1,109,147,166,206,60.31,142.69,66.75
651.313,0,113,151,193,213,51.84,155.34,60.80
651.386,1,105,134,165,230,76.02,159.56,66.48
651.965,0,108,145,192,217,56.32,160.67,64.95
652.047,1,103,124,166,232,80.92,163.56,72.36
652.576,0,104,140,190,221,60.63,164.77,68.33
652.647,1,100,117,167,236,84.67,168.21,76.97
653.236,0,104,136,190,223,63.89,166.84,69.73
653.315,1,96,109,166,240,88.83,172.01,82.72
653.903,0,104,133,190,226,67.03,169.30,70.45
653.984,1,95,102,166,244,93.30,175.10,86.67
654.518,0,102,129,188,227,69.71,170.42,73.41
654.593,1,93,97,167,246,95.32,177.54,90.62
655.184,0,100,128,187,228,70.32,171.34,74.82
655.257,1,93,92,166,249,98.90,178.87,93.06
655.765,0,98,127,186,229,70.91,172.24,76.22
655.837,1,93,89,166,269,107.86,188.27,92.31
656.440,0,95,125,188,230,70.96,174.95,79.16
656.512,1,92,86,166,276,111.25,191.55,94.07
657.086,0,94,123,187,230,71.97,175.11,80.81
657.159,1,92,84,165,273,111.08,189.75,95.35
657.755,0,94,122,190,230,71.84,176.66,81.79
657.827,1,92,84,165,270,109.96,188.47,95.64
658.352,0,93,121,195,231,71.41,179.99,83.48
658.433,1,91,83,163,269,109.81,187.19,96.26
659.001,0,91,120,195,230,70.88,180.07,85.60
659.085,1,91,82,161,267,109.79,185.31,96.59
659.605,0,89,120,195,230,70.22,180.58,86.88
659.667,1,91,82,164,266,108.94,186.42,97.52
660.284,0,90,119,196,230,70.92,180.94,87.01
660.359,1,93,83,164,263,108.39,184.72,96.37
660.944,0,89,117,200,231,71.40,183.93,89.39
661.019,1,92,81,167,263,108.26,186.47,98.94
661.531,0,88,118,200,231,70.48,184.01,89.40
661.607,1,93,81,166,270,111.51,188.82,97.47
662.220,0,86,117,198,232,71.18,184.30,90.80
662.293,1,91,79,167,267,110.06,188.38,100.22
662.797,0,87,117,197,232,71.70,183.61,89.96
662.875,1,89,78,168,286,116.18,196.97,100.37
663.462,0,87,117,193,232,72.46,181.77,89.26
663.546,1,89,78,168,285,115.82,196.58,100.44
664.143,0,88,118,190,231,72.44,179.43,87.72
664.223,1,87,78,167,282,113.86,195.18,101.11
664.730,0,88,118,189,231,72.65,178.97,87.56
664.794,1,87,77,167,279,113.17,193.94,101.99
665.386,0,88,116,192,231,73.14,180.64,89.29
665.458,1,87,76,166,274,111.93,191.39,102.77
666.063,0,88,115,194,231,73.31,181.70,90.27
666.136,1,88,76,165,270,111.15,189.09,102.47
666.649,0,89,114,194,231,74.21,181.61,90.28
666.729,1,86,75,165,267,109.50,188.14,104.25
667.314,0,88,113,196,231,74.06,182.91,91.94
667.387,1,86,75,164,263,108.24,185.97,104.46
667.925,0,88,114,0,231,68.08,204.66,102.30
667.998,1,87,74,0,261,101.13,223.51,148.82
668.585,0,87,115,197,231,72.42,183.31,91.46
668.652,1,87,76,164,259,106.90,184.11,103.96
669.242,0,86,115,197,231,72.08,183.54,92.11
669.318,1,87,77,165,256,105.28,183.29,104.05
669.912,0,85,116,195,231,71.55,182.73,91.76
669.988,1,87,77,165,253,104.21,181.97,104.52
670.491,0,84,116,193,230,71.19,181.49,92.27
670.567,1,86,77,165,250,102.70,180.81,105.46
671.154,0,84,116,192,230,71.38,181.04,92.09
671.216,1,87,77,166,248,102.28,180.22,105.65
671.819,0,83,116,191,230,71.24,180.83,92.55
671.896,1,86,76,166,247,101.90,179.95,106.91
672.414,0,83,116,190,229,71.04,179.82,92.61
672.487,1,86,76,166,248,102.25,180.40,106.72
673.078,0,82,116,188,229,71.11,179.18,92.89
673.155,1,87,76,165,246,102.14,178.85,106.38
673.686,0,83,115,187,230,72.56,179.17,92.43
673.752,1,86,76,164,245,101.51,178.10,106.72
674.339,0,83,116,188,230,71.83,179.49,92.01
674.416,1,85,76,164,245,101.08,178.29,107.16
675.002,0,83,116,189,229,71.24,179.38,92.43
675.077,1,86,75,165,244,101.42,178.14,107.82
675.670,0,83,116,186,229,71.85,178.04,91.90
675.747,1,86,75,164,244,101.57,177.67,107.55
676.255,0,83,116,187,230,72.03,179.04,91.83
676.328,1,86,74,164,243,101.64,177.23,108.37
676.907,0,83,115,187,230,72.56,179.17,92.43
676.986,1,85,74,164,243,101.21,177.41,108.80
677.584,0,83,114,187,229,72.70,178.74,93.29
677.659,1,85,74,164,243,101.21,177.41,108.80
678.161,0,84,113,186,230,74.16,178.72,92.84
678.241,1,86,72,164,243,102.45,177.24,109.63
678.818,0,85,113,187,230,74.31,178.93,92.40
678.892,1,85,72,163,244,102.52,177.40,109.56
679.487,0,87,114,187,230,74.47,178.31,90.54
679.570,1,85,72,164,243,102.03,177.42,110.04
680.086,0,87,115,186,230,74.14,177.72,89.75
680.161,1,85,72,164,244,102.37,177.87,109.84
680.746,0,87,115,186,230,74.14,177.72,89.75
680.820,1,86,72,163,244,102.95,177.22,109.15
681.421,0,86,117,187,229,72.12,177.59,89.58
681.496,1,85,71,164,244,102.77,177.87,110.46
682.005,0,86,117,185,228,72.15,176.13,89.51
682.086,1,84,73,163,244,101.69,177.58,109.36
682.671,0,86,117,184,228,72.37,175.69,89.35
682.735,1,84,73,163,244,101.69,177.58,109.36
683.338,0,86,117,184,227,71.97,175.13,89.62
683.416,1,84,74,163,244,101.28,177.58,108.74
683.926,0,86,116,184,228,72.89,175.82,89.94
683.995,1,84,74,164,244,101.13,178.04,109.02
684.563,0,86,116,183,228,73.11,175.37,89.78
684.652,1,83,73,164,243,100.77,177.78,110.26
685.257,0,87,116,185,229,73.42,176.57,89.23
685.330,1,83,73,164,243,100.77,177.78,110.26
685.843,0,86,116,186,233,74.45,179.50,89.06
685.927,1,83,71,164,242,101.25,177.33,111.68
686.518,0,85,115,186,235,75.41,180.98,89.84
686.595,1,84,70,164,244,102.75,178.04,111.49
687.128,0,85,114,191,235,74.99,183.42,91.41
687.203,1,84,71,165,245,102.54,178.95,110.97
687.774,0,86,114,194,234,74.40,184.02,91.56
687.857,1,83,71,165,246,102.45,179.56,111.19
688.442,0,86,116,195,234,73.11,184.22,90.47
688.522,1,83,70,165,247,103.19,179.98,111.61
689.042,0,86,116,195,234,73.11,184.22,90.47
689.125,1,84,70,165,247,103.62,179.82,111.21
689.707,0,86,115,196,234,73.49,184.82,91.30
689.793,1,84,70,166,248,103.81,180.71,111.33
690.359,0,86,115,195,233,73.26,183.78,91.31
690.438,1,85,72,167,248,103.30,181.04,109.97
690.960,0,86,115,198,233,72.72,185.17,91.89
691.040,1,85,71,167,250,104.39,181.91,110.25
691.626,0,85,116,197,232,71.59,184.21,91.91
691.705,1,87,72,168,251,105.09,182.51,108.92
692.292,0,85,116,197,233,72.00,184.79,91.70
692.374,1,87,71,168,251,105.49,182.50,109.56
692.906,0,86,116,195,233,72.70,183.64,90.68
692.986,1,87,72,168,251,105.09,182.51,108.92
693.570,0,85,117,197,233,71.43,184.65,91.06
693.649,1,87,71,168,252,105.84,182.94,109.40
694.223,0,87,117,195,233,72.49,183.27,89.39
694.308,1,86,71,168,252,105.39,183.09,109.81
694.834,0,87,117,197,234,72.53,184.77,89.55
694.910,1,87,71,167,251,105.63,182.02,109.26
695.491,0,87,117,196,234,72.72,184.31,89.37
695.571,1,86,71,167,252,105.53,182.62,109.50
696.085,0,86,118,196,233,71.40,183.82,89.59
696.152,1,86,70,168,251,105.44,182.64,110.61
696.753,0,87,117,195,233,72.49,183.27,89.39
696.833,1,86,70,168,252,105.79,183.07,110.44
697.412,0,87,116,196,233,72.86,183.87,90.21
697.486,1,87,71,169,251,105.35,182.97,109.87
698.071,0,86,116,194,232,72.48,182.61,90.70
698.145,1,87,71,168,249,104.79,181.62,109.90
698.680,0,86,115,193,232,73.22,182.29,91.15
698.755,1,87,71,170,250,104.86,183.00,110.35
699.343,0,85,115,195,232,72.51,183.44,92.17
699.416,1,86,71,169,250,104.55,182.69,110.45
699.937,0,84,114,198,232,72.19,185.17,94.06
700.015,1,86,70,168,249,104.75,181.76,110.95
700.619,0,84,114,197,232,72.37,184.71,93.86
700.694,1,86,69,167,249,105.29,181.28,111.28
701.207,0,83,113,197,232,72.58,185.06,95.17
701.284,1,85,69,167,249,104.85,181.43,111.67
701.936,1,86,69,166,250,105.78,181.24,110.80
702.535,0,83,114,196,233,72.60,185.05,94.10
702.609,1,85,71,167,250,104.39,181.91,110.25
703.177,0,83,113,196,232,72.75,184.61,94.96
703.257,1,86,71,167,251,105.18,182.19,109.67
703.751,0,85,111,192,232,75.23,182.58,94.16
703.837,1,86,72,167,254,105.83,183.51,108.55
704.437,0,85,111,193,232,75.06,183.04,94.36
704.518,1,88,72,166,254,106.88,182.71,107.43
705.093,0,86,111,191,233,76.16,182.45,93.12
705.172,1,88,72,165,252,106.32,181.35,107.45
705.691,0,86,112,190,233,75.81,181.86,92.28
705.757,1,87,71,165,250,105.57,180.64,108.83
706.361,0,85,113,0,232,68.40,207.49,106.95
706.436,1,86,73,165,250,104.32,180.82,107.98
707.027,0,85,113,189,233,75.10,181.51,92.08
707.101,1,89,73,165,249,105.31,179.86,106.90
707.613,0,85,114,188,232,74.37,180.37,91.49
707.688,1,87,72,165,250,105.17,180.64,108.20
708.292,0,86,114,188,231,74.32,179.57,91.10
708.355,1,87,71,165,250,105.57,180.64,108.83
708.942,0,86,114,188,232,74.72,180.13,90.87
709.022,1,87,72,165,248,104.47,179.76,108.55
709.536,0,86,115,188,232,74.18,180.00,90.25
709.617,1,85,71,165,246,103.31,179.22,110.37
710.212,0,85,114,190,232,73.98,181.28,91.86
710.292,1,85,72,164,245,102.71,178.31,109.65
710.805,0,85,115,190,231,73.05,180.59,91.47
710.880,1,85,72,164,244,102.37,177.87,109.84
711.466,0,84,116,192,230,71.38,181.04,92.09
711.541,1,85,73,165,244,101.81,178.33,109.51
712.156,0,84,116,194,231,71.40,182.51,92.22
712.231,1,85,73,166,243,101.31,178.35,109.99
712.745,0,84,115,194,231,71.95,182.64,92.85
712.830,1,85,72,166,242,101.38,177.90,110.82
713.411,0,84,115,193,231,72.13,182.19,92.66
713.491,1,85,73,165,241,100.78,176.98,110.11
713.997,0,84,114,195,232,72.72,183.80,93.46
714.092,1,84,73,165,241,100.36,177.16,110.53
714.674,0,85,114,194,232,73.24,183.11,92.62
714.747,1,84,72,165,239,100.09,176.27,111.57
715.337,0,85,114,195,232,73.06,183.57,92.82
715.412,1,83,72,166,239,99.53,176.90,112.28
715.922,0,85,114,196,232,72.88,184.03,93.01
716.016,1,84,71,166,239,100.35,176.73,112.48
716.599,0,85,114,195,233,73.47,184.14,92.60
716.677,1,84,71,166,239,100.35,176.73,112.48
717.267,0,85,115,195,233,72.91,184.01,91.96
717.346,1,85,71,166,240,101.11,177.00,111.85
717.858,0,85,114,194,234,74.05,184.25,92.20
717.949,1,84,72,166,240,100.28,177.18,111.65
718.532,0,84,114,196,234,73.35,185.40,93.25
718.601,1,85,71,167,239,100.62,177.01,112.36
719.190,0,84,113,194,233,73.85,184.04,93.70
719.263,1,84,71,167,255,105.66,184.23,109.83
719.786,0,85,114,191,232,73.80,181.74,92.05
719.879,1,84,70,166,253,105.52,182.88,110.47
720.467,0,85,113,190,234,75.32,182.53,92.06
720.541,1,83,70,166,252,104.73,182.61,111.03
721.057,0,85,112,195,237,76.18,186.66,93.13
721.120,1,84,71,166,251,104.44,182.04,110.18
721.720,0,85,112,194,237,76.35,186.19,92.91
721.805,1,83,71,166,250,103.65,181.77,110.76
722.375,0,84,112,191,239,77.29,186.11,92.53
722.462,1,82,73,166,249,102.07,181.52,110.12
722.968,0,84,113,189,238,76.72,184.51,91.67
723.044,1,82,72,166,247,101.80,180.63,111.09
723.625,0,84,114,190,238,76.01,184.86,91.24
723.716,1,82,72,166,246,101.46,180.20,111.28
724.293,0,84,115,191,238,75.30,185.20,90.81
724.372,1,82,72,166,245,101.13,179.75,111.47
724.882,0,85,114,188,239,77.14,184.24,90.02
724.945,1,82,73,167,244,100.23,179.78,111.35
725.536,0,85,114,185,240,78.10,183.37,89.23
725.636,1,83,72,166,243,100.87,178.70,111.45
726.216,0,86,115,184,242,78.95,183.62,87.44
726.285,1,85,71,167,243,101.98,178.81,111.54
726.805,0,85,115,184,244,79.36,184.93,87.68
726.869,1,85,70,167,243,102.39,178.80,112.17
727.457,0,86,116,182,244,79.62,183.62,86.07
727.551,1,86,71,166,242,102.21,177.73,111.03
728.139,0,86,116,181,249,81.80,185.79,85.01
728.206,1,86,70,166,241,102.28,177.28,111.86
728.726,0,86,116,180,250,82.39,185.82,84.65
728.791,1,86,70,166,241,102.28,177.28,111.86
729.386,0,86,116,179,248,81.80,184.28,84.79
729.474,1,87,69,166,240,102.77,176.65,112.30
730.047,0,86,116,178,248,82.00,183.80,84.59
730.127,1,87,69,167,239,102.28,176.66,112.80
730.698,0,85,115,177,249,82.69,184.18,85.41
730.786,1,87,72,166,239,101.19,176.19,110.60
731.288,0,86,115,177,252,84.27,185.49,84.32
731.386,1,87,72,167,239,101.04,176.65,110.89
731.952,0,88,116,177,251,84.20,184.38,82.73
732.036,1,87,72,166,238,100.84,175.73,110.82
732.618,0,87,117,177,251,83.29,184.51,82.71
732.698,1,86,72,166,239,100.77,176.37,111.02
733.207,0,86,117,177,251,82.89,184.76,83.30
733.290,1,86,72,166,239,100.77,176.37,111.02
733.891,0,86,116,177,251,83.38,184.87,83.89
733.955,1,86,71,166,240,101.53,176.83,111.44
734.484,0,86,116,177,251,83.38,184.87,83.89
734.560,1,86,72,166,240,101.11,176.82,110.81
735.139,0,86,116,176,251,83.58,184.37,83.69
735.229,1,87,71,167,241,102.15,177.57,111.11
735.813,0,85,116,177,248,81.80,183.55,84.99
735.893,1,86,72,166,240,101.11,176.82,110.81
736.400,0,85,115,180,257,85.24,189.78,84.81
736.479,1,85,71,167,243,101.98,178.81,111.54
737.066,0,86,116,180,253,83.58,187.39,84.18
737.147,1,85,72,166,243,101.72,178.35,110.62
737.734,0,85,115,182,252,82.90,188.19,85.95
737.797,1,84,73,166,244,101.23,178.97,110.22
738.320,0,85,115,183,249,81.52,187.11,86.63
738.400,1,85,72,167,247,102.95,180.60,110.15
738.973,0,85,115,184,247,80.54,186.53,87.16
739.065,1,87,71,167,246,103.88,179.81,110.14
739.663,0,86,115,185,246,80.35,186.25,86.93
739.737,1,87,72,166,246,103.62,179.35,109.21
740.240,0,86,115,185,256,84.36,191.55,85.47
740.321,1,87,73,166,246,103.22,179.35,108.57
740.905,0,86,115,186,262,86.59,195.15,85.03
741.000,1,87,74,166,246,102.81,179.34,107.93
741.587,0,86,115,189,276,91.69,203.73,84.77
741.666,1,89,74,167,248,104.25,180.37,107.00
742.176,0,86,115,195,286,94.74,211.71,86.31
742.242,1,88,73,167,249,104.57,180.99,107.90
742.836,0,86,114,197,295,98.44,216.95,87.63
742.921,1,88,73,167,249,104.57,180.99,107.90
743.493,0,85,114,195,305,101.99,220.38,87.47
743.570,1,88,74,167,249,104.16,180.99,107.26
744.086,0,85,113,193,310,104.62,221.41,87.42
744.157,1,88,72,167,249,104.97,180.99,108.55
744.744,0,85,113,192,318,107.71,224.11,87.12
744.822,1,88,72,168,250,105.18,181.91,108.68
745.410,0,85,113,192,304,102.53,218.36,87.02
745.490,1,88,72,168,251,105.54,182.35,108.51
746.008,0,85,113,191,292,98.12,212.57,86.75
746.088,1,88,71,168,250,105.59,181.90,109.32
746.677,0,85,112,190,287,96.82,209.78,87.19
746.771,1,88,70,168,250,105.99,181.88,109.97
747.287,0,85,112,191,280,93.95,207.04,87.74
747.362,1,87,70,168,249,105.19,181.60,110.54
747.942,0,85,112,191,272,90.82,203.17,88.12
748.026,1,87,72,168,248,104.03,181.18,109.44
748.594,0,85,113,189,270,89.84,201.08,87.01
748.698,1,86,71,168,246,103.30,180.45,110.85
749.195,0,85,114,187,263,86.88,196.46,86.40
749.277,1,86,72,167,246,103.04,179.99,109.92
749.862,0,85,115,185,272,90.29,199.86,84.48
749.942,1,87,71,167,244,103.19,178.92,110.51
750.525,0,85,116,186,265,86.84,196.80,84.69
750.622,1,86,71,167,243,102.41,178.64,111.12
751.127,0,84,115,188,260,84.59,195.54,86.92
751.211,1,86,71,168,242,101.92,178.65,111.62
751.800,0,84,115,191,255,82.10,194.43,88.22
751.870,1,86,71,169,241,101.43,178.66,112.12
752.455,0,84,114,192,252,81.26,193.43,89.46
752.536,1,85,71,169,240,100.67,178.38,112.74
753.061,0,83,114,192,249,79.66,192.02,90.48
753.139,1,84,71,169,240,100.25,178.55,113.16
753.728,0,83,114,191,246,78.64,189.92,90.69
753.807,1,85,71,168,241,101.15,178.37,112.24
754.320,0,83,115,190,242,76.70,187.16,90.50
754.400,1,86,71,168,241,101.57,178.20,111.82
754.989,0,83,114,0,239,70.53,216.29,111.74
755.068,1,86,71,168,242,101.92,178.65,111.62
755.655,0,83,113,189,237,75.97,184.18,92.49
755.734,1,87,71,168,242,102.35,178.49,111.20
756.243,0,82,114,189,236,74.69,183.75,92.70
756.312,1,88,71,168,243,103.12,178.77,110.59
756.909,0,83,115,189,236,74.52,183.40,91.45
756.979,1,88,70,168,241,102.84,177.86,111.63
757.564,0,85,114,189,244,78.96,187.44,89.33
757.644,1,87,68,167,243,104.06,178.45,112.62
758.228,0,84,116,189,246,78.32,188.53,88.37
758.323,1,88,72,167,247,104.27,180.10,108.90
758.838,0,84,116,188,244,77.71,186.96,88.49
758.914,1,88,73,166,247,104.01,179.62,107.96
759.493,0,84,115,188,244,78.23,187.08,89.11
759.574,1,87,73,166,248,103.92,180.24,108.20
760.085,0,84,116,188,243,77.31,186.42,88.66
760.161,1,87,73,166,249,104.27,180.68,108.03
760.767,0,83,115,189,242,76.88,186.69,90.29
760.844,1,87,74,167,248,103.36,180.71,107.86
761.425,0,84,115,188,241,77.04,185.44,89.64
761.508,1,86,73,166,250,104.17,181.30,108.27
762.011,0,84,115,187,241,77.23,184.97,89.44
762.091,1,86,74,166,249,103.42,180.86,107.81
762.700,0,83,115,187,240,76.46,184.66,90.26
762.775,1,86,73,166,248,103.48,180.41,108.62
763.285,0,83,114,186,240,77.17,184.30,90.67
763.362,1,87,72,166,248,104.32,180.24,108.84
763.947,0,83,114,185,240,77.35,183.84,90.46
764.009,1,86,71,166,248,104.29,180.40,109.89
764.624,0,82,114,185,239,76.60,183.53,91.28
764.704,1,87,70,165,247,104.93,179.31,110.00
765.211,0,83,114,185,239,76.97,183.30,90.66
765.296,1,87,71,165,247,104.53,179.32,109.37
765.882,0,83,113,183,240,78.25,183.01,90.67
765.958,1,85,73,165,247,102.84,179.67,108.93
766.492,0,83,112,182,239,78.56,182.11,91.28
766.568,1,86,72,165,247,103.68,179.49,109.15
767.165,0,84,113,182,238,78.04,181.23,90.27
767.239,1,84,73,165,247,102.41,179.84,109.35
767.811,0,84,113,180,238,78.43,180.30,89.89
767.899,1,84,72,165,248,103.15,180.28,109.79
768.427,0,83,112,181,238,78.37,181.12,91.29
768.506,1,83,73,165,247,101.98,180.01,109.77
769.097,0,84,113,180,237,78.05,179.77,90.11
769.160,1,84,72,165,248,103.15,180.28,109.79
769.686,0,84,113,182,235,76.88,179.62,90.93
769.761,1,86,71,165,246,103.74,179.05,109.96
770.349,0,84,113,181,235,77.08,179.16,90.74
770.436,1,86,71,165,246,103.74,179.05,109.96
771.013,0,85,113,182,233,76.47,178.29,90.78
771.096,1,86,72,165,244,102.65,178.16,109.71
771.614,0,84,113,182,234,76.49,179.08,91.15
771.689,1,91,73,166,245,104.61,178.19,107.07
772.297,0,84,113,184,234,76.10,180.00,91.53
772.359,1,93,73,168,244,104.84,178.34,106.97
772.890,0,84,112,186,235,76.62,181.58,92.31
772.962,1,95,74,169,244,105.17,178.45,105.72
773.555,0,82,111,193,237,75.97,186.48,95.25
773.628,1,97,74,168,243,105.83,177.13,104.77
774.155,0,84,115,191,236,74.50,184.09,91.21
774.236,1,95,74,171,244,104.88,179.44,106.30
774.826,0,85,115,190,235,74.64,182.83,90.59
774.893,1,92,74,170,242,102.96,178.54,107.68
775.486,0,86,115,193,233,73.63,182.86,90.94
775.561,1,89,73,169,240,101.52,177.68,109.76
776.086,0,86,115,192,232,73.41,181.83,90.97
776.160,1,87,73,168,239,100.47,177.10,110.54
776.750,0,87,115,190,231,73.74,180.10,90.20
776.823,1,86,73,167,237,99.51,175.90,111.11
777.417,0,87,116,188,231,73.59,179.05,89.24
777.490,1,86,72,168,235,99.10,175.45,112.48
778.023,0,86,115,187,230,73.59,178.42,90.55
778.099,1,85,71,167,235,99.26,175.18,113.24
778.690,0,86,115,186,228,73.00,176.85,90.87
778.756,1,86,72,167,234,98.91,174.53,112.43
779.352,0,85,115,185,229,73.26,177.21,91.07
779.429,1,84,71,167,233,98.19,174.45,114.13
779.948,0,85,115,183,228,73.29,175.77,90.99
780.036,1,85,71,167,233,98.59,174.27,113.71
780.629,0,85,115,184,228,73.08,176.21,91.16
780.706,1,85,71,168,232,98.10,174.25,114.24
781.217,0,85,115,185,229,73.26,177.21,91.07
781.294,1,85,71,168,237,99.79,176.55,113.09
781.886,0,84,115,185,229,72.92,177.47,91.70
781.965,1,85,73,168,247,102.40,181.07,109.82
782.556,0,84,118,185,229,71.34,177.08,89.92
782.631,1,87,74,167,248,103.36,180.71,107.86
783.136,0,85,121,186,229,69.85,176.85,87.70
783.220,1,89,74,167,244,102.82,178.56,107.74
783.819,0,87,122,188,229,69.53,177.06,86.16
783.894,1,92,74,172,243,103.05,179.97,108.08
784.403,0,87,121,186,229,70.52,176.31,86.44
784.481,1,91,73,170,243,103.31,179.19,108.60
785.063,0,87,119,186,228,71.20,176.03,87.86
785.152,1,90,73,169,242,102.66,178.43,108.93
785.684,0,87,118,185,227,71.56,175.17,88.56
785.759,1,89,72,169,241,102.29,178.15,110.21
786.352,0,87,118,186,226,70.94,175.05,88.98
786.429,1,88,72,169,239,101.16,177.40,111.05
787.018,0,87,118,185,225,70.77,174.04,89.10
787.087,1,87,72,169,238,100.39,177.12,111.69
787.625,0,87,118,188,225,70.11,175.37,89.55
787.700,1,88,73,169,238,100.39,176.93,110.61
788.286,0,87,117,188,225,70.65,175.51,90.15
788.356,1,86,75,168,237,98.52,176.33,110.12
788.943,0,86,116,188,226,71.26,176.48,91.12
789.023,1,85,75,168,243,100.18,179.27,109.31
789.547,0,85,117,188,228,71.18,177.73,90.63
789.613,1,88,75,164,244,102.43,177.29,106.69
790.197,0,82,118,191,233,71.00,182.50,91.29
790.277,1,87,77,161,240,100.27,174.20,105.89
790.858,0,79,120,192,230,67.55,181.73,92.94
790.935,1,88,81,158,246,101.69,175.15,101.01
791.465,0,84,127,196,220,60.33,175.30,88.87
791.541,1,93,92,150,236,97.25,164.75,92.73
792.136,0,90,135,193,208,53.28,163.72,84.48
792.213,1,95,96,146,228,94.43,158.11,91.06
792.719,0,98,139,185,198,51.61,151.31,81.15
792.793,1,108,105,142,230,97.72,152.15,79.41
793.403,0,102,141,178,190,50.99,142.32,81.29
793.476,1,123,110,135,216,98.18,136.36,75.15
794.056,0,105,142,176,187,50.81,138.56,80.57
794.119,1,126,111,132,210,97.51,130.82,75.86
794.640,0,102,138,176,191,53.71,142.75,82.03
794.720,1,124,108,134,212,98.18,133.96,77.42
795.325,0,98,134,178,197,56.39,149.10,83.48
795.400,1,119,104,138,216,98.28,140.14,80.02
795.986,0,96,131,179,203,59.43,154.13,83.56
796.049,1,116,99,145,222,99.64,148.24,82.31
796.582,0,94,131,180,208,60.50,158.04,82.81
796.657,1,114,95,152,230,102.06,156.88,83.72
797.253,0,93,131,182,211,60.79,160.89,82.44
797.327,1,111,91,157,237,104.31,164.23,86.35
797.843,0,92,133,183,214,60.30,163.00,81.04
797.932,1,108,88,155,240,105.93,165.73,88.62
798.519,0,91,132,185,218,61.58,166.63,80.99
798.595,1,105,84,158,248,108.88,172.18,91.44
799.126,0,89,130,188,223,63.31,171.76,82.06
799.202,1,104,83,159,253,110.64,175.33,91.91
799.786,0,89,127,188,228,67.02,175.15,82.30
799.860,1,102,82,160,252,109.54,175.88,93.76
800.451,0,88,124,187,230,69.40,176.60,83.98
800.527,1,99,79,160,253,109.74,177.11,96.84
801.055,0,88,122,184,231,71.58,176.12,84.44
801.127,1,98,77,161,252,109.53,177.45,98.98
801.712,0,88,123,183,236,73.29,178.30,82.54
801.792,1,95,76,161,253,108.91,178.52,100.71
802.376,0,87,122,182,243,76.50,182.08,82.11
802.455,1,92,76,160,254,108.05,179.04,101.53
802.973,0,86,122,182,241,75.32,181.25,83.12
803.048,1,91,75,161,255,108.18,180.18,102.70
803.638,0,85,121,181,238,74.50,179.54,84.77
803.718,1,90,73,161,253,107.80,179.50,104.70
804.300,0,86,122,180,237,74.18,178.14,83.65
804.377,1,89,74,161,254,107.30,180.11,104.31
804.912,0,87,122,178,234,73.81,175.31,83.44
804.988,1,87,73,161,255,107.13,180.91,105.60
805.579,0,87,121,176,232,74.01,173.44,84.20
805.654,1,86,72,162,251,105.53,179.83,107.57
806.161,0,87,120,177,230,73.51,172.95,85.43
806.241,1,85,70,161,252,106.37,179.94,108.76
806.844,0,87,121,178,229,72.37,172.72,85.27
806.928,1,85,69,162,255,107.63,181.67,109.17
807.514,0,86,122,179,229,71.27,173.31,85.47
807.590,1,84,69,161,255,107.33,181.36,109.26
808.098,0,86,121,179,229,71.79,173.45,86.03
808.173,1,83,69,160,257,107.71,181.90,109.04
808.771,0,87,121,179,228,71.74,172.62,85.69
808.841,1,83,69,159,258,108.20,181.84,108.60
809.427,0,87,123,179,229,71.09,172.88,84.30
809.506,1,83,69,157,258,108.51,180.90,108.03
810.013,0,86,123,177,228,70.85,171.73,84.91
810.094,1,82,70,159,259,107.69,182.45,108.23
810.695,0,86,122,177,227,70.98,171.33,85.73
810.760,1,81,70,162,260,107.11,184.43,109.35
811.286,0,85,121,196,227,66.91,180.12,89.77
811.362,1,88,68,162,259,110.78,182.83,108.03
811.957,0,86,119,206,226,66.01,184.01,92.22
812.036,1,97,56,163,271,123.63,186.11,111.61
812.631,0,86,119,214,225,64.16,186.94,93.81
812.709,1,106,41,161,280,136.42,185.46,117.96
813.216,0,86,121,221,225,61.68,189.69,93.61
813.303,1,112,29,160,289,145.72,184.87,123.96
813.898,0,86,119,225,225,62.42,191.90,95.81
813.961,1,118,19,161,296,152.68,184.02,129.49
814.486,0,86,118,230,224,61.97,193.73,97.75
814.564,1,123,10,162,302,157.68,182.65,134.12
815.151,0,86,117,234,223,61.74,195.12,99.58
815.230,1,130,3,161,298,160.32,177.96,137.89
815.802,0,86,118,238,224,61.05,197.50,99.49
815.886,1,130,1,163,299,160.42,178.29,139.12
816.421,0,87,117,240,224,61.90,198.55,100.08
816.489,1,134,6,164,299,162.01,179.72,137.10
817.075,0,87,115,241,224,63.43,199.56,102.30
817.155,1,138,9,164,296,163.07,179.27,136.01
817.749,0,87,115,244,223,62.72,200.35,103.24
817.817,1,140,13,165,296,163.89,180.57,134.17
818.358,0,86,115,243,224,63.05,200.75,103.73
818.433,1,147,8,163,296,167.34,177.09,136.62
819.018,0,85,116,244,223,61.40,200.42,103.88
819.093,1,146,4,163,295,166.41,175.78,138.69
819.603,0,85,116,240,223,61.67,198.43,102.76
819.685,1,144,14,170,289,163.56,180.43,135.87
820.287,0,86,116,237,223,62.19,196.79,101.18
820.363,1,143,21,167,284,161.49,179.99,130.78
820.895,0,87,116,232,222,62.48,193.52,99.37
820.964,1,143,27,165,280,159.70,179.36,125.86
821.555,0,87,116,227,221,62.63,190.51,98.51
821.632,1,143,33,163,293,163.27,183.36,120.46
822.230,0,86,116,221,223,64.12,189.34,97.69
822.294,1,142,36,160,288,160.79,181.06,117.12
822.817,0,81,122,219,222,58.64,187.76,96.91
822.886,1,141,41,158,281,156.85,178.63,112.45
823.478,0,68,128,220,218,49.73,187.54,104.18
823.548,1,141,43,156,278,155.42,176.70,110.20
824.148,0,58,132,0,212,36.57,197.68,117.71
824.225,1,141,45,155,275,153.85,175.24,108.29
824.719,0,56,135,221,207,38.70,182.94,113.68
824.799,1,141,47,154,270,151.40,172.96,106.43
825.394,0,47,138,221,203,34.22,182.57,120.97
825.471,1,140,49,154,267,148.99,172.10,104.97
826.062,0,45,138,222,199,32.52,181.10,124.47
826.142,1,138,52,154,265,146.06,171.79,102.87
826.655,0,45,139,220,199,32.39,180.45,123.54
826.728,1,139,53,153,262,145.18,169.82,101.83
827.321,0,42,144,216,195,29.05,177.56,124.45
827.386,1,139,55,152,260,143.79,168.42,100.15
827.928,0,42,141,213,195,31.44,177.05,124.92
828.003,1,140,55,151,258,143.63,166.81,99.94
828.584,0,45,138,211,198,34.76,177.49,122.34
828.660,1,137,56,150,257,141.29,166.41,99.53
829.250,0,48,134,208,199,38.39,176.69,120.90
829.323,1,139,57,151,256,141.51,166.14,98.66
829.848,0,51,134,208,198,38.59,175.27,119.21
829.925,1,140,57,151,255,141.64,165.51,98.58
830.501,0,52,138,207,199,37.04,174.79,115.99
830.577,1,137,58,150,254,139.30,165.09,98.24
831.152,0,50,139,208,198,35.64,175.03,117.65
831.241,1,134,59,150,253,136.85,165.25,98.15
831.774,0,41,152,214,199,26.08,178.73,119.93
831.849,1,134,59,150,254,137.28,165.68,98.04
832.431,0,30,157,220,200,21.16,183.91,127.28
832.506,1,134,59,149,253,137.00,164.68,97.99
833.089,0,21,161,226,200,17.08,188.04,133.63
833.165,1,138,59,148,252,138.93,162.84,97.19
833.689,0,13,166,230,203,13.93,192.84,137.37
833.776,1,143,59,149,253,142.06,162.79,96.40
834.355,0,6,168,233,205,12.38,196.70,140.88
834.430,1,145,59,148,252,142.90,161.35,96.07
835.005,0,0,171,236,206,18.67,156.27,52.08
835.086,1,141,60,149,253,140.56,163.17,95.93
835.606,0,3,172,238,207,9.81,199.72,142.53
835.692,1,138,60,149,252,138.43,163.37,96.56
836.255,0,6,188,242,206,1.84,198.96,140.24
836.337,1,134,59,149,252,136.57,164.25,98.10
836.930,0,9,200,245,206,-4.69,198.19,137.69
837.002,1,132,58,149,252,135.83,164.70,99.26
837.604,1,130,57,148,251,134.83,164.16,100.39
838.192,0,12,208,248,207,-9.61,197.92,135.26
838.255,1,129,58,150,250,133.22,165.02,100.33
838.844,0,14,210,248,208,-10.84,197.53,133.27
838.922,1,128,57,150,250,133.04,165.26,101.30
839.446,0,4,199,245,206,-3.27,200.32,140.95
839.525,1,125,58,150,251,131.52,166.28,101.13
840.099,0,8,181,239,209,5.98,199.03,138.51
840.185,1,125,58,149,251,131.67,165.73,100.95
840.762,0,22,168,229,214,15.98,195.20,127.18
840.843,1,128,60,149,252,132.97,165.47,98.64
841.364,0,32,158,223,217,24.53,193.18,119.90
841.438,1,126,60,149,250,131.08,165.03,99.38
842.018,0,40,153,211,216,30.93,187.38,113.26
842.104,1,125,67,146,242,125.17,159.67,95.45
842.671,0,49,148,200,212,36.68,179.62,107.49
842.757,1,124,78,142,228,115.35,150.25,91.00
843.289,0,64,143,187,208,44.57,168.89,97.78
843.366,1,127,87,136,224,112.82,143.30,85.11
843.938,0,76,143,177,205,49.34,159.53,89.38
844.016,1,127,94,132,218,108.53,137.35,82.63
844.604,0,86,142,165,200,54.69,148.84,84.34
844.674,1,130,104,126,210,104.20,127.94,78.86
845.207,0,97,138,153,198,63.29,139.55,79.93
845.274,1,136,106,117,205,106.96,118.92,78.75
845.863,0,105,131,146,212,76.64,141.89,73.14
845.941,1,143,108,108,204,111.92,111.43,77.52
846.529,0,110,126,141,206,80.21,135.74,75.58
846.603,1,149,103,100,207,120.63,107.97,79.46
847.122,0,112,126,142,199,77.96,131.97,77.71
847.207,1,148,100,100,203,119.80,107.18,83.04
847.782,0,109,132,150,195,69.77,133.30,78.08
847.857,1,142,102,107,205,114.72,112.94,80.93
848.440,0,104,142,171,194,55.05,141.00,77.32
848.514,1,134,102,114,216,113.26,123.84,77.60
849.113,0,96,140,181,197,51.61,149.81,82.08
849.187,1,126,101,133,218,104.81,136.99,78.70
849.707,0,90,138,192,203,49.90,159.82,84.99
849.783,1,118,104,140,219,98.47,142.90,79.39
850.367,0,85,136,204,206,47.48,168.01,89.21
850.440,1,112,106,142,216,93.42,143.94,81.66
850.961,0,81,142,202,208,44.41,168.73,88.14
851.040,1,110,101,145,218,94.76,147.74,84.82
851.617,0,82,140,199,214,49.06,171.29,85.80
851.698,1,108,101,149,243,102.85,162.58,79.08
852.284,0,83,137,197,227,56.88,178.52,82.31
852.358,1,105,106,153,244,98.72,165.35,77.58
852.886,0,85,134,196,231,61.11,180.41,81.37
852.950,1,103,110,154,246,96.60,166.90,75.82
853.537,0,85,133,196,232,62.10,181.17,81.67
853.616,1,100,106,157,247,96.78,170.27,79.77
854.202,0,86,134,199,231,60.69,181.44,81.08
854.271,1,98,108,162,246,93.45,172.64,80.46
854.870,0,86,134,200,230,60.02,181.27,81.45
854.946,1,97,104,164,254,97.65,178.34,82.30
855.450,0,85,133,203,240,63.93,189.09,81.05
855.529,1,98,98,165,252,99.83,178.21,86.10
856.103,0,85,133,213,242,62.77,194.95,82.40
856.186,1,106,94,165,248,103.67,174.77,85.64
856.773,0,86,131,217,237,61.31,193.77,84.29
856.849,1,101,93,165,268,109.92,185.50,85.98
857.369,0,86,131,214,235,60.98,191.12,84.12
857.444,1,100,90,167,261,107.57,183.73,89.64
858.028,0,86,132,214,233,59.43,189.65,83.86
858.105,1,97,87,168,254,104.51,181.75,94.14
858.707,0,87,132,216,231,58.38,189.00,83.81
858.786,1,97,84,167,249,104.02,179.03,96.67
859.294,0,88,132,215,230,58.41,187.66,83.15
859.371,1,96,83,167,244,102.08,176.91,98.66
859.960,0,89,131,215,229,58.88,186.95,83.25
860.026,1,95,81,167,240,100.99,175.30,101.24
860.624,0,89,131,214,228,58.63,185.86,83.33
860.704,1,94,81,167,237,99.44,174.06,102.33
861.214,0,89,131,215,227,57.95,185.64,83.67
861.292,1,94,79,167,234,99.20,172.72,104.33
861.881,0,89,131,216,227,57.73,186.08,83.79
861.944,1,94,79,166,232,98.63,171.27,104.57
862.484,0,89,130,216,226,57.92,185.62,84.61
862.560,1,94,79,167,230,97.73,170.78,105.31
863.149,0,90,131,216,226,57.53,185.16,83.30
863.216,1,94,79,168,228,96.83,170.27,106.06
863.803,0,90,130,216,225,57.73,184.70,84.12
863.879,1,93,78,167,226,96.32,169.09,107.48
864.411,0,90,130,215,225,57.95,184.27,84.00
864.485,1,93,78,168,224,95.43,168.57,108.29
865.068,0,91,131,214,225,57.79,183.37,82.59
865.146,1,92,78,168,223,94.69,168.29,109.03
865.729,0,90,131,212,225,57.97,182.78,83.06
865.797,1,92,80,168,222,93.44,167.66,108.00
866.334,0,90,131,210,224,57.98,181.28,83.07
866.408,1,93,79,168,222,94.27,167.51,108.20
866.988,0,90,132,210,224,57.34,181.08,82.50
867.067,1,92,79,167,222,94.07,167.27,108.42
867.639,0,90,132,210,224,57.34,181.08,82.50
867.722,1,92,79,167,222,94.07,167.27,108.42
868.251,0,91,131,212,223,57.32,181.21,82.85
868.326,1,93,78,166,220,94.36,165.67,108.98
868.895,0,91,130,211,224,58.66,181.63,83.08
868.974,1,92,78,166,220,93.98,165.90,109.43
869.546,0,92,130,211,224,58.94,181.37,82.39
869.625,1,92,77,166,220,94.43,165.96,110.09
870.232,0,92,131,212,223,57.59,180.93,82.16
870.303,1,93,77,167,219,94.28,165.70,110.19
870.822,0,92,130,214,223,57.78,182.00,82.96
870.896,1,92,77,166,220,94.43,165.96,110.09
871.479,0,92,130,214,223,57.78,182.00,82.96
871.559,1,92,76,166,220,94.87,166.02,110.74
872.091,0,91,131,214,223,56.85,182.05,83.07
872.167,1,91,76,166,220,94.49,166.24,111.18
872.749,0,89,131,213,223,56.55,182.17,84.37
872.839,1,92,78,166,219,93.64,165.40,109.74
873.435,0,90,131,213,223,56.82,181.90,83.66
873.514,1,91,76,168,220,94.15,167.14,111.69
874.036,0,90,131,212,224,57.51,182.13,83.30
874.109,1,92,77,167,220,94.25,166.41,110.33
874.692,0,90,132,214,224,56.40,182.77,82.95
874.766,1,92,77,167,219,93.90,165.92,110.64
875.343,0,91,132,215,224,56.43,182.93,82.35
875.428,1,93,76,167,219,94.72,165.76,110.86
875.956,0,90,133,213,223,55.52,181.49,82.52
876.032,1,92,76,167,219,94.35,165.98,111.30
876.606,0,91,133,212,224,56.49,181.45,81.46
876.675,1,91,77,166,220,94.05,166.18,110.53
877.262,0,91,132,213,224,56.90,182.08,82.14
877.346,1,92,77,165,220,94.60,165.51,109.84
877.881,0,91,133,214,224,56.01,182.30,81.67
877.944,1,93,76,165,220,95.42,165.35,110.05
878.542,0,91,133,214,224,56.01,182.30,81.67
878.611,1,93,76,165,220,95.42,165.35,110.05
879.131,0,92,132,215,224,56.69,182.66,81.65
879.205,1,92,76,164,219,94.88,164.63,110.56
879.806,0,92,131,213,223,57.36,181.36,82.27
879.880,1,93,77,164,220,95.16,164.83,109.16
880.398,0,91,131,214,223,56.85,182.05,83.07
880.485,1,92,77,164,220,94.78,165.06,109.60
881.065,0,91,131,215,223,56.62,182.48,83.18
881.141,1,93,77,164,143,74.07,128.28,142.29
881.736,0,91,131,215,223,56.62,182.48,83.18
881.810,1,92,77,164,155,76.34,133.79,137.55
882.394,0,91,131,213,224,57.55,182.29,82.72
882.468,1,92,76,164,166,79.31,138.88,133.08
882.973,0,90,132,213,223,56.17,181.69,83.09
883.046,1,93,77,163,175,81.53,142.31,127.69
883.640,0,89,132,212,224,56.60,182.19,83.42
883.716,1,93,76,164,182,83.64,146.15,125.16
884.297,0,90,131,212,223,57.05,181.48,83.55
884.362,1,92,77,164,188,84.55,149.27,122.06
884.886,0,91,131,214,224,57.32,182.71,82.83
884.963,1,91,77,165,193,85.50,152.39,120.43
885.567,0,91,131,215,224,57.09,183.14,82.94
885.648,1,91,77,165,197,86.71,154.37,118.70
886.166,0,89,131,216,224,56.33,184.09,84.47
886.236,1,91,76,165,200,88.09,155.94,118.08
886.815,0,90,131,216,224,56.59,183.83,83.76
886.895,1,91,76,165,204,89.36,157.92,116.49
887.486,0,91,131,215,224,57.09,183.14,82.94
887.562,1,91,76,165,207,90.32,159.41,115.34
888.121,0,91,131,215,225,57.56,183.80,82.71
888.201,1,92,76,165,209,91.32,160.16,114.18
888.786,0,90,130,216,224,57.26,184.04,84.35
888.860,1,92,76,166,211,91.80,161.58,113.71
889.387,0,90,131,215,223,56.35,182.75,83.89
889.449,1,91,75,166,213,92.56,162.87,114.09
890.038,0,90,131,213,223,56.82,181.90,83.66
890.100,1,91,76,165,216,93.30,163.84,112.19
890.693,0,90,130,213,224,57.93,182.76,84.00
890.770,1,90,75,165,218,94.05,165.10,112.63
891.297,0,89,131,213,223,56.55,182.17,84.37
891.372,1,90,77,165,219,93.51,165.47,111.03
891.952,0,89,131,212,223,56.79,181.75,84.25
892.030,1,90,77,165,219,93.51,165.47,111.03
892.604,0,90,130,218,223,56.34,184.23,84.82
892.685,1,90,78,164,219,93.25,164.96,110.15
893.207,0,91,128,234,223,54.68,191.36,87.27
893.289,1,92,78,164,221,94.69,165.48,108.65
893.877,0,90,128,237,223,53.88,192.91,88.40
894.532,0,91,129,250,223,50.97,198.22,88.59
894.602,1,93,77,163,223,96.39,165.84,108.03
895.126,0,91,129,252,224,51.24,199.94,88.79
895.205,1,92,77,164,224,96.18,167.01,108.42
895.782,0,91,129,247,224,52.07,197.65,88.09
895.859,1,91,76,166,225,96.23,168.68,109.72
896.439,0,90,129,247,224,51.85,197.87,88.87
896.516,1,91,76,167,224,95.71,168.65,110.26
897.037,0,91,128,257,224,51.40,202.64,90.35
897.125,1,90,75,168,225,95.95,169.85,111.34
897.712,0,91,128,252,224,52.13,200.27,89.58
897.788,1,89,74,168,225,96.00,170.09,112.43
898.365,0,91,128,249,224,52.60,198.88,89.13
898.442,1,88,74,169,225,95.45,170.75,113.14
898.973,0,89,129,250,224,51.15,199.46,90.08
899.048,1,89,73,170,226,96.46,171.52,113.37
899.618,0,89,128,247,225,53.05,199.17,90.33
899.698,1,89,74,170,226,96.02,171.48,112.71
900.286,0,88,128,246,225,52.99,198.92,90.97
900.350,1,88,76,172,225,94.10,172.02,112.68
900.885,0,89,128,257,226,52.25,204.73,91.98
900.955,1,89,77,171,226,94.55,171.81,111.01
901.536,0,88,128,256,225,51.56,203.62,92.62
901.606,1,89,77,170,226,94.71,171.36,110.74
902.202,0,88,128,249,224,51.96,199.52,91.51
902.273,1,90,78,170,226,94.65,171.10,109.62
902.803,0,89,128,243,224,53.14,196.57,89.84
902.878,1,89,77,170,225,94.36,170.87,111.01
903.464,0,89,128,239,224,53.82,194.77,89.28
903.541,1,89,77,169,224,94.17,169.92,111.03
904.111,0,91,128,259,223,50.49,202.75,90.68
904.191,1,89,76,170,223,94.10,169.93,112.23
904.786,0,91,129,254,223,50.31,200.05,89.13
904.863,1,89,78,169,222,93.03,168.89,110.95
905.365,0,92,130,247,224,51.44,197.12,86.59
905.436,1,91,78,169,222,93.79,168.46,110.03
906.016,1,90,77,168,221,93.68,167.79,111.18
906.686,0,92,131,236,225,53.30,192.69,84.42
906.761,1,90,77,168,220,93.33,167.30,111.49
907.345,0,92,131,232,225,54.12,190.93,83.95
907.413,1,90,76,167,220,93.95,166.91,111.88
907.922,0,92,131,230,225,54.53,190.05,83.71
908.000,1,90,77,168,220,93.33,167.30,111.49
908.590,0,92,131,227,225,55.17,188.74,83.37
908.666,1,91,78,167,220,93.43,166.57,110.13
909.239,0,92,132,227,225,54.45,188.51,82.75
909.318,1,91,77,167,220,93.88,166.63,110.78
909.892,0,91,132,224,224,54.36,186.77,83.34
909.968,1,91,78,166,219,93.26,165.63,110.19
910.504,0,92,132,222,224,55.07,185.66,82.41
910.570,1,91,77,166,220,94.05,166.18,110.53
911.161,0,91,132,221,224,55.04,185.49,83.01
911.237,1,91,76,167,220,94.32,166.69,111.43
911.819,0,91,132,223,224,54.59,186.34,83.23
911.896,1,91,76,166,220,94.49,166.24,111.18
912.409,0,91,131,221,223,55.24,185.03,83.84
912.490,1,92,75,165,219,95.14,165.14,111.45
913.072,0,90,131,220,223,55.21,184.86,84.44
913.147,1,92,75,166,220,95.31,166.08,111.39
913.730,0,91,131,220,224,55.95,185.28,83.50
913.806,1,92,75,165,220,95.48,165.63,111.14
914.329,0,91,131,217,226,57.58,185.33,82.71
914.405,1,91,74,165,221,95.89,166.39,111.92
914.983,0,91,131,217,232,60.45,189.31,81.54
915.058,1,92,73,166,224,97.57,168.13,111.53
915.638,0,91,131,216,230,59.71,187.54,81.77
915.713,1,92,74,166,234,100.68,172.87,108.29
916.310,0,91,130,218,229,59.47,187.99,82.84
916.384,1,92,75,166,243,103.50,177.05,105.70
916.894,1,91,75,165,241,102.50,175.83,106.26
917.542,0,92,129,217,227,59.68,186.17,83.02
917.627,1,90,76,164,240,101.46,175.06,105.99
918.225,0,92,129,216,226,59.41,185.06,83.11
918.303,1,90,74,165,239,101.78,175.12,107.76
918.814,0,92,130,216,231,61.14,188.16,81.50
919.473,0,93,130,212,233,63.23,187.39,79.91
919.549,1,90,74,166,238,101.27,175.13,108.25
920.144,0,93,130,212,236,64.65,189.32,79.41
920.223,1,90,74,166,238,101.27,175.13,108.25
920.738,0,94,130,210,237,65.85,188.77,78.28
920.815,1,92,74,168,240,102.53,176.64,107.51
921.397,0,92,129,209,237,66.05,188.99,80.10
921.474,1,91,75,167,239,101.47,175.86,107.22
921.999,0,92,129,209,240,67.44,190.87,79.64
922.077,1,89,78,165,237,98.97,174.26,106.06
922.650,0,94,130,208,243,69.08,191.59,77.10
922.731,1,89,77,162,231,97.79,170.08,107.37
923.302,0,93,123,203,237,71.27,187.01,82.28
923.385,1,92,82,157,223,94.99,162.97,104.00
923.994,0,99,122,190,231,73.99,175.90,78.49
924.070,1,111,88,158,213,95.75,152.92,95.29
924.572,0,110,122,180,221,75.84,162.20,73.87
924.650,1,119,98,149,204,92.96,140.31,88.44
925.246,0,120,124,170,211,76.61,148.27,70.49
925.322,1,160,103,135,197,107.44,116.69,75.73
925.839,0,134,126,153,205,83.51,132.07,65.66
925.918,1,169,112,123,190,107.66,102.37,73.32
926.493,0,152,136,138,198,87.38,112.44,58.14
926.578,1,191,125,113,183,109.41,82.99,67.11
927.159,0,192,152,127,193,94.16,83.80,43.11
927.236,1,201,144,107,175,102.43,65.55,61.68
927.761,0,202,192,125,186,76.56,57.97,30.67
927.839,1,212,160,108,169,94.79,51.23,56.35
928.416,0,213,211,129,173,63.72,37.96,31.70
928.492,1,219,176,116,161,81.92,38.98,52.86
929.071,0,222,226,139,163,49.90,23.68,33.23
929.147,1,221,188,124,153,70.11,30.85,53.08
929.739,0,223,232,148,146,36.72,14.74,44.73
929.817,1,221,199,130,147,60.52,24.94,53.71
930.334,0,218,234,158,130,24.19,13.12,57.35
930.408,1,224,210,132,146,55.82,18.49,51.61
930.991,0,206,226,163,128,20.37,25.15,60.69
931.052,1,216,208,133,145,53.80,24.44,52.95
931.656,0,189,211,168,134,20.54,45.89,60.88
931.736,1,207,200,140,147,50.48,36.37,52.46
932.245,0,173,197,166,147,28.18,66.01,57.86
932.303,1,202,209,144,151,44.49,39.23,47.29
932.903,0,161,182,162,169,42.37,87.61,50.40
932.970,1,197,199,138,155,52.53,46.25,48.36
933.558,0,150,170,158,206,63.70,116.13,38.12
933.638,1,192,194,135,158,56.38,51.62,48.91
934.223,0,146,156,153,227,82.55,131.89,37.59
934.287,1,191,187,126,165,67.08,55.32,47.97
934.803,0,145,148,146,247,99.61,142.01,36.68
934.874,1,189,183,120,170,73.80,58.33,47.63
935.464,0,143,145,140,241,99.55,137.10,40.99
935.552,1,188,181,115,174,78.96,59.79,47.14
936.136,0,143,141,137,233,98.72,132.37,45.60
936.210,1,189,177,113,177,83.16,61.55,46.96
936.715,0,142,135,133,228,100.37,129.61,51.01
936.800,1,188,174,110,179,86.72,63.04,47.84
937.396,0,141,128,130,225,102.99,128.59,56.34
937.459,1,187,172,107,180,89.47,63.62,49.04
938.048,0,139,125,126,223,104.16,126.92,59.66
938.123,1,186,171,107,181,90.02,64.95,49.01
938.644,0,136,123,123,221,104.09,125.88,62.64
938.720,1,187,170,103,183,93.85,64.27,49.22
939.325,0,136,118,121,231,111.38,130.63,62.39
939.390,1,188,169,103,184,94.91,64.68,48.84
939.980,0,137,114,118,223,111.10,125.82,67.16
940.057,1,188,169,102,186,96.34,65.26,48.01
940.564,0,137,111,116,227,114.79,127.21,67.80
940.636,1,189,169,100,187,98.20,64.50,47.89
941.237,0,139,109,115,221,114.26,123.71,70.51
941.313,1,190,168,99,187,99.43,64.03,48.44
941.886,0,139,108,114,217,113.34,121.57,72.58
941.962,1,187,165,100,186,98.83,66.39,50.44
942.485,0,137,109,116,238,120.41,132.56,65.81
942.553,1,186,164,101,187,98.82,68.08,50.15
943.156,0,135,109,118,245,121.90,137.42,64.40
943.236,1,184,163,101,187,98.69,69.32,50.95
943.810,0,135,116,117,239,116.74,132.86,61.91
943.890,1,182,154,93,189,107.06,70.95,56.75
944.398,0,134,126,119,236,110.07,130.89,57.29
944.490,1,176,147,101,183,101.39,76.24,61.87
945.082,0,132,125,122,234,107.61,132.45,58.75
945.162,1,171,139,105,178,99.28,80.05,68.49
945.749,0,132,124,125,233,106.49,133.78,59.35
945.813,1,168,131,114,173,95.48,84.88,74.07
946.325,0,131,128,129,229,101.06,133.45,58.46
946.402,1,165,133,119,175,91.99,88.45,71.35
946.995,0,125,133,142,227,90.63,140.08,58.10
947.071,1,161,128,120,173,91.95,90.86,76.00
947.646,0,118,138,148,220,80.35,140.80,60.84
947.726,1,154,126,117,169,90.93,91.02,81.67
948.301,0,115,145,155,214,70.70,140.45,61.16
948.369,1,149,121,117,168,91.40,93.76,86.15
948.906,0,111,151,175,208,56.05,145.84,63.37
948.975,1,146,117,116,167,92.42,95.03,89.78
949.561,0,108,157,179,206,49.54,146.12,63.59
949.640,1,144,113,117,166,92.84,96.66,92.99
950.231,0,104,160,190,202,40.78,148.85,67.18
950.293,1,141,111,116,164,92.64,96.97,96.05
950.836,0,104,162,193,202,38.40,149.49,66.63
950.900,1,137,108,115,163,92.85,98.34,99.17
951.490,0,104,166,192,198,34.92,145.87,67.09
951.573,1,138,112,112,165,93.30,96.79,95.71
952.142,0,103,168,194,198,32.72,146.55,67.19
952.221,1,137,109,108,164,95.66,95.87,98.39
952.748,0,103,173,198,197,27.70,146.23,66.43
952.836,1,138,110,105,165,97.14,94.52,97.32
953.416,0,104,182,203,192,18.48,142.47,66.47
953.496,1,137,112,104,168,97.32,95.30,94.77
954.002,0,103,189,207,182,8.86,136.78,71.96
954.086,1,137,112,103,173,99.26,96.97,92.10
954.685,0,101,195,212,175,0.55,133.96,77.54
954.751,1,135,112,103,175,99.21,98.54,91.37
955.342,0,99,199,225,167,-10.88,133.09,87.26
955.421,1,134,112,103,179,100.13,100.58,89.46
955.930,0,98,200,231,160,-16.35,131.02,95.43
955.994,1,132,112,103,181,100.08,102.15,88.81
956.604,0,105,200,233,153,-18.94,124.23,97.53
956.679,1,132,112,103,182,100.41,102.57,88.31
957.268,0,117,202,233,147,-21.15,114.50,94.88
957.336,1,133,113,104,184,100.59,103.27,86.49
957.843,0,117,202,233,142,-22.03,112.01,99.58
957.923,1,133,114,103,183,100.29,102.20,86.56
958.511,0,111,204,235,138,-24.59,113.43,107.99
958.593,1,135,115,103,186,101.59,102.53,84.16
959.177,0,105,203,236,136,-24.52,116.08,114.62
959.245,1,135,115,104,186,101.17,102.97,84.04
959.756,0,104,202,236,133,-24.17,115.40,118.46
959.836,1,133,117,102,186,100.54,102.39,83.63
960.436,0,116,202,235,126,-24.81,105.65,117.24
960.507,1,134,113,106,186,100.77,104.63,85.09
961.079,0,123,207,233,113,-26.78,95.05,124.28
961.159,1,132,112,110,186,98.81,107.32,85.68
961.742,0,132,214,233,98,-29.79,82.92,133.34
961.810,1,131,114,115,182,94.24,107.66,86.45
962.337,0,139,223,235,85,-33.60,72.88,142.53
962.416,1,130,118,126,176,85.66,109.04,87.10
962.989,0,145,232,237,74,-36.66,64.07,150.15
963.069,1,129,123,131,175,80.69,109.89,85.08
963.643,0,151,239,238,63,-37.59,55.42,157.20
963.724,1,129,126,135,175,77.61,110.82,83.36
964.253,0,151,241,239,59,-37.57,53.75,160.74
964.327,1,130,128,139,183,78.02,115.51,77.39
964.907,0,145,238,231,72,-36.05,60.49,146.31
964.990,1,131,128,139,199,84.44,123.24,69.16
965.570,0,140,226,217,89,-26.29,68.45,125.85
965.636,1,131,128,138,196,83.65,121.27,70.60
966.159,0,138,215,205,105,-15.08,74.78,108.43
966.240,1,129,123,135,196,86.52,121.80,74.09
966.833,0,135,208,198,114,-7.48,79.81,100.83
966.908,1,126,126,137,192,81.84,121.13,75.42
967.492,0,138,0,194,116,27.41,92.21,120.18
967.566,1,125,129,136,187,78.74,117.97,76.79
968.093,0,146,209,201,98,-9.75,67.87,110.96
968.169,1,126,131,139,178,73.72,113.93,80.08
968.748,0,154,218,208,82,-16.99,57.33,123.34
968.823,1,126,131,137,171,72.32,109.76,84.12
969.409,0,159,223,211,73,-19.84,51.07,130.26
969.485,1,128,129,134,166,73.58,105.89,87.48
970.017,0,152,216,202,90,-13.05,60.06,114.64
970.093,1,130,122,131,168,79.24,106.42,89.37
970.678,0,148,199,189,111,2.83,70.85,97.46
970.754,1,135,120,121,171,86.84,102.37,87.80
971.345,0,147,183,175,149,25.45,88.54,69.49
971.421,1,141,122,116,191,96.98,106.79,75.00
971.936,0,147,173,166,162,39.35,95.16,63.17
972.018,1,145,133,116,187,92.05,100.75,70.26
972.598,0,151,167,162,170,48.06,97.82,58.46
972.677,1,146,140,113,185,90.07,96.32,68.06
973.265,0,153,162,156,184,59.73,103.92,51.46
973.335,1,152,145,113,181,88.29,90.68,66.31
973.854,0,150,157,151,205,73.40,116.57,44.43
973.935,1,162,149,114,179,88.16,84.81,62.93
974.522,0,150,160,148,222,81.60,123.87,36.42
974.598,1,169,150,113,176,89.02,79.69,62.80
975.157,0,147,160,145,218,80.00,121.46,39.43
975.240,1,175,153,113,173,88.14,74.66,61.93
975.766,0,145,162,148,227,81.33,128.11,35.70
975.841,1,176,154,113,172,87.59,73.40,61.90
976.428,0,146,159,146,223,82.14,125.40,38.26
976.490,1,188,157,115,171,87.63,67.20,58.20
977.089,0,145,157,145,218,80.83,123.16,41.53
977.164,1,190,162,118,169,83.43,64.48,56.21
977.692,0,145,151,142,234,93.04,132.08,39.06
977.758,1,199,159,117,175,89.68,64.17,51.92
978.355,0,147,147,137,229,95.42,127.22,42.39
978.429,1,195,164,122,174,83.30,65.36,49.98
979.005,0,146,152,136,223,90.13,122.54,42.51
979.090,1,187,169,128,169,73.87,66.89,51.68
979.610,0,141,153,137,220,85.97,123.14,44.88
979.688,1,176,177,134,165,63.03,69.71,53.03
980.260,0,138,155,138,217,82.13,122.70,46.17
980.340,1,171,178,138,163,58.44,72.36,54.74
980.925,0,134,158,140,214,77.09,122.92,47.46
980.991,1,166,179,142,162,54.22,75.53,55.99
981.527,0,132,158,140,211,75.13,122.18,49.50
981.597,1,161,181,146,163,50.24,79.40,55.79
982.176,0,131,158,139,207,73.58,120.07,51.67
982.246,1,160,181,147,163,49.44,80.27,56.03
982.848,0,134,161,135,205,74.23,115.21,50.40
982.911,1,177,183,146,161,51.94,69.13,51.80
983.452,0,138,170,140,199,66.36,110.12,47.68
983.530,1,176,187,154,158,44.02,69.38,52.15
984.116,0,140,175,147,199,60.97,110.75,44.53
984.192,1,172,187,153,157,43.57,70.80,54.12
984.780,0,141,179,157,198,53.63,112.68,42.66
984.858,1,167,194,157,155,36.44,71.64,54.85
985.383,0,139,180,164,199,49.34,116.70,42.45
985.446,1,161,192,161,170,38.63,84.66,46.92
986.048,0,136,181,169,198,45.03,119.24,43.94
986.106,1,158,190,162,168,37.66,86.20,49.84
986.693,0,134,183,173,196,40.57,120.02,45.30
986.772,1,156,189,163,166,36.45,86.88,52.17
987.297,0,132,184,179,193,35.18,121.20,47.70
987.361,1,153,184,174,164,31.08,92.46,56.01
987.942,0,130,186,183,191,30.76,121.91,49.39
988.015,1,149,187,174,161,27.95,92.17,58.90
988.590,0,129,188,188,190,26.41,123.02,50.18
988.675,1,148,188,179,160,24.02,93.44,59.94
989.269,0,129,191,190,189,23.32,122.33,50.10
989.345,1,147,188,177,156,23.83,91.30,63.11
989.857,0,129,190,185,188,26.18,120.31,50.63
989.920,1,150,191,173,152,24.13,85.60,63.80
990.527,0,133,188,179,183,29.36,113.90,51.80
990.602,1,181,196,171,148,26.97,63.49,54.85
991.127,0,136,188,175,180,31.05,109.32,52.02
991.191,1,182,201,169,147,25.99,60.13,54.26
991.789,0,136,185,173,197,40.41,119.07,43.19
991.860,1,181,205,165,146,26.49,57.75,54.54
992.445,0,135,186,171,193,39.08,116.25,45.50
992.511,1,181,210,161,147,27.35,55.38,52.82
993.035,0,135,188,169,189,37.56,112.71,47.10
993.119,1,181,212,160,147,27.20,54.41,52.44
993.698,0,134,190,168,207,44.29,122.48,37.53
993.766,1,179,213,158,147,27.76,54.72,52.80
994.351,0,135,193,167,223,50.79,130.04,28.82
994.426,1,181,213,157,146,28.56,52.69,53.11
995.014,0,136,192,166,216,48.87,125.32,31.73
995.095,1,183,214,158,146,27.86,51.39,52.39
995.603,0,136,192,164,222,52.69,127.94,29.14
995.685,1,184,217,158,146,26.85,49.74,51.55
996.269,0,137,193,165,221,51.48,127.03,28.74
996.335,1,184,219,158,145,25.81,48.60,51.94
996.937,0,137,195,163,214,48.31,121.54,31.26
997.013,1,184,220,157,145,26.10,47.96,51.78
997.522,0,136,194,161,209,47.41,118.64,34.43
997.602,1,184,222,155,145,26.70,46.67,51.49
998.190,0,145,189,158,208,53.57,113.82,32.60
998.258,1,182,217,152,150,31.60,51.05,49.29
998.869,0,145,187,155,209,56.65,113.72,32.94
998.936,1,179,214,148,169,40.70,61.98,37.34
999.447,0,142,185,152,207,57.49,113.38,36.00
999.520,1,177,213,148,166,39.67,62.02,40.15
1000.108,0,149,181,149,202,60.83,107.19,37.17
1000.172,1,178,208,146,165,42.92,61.96,41.95
1000.776,0,153,178,145,199,64.23,102.89,38.57
1000.839,1,180,209,143,162,43.94,57.92,43.62
1001.425,0,156,174,141,195,67.38,98.91,41.42
1001.490,1,183,206,142,159,45.49,55.37,45.89
1002.012,0,157,172,138,194,69.79,97.31,42.71
1002.091,1,189,207,139,159,48.36,50.41,44.78
1002.679,0,157,172,136,193,70.45,95.95,43.49
1002.748,1,193,207,138,160,50.19,48.15,43.43
1003.336,0,157,173,133,192,71.22,93.88,44.05
1003.415,1,197,206,136,158,52.13,44.45,44.76
1003.922,0,157,173,131,192,72.32,93.05,44.34
1004.000,1,201,205,135,157,53.71,41.57,45.29
1004.605,0,157,172,128,191,74.00,91.61,45.69
1004.683,1,207,206,135,157,54.59,37.44,44.19
1005.254,0,156,171,126,192,75.67,92.05,46.16
1005.336,1,212,206,135,158,55.95,34.79,42.78
1005.843,0,157,170,124,192,77.49,91.06,46.56
1005.922,1,217,204,133,160,59.72,32.86,41.54
1006.508,0,160,167,123,192,80.19,90.21,47.03
1006.588,1,223,203,134,159,60.30,29.21,41.70
1007.176,0,159,170,124,191,77.64,89.64,46.49
1007.240,1,227,202,133,159,62.15,26.75,41.84
1007.827,0,160,166,122,191,80.76,89.61,48.12
1007.891,1,232,201,133,159,63.52,23.91,41.70
1008.415,0,160,163,121,191,82.60,90.13,49.52
1008.495,1,235,200,134,159,63.77,22.65,41.45
1009.086,0,160,160,122,190,82.96,90.99,51.10
1009.160,1,234,200,134,159,63.57,23.32,41.51
1009.736,0,161,159,121,190,84.22,90.44,51.42
1009.808,1,236,202,134,158,62.98,20.53,41.88
1010.335,0,158,162,124,190,80.45,92.09,50.50
1010.412,1,228,200,130,158,64.79,25.58,43.84
1010.985,0,156,163,128,204,83.34,101.52,43.15
1011.064,1,230,199,129,159,66.55,24.97,43.38
1011.649,0,153,165,131,213,84.05,108.24,38.85
1011.728,1,225,193,121,162,74.05,30.04,45.10
1012.253,0,151,159,128,218,89.97,112.04,40.51
1012.340,1,221,189,115,180,85.67,42.04,35.14
1012.918,0,155,154,127,227,98.60,116.07,38.34
1012.997,1,230,185,114,183,91.06,40.26,33.31
1013.582,0,156,147,125,241,110.31,123.80,37.50
1013.652,1,226,185,114,181,89.30,41.34,35.23
1014.173,0,157,148,123,233,107.03,118.07,39.37
1014.253,1,219,187,115,176,84.27,41.87,38.76
1014.825,0,165,152,115,224,107.46,105.29,39.76
1014.905,1,217,207,115,174,75.96,33.15,35.31
1015.485,0,173,158,114,216,104.10,95.77,38.11
1015.555,1,214,212,114,171,73.16,30.97,36.94
1016.098,0,175,161,112,246,120.53,107.94,26.64
1016.172,1,219,211,115,168,72.89,27.15,38.66
1016.760,0,176,161,111,249,123.11,108.48,25.88
1016.839,1,220,215,116,160,68.52,21.18,43.64
1017.425,0,180,165,108,0,77.43,51.62,79.86
1018.032,0,180,168,106,267,134.37,110.36,18.70
1018.109,1,218,223,123,125,52.78,6.08,69.78
1018.689,0,181,167,106,261,131.82,107.52,20.26
1018.760,1,214,231,131,109,41.56,2.24,80.59
1019.348,0,182,166,105,260,132.63,106.44,21.09
1019.426,1,214,232,140,97,33.91,0.25,89.85
1019.936,0,181,167,103,265,135.53,107.62,20.30
1020.012,1,210,233,145,86,28.59,0.82,98.76
1020.600,0,180,167,102,263,134.38,106.47,21.20
1020.679,1,208,233,149,78,25.21,1.14,105.54
1021.252,0,181,166,102,266,137.00,107.81,20.93
1021.330,1,207,233,154,70,21.64,1.15,112.45
1021.854,0,182,167,100,254,131.13,100.43,23.49
1021.918,1,203,234,160,63,16.38,3.49,118.10
1022.520,0,186,167,95,245,130.23,92.01,26.76
1022.598,1,197,233,166,60,11.32,8.67,120.78
1023.186,0,192,173,92,233,124.94,80.37,27.66
1023.260,1,193,229,168,57,10.78,12.47,124.35
1023.791,0,197,180,92,220,116.78,69.39,28.71
1023.869,1,192,230,174,51,6.80,13.11,130.04
1024.459,0,220,194,93,209,111.71,47.83,24.63
1024.534,1,194,235,179,42,3.19,9.95,137.72
1025.054,0,244,204,98,201,106.84,27.73,21.59
1025.134,1,197,238,181,48,0.59,8.45,132.02
1025.684,0,268,216,106,192,99.04,3.38,21.93
1025.750,1,199,242,182,53,-1.73,6.97,127.11
1026.340,0,265,223,105,185,94.06,-2.74,27.24
1026.415,1,199,256,193,59,-14.84,6.58,122.81
1026.998,0,272,223,107,182,93.27,-9.01,29.81
1027.072,1,205,262,189,66,-13.49,0.82,115.07
1027.665,0,278,219,103,200,106.87,-1.13,17.25
1027.741,1,223,260,178,81,-1.00,-11.45,100.67
1028.252,0,265,213,99,197,106.40,8.04,21.57
1028.332,1,228,256,160,102,15.45,-12.31,81.56
1028.904,0,256,207,95,195,107.62,14.62,25.85
1028.992,1,231,245,142,112,34.15,-11.58,75.84
1029.515,0,247,202,90,202,113.90,24.95,24.88
1029.602,1,249,239,123,120,57.11,-24.05,78.14
1030.188,0,241,197,84,200,116.80,27.67,30.64
1030.265,1,273,235,112,128,77.05,-39.73,85.43
1030.859,0,235,194,79,202,120.48,31.57,33.20
1030.936,1,273,231,105,136,83.86,-36.32,79.76
1031.457,0,231,191,77,203,122.22,34.78,34.86
1031.545,1,281,227,96,142,95.94,-39.54,82.75
1032.124,0,226,189,74,204,123.98,37.46,36.93
1032.192,1,281,224,88,147,103.07,-37.05,81.25
1032.724,0,223,186,71,204,126.01,39.07,39.73
1032.788,1,278,221,81,152,108.09,-32.28,77.71
1033.392,0,221,186,68,205,127.81,39.27,40.95
1033.471,1,277,218,75,155,113.10,-29.57,77.49
1034.044,0,219,186,65,205,129.09,38.97,42.70
1034.127,1,282,217,71,158,118.80,-31.66,79.27
1034.710,0,217,182,64,205,130.44,41.18,44.83
1034.773,1,298,215,68,160,129.81,-40.75,90.41
1035.312,0,216,183,62,203,130.09,39.50,46.63
1035.392,1,299,216,64,162,132.88,-40.49,89.47
1035.980,0,218,184,58,205,133.64,37.58,47.25
1036.061,1,305,214,56,167,142.24,-40.44,91.00
1036.580,0,220,181,50,211,142.66,37.51,49.88
1036.644,1,317,211,48,172,154.20,-41.79,94.71
1037.254,0,227,178,40,218,154.53,35.11,53.75
1037.335,1,324,209,38,181,165.27,-39.38,91.81
1037.848,0,235,177,30,227,166.87,32.13,57.16
1037.936,1,335,212,34,185,172.06,-41.98,90.58
1038.521,0,243,175,22,236,178.04,29.97,60.82
1038.602,1,337,217,31,188,174.20,-42.68,87.12
1039.186,0,249,174,18,240,183.64,27.92,63.13
1039.253,1,341,217,27,192,178.83,-41.57,85.42
1039.767,0,254,173,15,244,188.29,26.44,64.88
1039.843,1,330,219,24,193,176.29,-37.52,81.98
1040.420,0,259,172,13,248,192.40,25.31,66.04
1040.492,1,320,232,21,195,173.37,-37.11,75.93
1041.095,0,264,171,10,252,196.24,23.47,67.76
1041.174,1,314,232,18,197,173.74,-33.67,74.36
1041.689,0,267,170,8,253,197.71,22.06,69.17
1041.762,1,306,228,17,199,172.99,-28.99,73.17
1042.361,0,270,169,5,256,199.68,20.45,70.49
1042.436,1,297,249,16,198,168.05,-32.90,68.43
1042.975,0,273,168,5,257,200.97,20.14,70.75
1043.052,1,299,241,15,200,170.94,-30.20,69.62
1043.641,0,277,167,4,258,202.34,18.99,71.45
1043.717,1,294,246,13,200,170.02,-29.58,68.57
1044.242,0,280,166,2,260,203.48,17.78,72.13
1044.309,1,307,241,11,201,175.77,-31.13,71.20
1044.913,0,279,167,0,260,184.54,67.59,14.77
1044.987,1,314,234,10,207,181.57,-29.56,71.47
1045.582,0,278,166,0,261,184.89,69.98,14.59
1045.653,1,309,227,8,214,184.84,-23.71,70.32
1046.162,0,278,166,0,260,184.40,68.88,15.14
1046.236,1,306,223,7,218,186.56,-20.33,69.70
1046.831,0,278,166,2,260,202.99,18.34,72.04
1046.899,1,304,218,4,225,190.71,-15.61,69.37
1047.469,0,278,166,3,261,203.57,19.07,71.52
1047.536,1,303,214,2,230,193.56,-12.35,69.54
1048.124,0,278,166,3,261,203.57,19.07,71.52
1048.187,1,302,210,1,234,195.53,-9.66,69.71
1048.726,0,277,165,3,261,203.36,19.71,71.72
1048.793,1,301,208,1,237,196.67,-8.12,69.33
1049.391,0,278,165,3,261,203.61,19.43,71.77
1049.473,1,301,205,0,240,156.58,15.05,3.73
1050.056,0,278,164,4,261,203.88,20.33,71.72
1050.136,1,300,203,1,242,198.85,-5.10,69.10
1050.684,0,278,164,5,263,204.83,21.26,71.02
1050.756,1,298,202,0,244,158.29,23.02,0.74
1051.282,0,278,164,5,264,205.20,21.45,70.83
1051.361,1,296,201,1,249,200.83,-1.92,67.72
1051.946,0,276,165,5,263,204.24,21.48,70.62
1052.019,1,297,199,1,253,202.77,-0.72,67.35
1052.574,0,277,165,4,262,203.93,20.45,71.21
1052.641,1,295,200,1,254,202.61,-0.33,66.81
1053.226,0,276,165,3,262,203.47,20.18,71.48
1053.292,1,294,197,2,254,202.72,1.31,66.80
1053.881,0,277,165,3,285,212.00,24.43,67.13
1053.956,1,294,195,3,256,203.81,2.75,66.26
1054.549,0,277,164,4,298,216.86,28.04,64.73
1054.621,1,294,195,2,262,205.98,3.61,65.63
1055.131,0,277,164,3,292,214.50,26.23,66.09
1055.209,1,295,195,2,265,207.37,3.90,65.10
1055.796,0,279,163,3,285,212.57,24.56,67.75
1055.874,1,291,191,1,264,206.07,5.99,66.46
1056.410,0,280,164,5,281,211.91,24.19,67.74
1056.491,1,291,190,2,260,204.84,5.96,66.98
1057.086,0,280,165,5,277,210.44,23.03,68.21
1057.161,1,295,189,2,254,203.59,4.02,68.66
1057.748,0,280,167,4,273,208.66,20.99,68.73
1057.826,1,291,187,3,249,200.96,5.42,69.24
1058.357,0,280,168,3,271,207.64,19.71,69.18
1058.433,1,289,185,5,247,199.97,7.30,68.67
1059.010,0,279,168,4,269,206.89,20.15,69.17
1059.085,1,288,185,5,247,199.68,7.61,68.59
1059.669,0,277,168,5,269,206.58,21.27,68.71
1059.746,1,285,185,5,254,201.76,9.82,67.21
1060.274,0,277,167,5,268,206.26,21.43,69.17
1060.336,1,286,185,4,254,201.93,9.05,67.89
1060.922,0,275,168,5,267,205.30,21.47,68.96
1060.987,1,284,184,4,257,202.66,10.58,67.47
1061.573,0,274,168,5,285,211.60,25.33,65.54
1061.653,1,292,184,5,263,207.33,9.74,66.50
1062.192,0,274,168,6,279,209.65,24.67,66.30
1062.258,1,294,188,5,277,212.87,10.36,63.03
1062.847,0,273,169,6,274,207.48,23.61,66.87
1062.924,1,298,205,3,276,211.80,1.79,60.30
1063.442,0,272,170,7,273,206.95,23.91,66.30
1063.521,1,321,211,3,275,216.43,-7.49,60.92
1064.136,0,271,170,8,272,206.44,24.57,66.00
1064.212,1,325,209,1,278,218.11,-7.44,61.58
1064.711,0,260,167,1,255,196.46,21.49,72.35
1064.789,1,309,199,0,266,188.19,33.10,-0.05
1065.386,0,249,169,22,237,181.95,31.01,63.31
1065.465,1,288,189,7,252,201.45,7.79,65.33
1066.058,0,232,166,47,222,158.26,43.21,52.75
1066.122,1,264,176,20,238,186.19,23.39,61.22
1066.645,0,209,162,65,216,140.10,57.84,48.57
1066.723,1,251,176,31,251,185.62,36.09,50.94
1067.298,0,197,157,77,210,128.76,66.79,49.13
1067.375,1,242,170,37,240,175.35,40.69,51.78
1067.974,0,187,155,82,212,124.64,74.30,48.56
1068.049,1,233,172,40,231,165.12,40.68,51.45
1068.572,0,179,151,91,208,116.96,81.02,50.19
1068.648,1,228,169,43,225,159.72,42.58,53.09
1069.215,0,173,149,97,206,111.75,85.80,51.22
1069.305,1,224,167,46,218,153.89,43.26,54.93
1069.836,0,165,151,106,199,100.55,89.10,52.72
1069.920,1,218,165,48,215,150.20,45.69,56.23
1070.506,0,160,150,112,195,94.61,92.18,54.93
1070.575,1,212,164,48,209,145.86,45.69,59.57
1071.167,0,153,156,118,191,85.17,94.00,54.98
1071.241,1,207,160,49,205,143.31,47.75,62.88
1071.765,0,142,161,132,182,69.13,98.86,59.19
1071.836,1,200,151,54,203,140.64,54.69,65.83
1072.417,0,130,167,151,179,52.46,108.68,62.03
1072.487,1,191,140,60,200,137.21,62.80,70.37
1073.071,0,118,170,163,178,41.91,117.43,67.11
1073.150,1,182,130,68,208,137.35,75.60,69.46
1073.739,0,109,173,197,176,21.41,130.89,74.80
1073.826,1,175,121,76,208,134.44,84.18,72.05
1074.325,0,101,171,207,174,16.02,136.62,82.95
1074.409,1,170,110,80,208,134.88,90.49,77.62
1074.993,0,95,169,223,173,8.69,143.14,90.88
1075.069,1,166,102,84,208,134.62,95.53,81.62
1075.671,0,90,169,234,171,2.52,146.58,98.38
1075.748,1,162,94,89,208,134.03,100.91,85.64
1076.255,0,85,169,247,170,-4.19,150.69,106.74
1076.336,1,158,103,93,207,127.03,101.73,79.76
1076.930,0,79,171,258,171,-10.41,155.44,114.49
1077.004,1,156,110,95,206,122.29,101.35,75.74
1077.530,0,75,171,253,168,-8.37,154.41,119.00
1077.605,1,153,114,98,204,117.46,101.99,74.04
1078.193,0,73,173,277,168,-21.18,158.77,138.83
1078.273,1,150,117,100,203,113.86,102.81,72.87
1078.846,0,72,174,295,167,-13.83,167.69,200.34
1078.927,1,150,119,103,204,112.19,104.23,70.75
1079.445,0,70,175,311,165,-19.11,171.29,203.25
1079.524,1,149,119,103,204,111.81,104.57,70.95
1080.109,0,69,176,308,165,-19.71,170.53,200.36
1080.190,1,148,121,106,203,108.92,105.44,69.93
1080.772,0,67,177,306,166,-20.44,170.94,197.11
1080.843,1,148,121,107,201,107.68,105.01,70.62
1081.365,0,65,174,309,164,-19.29,171.69,197.10
1081.446,1,147,122,108,208,109.35,108.78,67.17
1082.036,0,64,174,304,165,-18.34,171.13,194.13
1082.111,1,146,115,108,209,112.28,111.18,70.86
1082.697,0,70,172,287,167,-11.64,166.07,193.94
1082.775,1,146,113,113,211,111.97,115.03,70.43
1083.295,0,74,172,275,171,-6.54,164.06,194.54
1083.385,1,147,113,112,210,112.34,113.74,70.74
1083.976,0,77,171,261,174,-10.94,158.60,114.27
1084.041,1,147,111,120,211,110.55,118.64,70.34
1084.563,0,81,170,251,180,-3.47,159.23,101.92
1084.643,1,147,110,127,211,108.40,122.34,70.03
1085.245,0,84,169,241,184,3.47,158.71,94.32
1085.307,1,148,108,130,212,109.11,124.47,70.23
1085.910,0,78,182,239,184,-3.76,158.62,96.09
1085.973,1,147,107,131,216,110.66,127.49,69.58
1086.493,0,78,177,232,179,0.89,154.71,98.94
1086.569,1,146,107,133,215,109.09,128.30,70.00
1087.165,0,75,172,228,191,9.49,163.05,93.47
1087.236,1,146,106,137,213,107.28,129.51,70.96
1087.823,0,74,170,227,187,9.69,161.03,97.07
1087.895,1,148,106,139,213,107.42,129.92,70.17
1088.410,0,71,171,233,183,5.13,161.03,103.03
1088.490,1,148,107,133,214,109.45,127.20,69.79
1089.091,0,58,171,236,187,5.05,169.07,111.40
1089.163,1,142,107,128,216,109.61,127.48,71.27
1089.752,0,43,175,239,191,3.12,177.21,120.99
1089.827,1,134,106,131,233,113.19,139.88,68.70
1090.345,0,30,181,242,195,0.65,184.47,128.73
1090.410,1,128,104,136,244,114.69,149.95,68.99
1091.033,0,19,183,244,198,0.84,190.61,135.61
1091.100,1,123,103,139,238,109.30,150.32,72.68
1091.619,0,10,186,246,200,0.39,195.54,140.63
1091.700,1,119,102,141,233,105.25,150.27,76.03
1092.288,0,2,187,249,202,0.65,200.42,144.79
1092.363,1,114,100,144,224,99.46,149.17,81.82
1092.964,0,3,191,251,204,-1.32,201.30,144.05
1093.039,1,110,99,146,225,98.10,151.96,83.83
1093.555,0,8,192,252,204,-2.91,199.39,141.48
1093.630,1,109,98,148,219,95.27,150.41,86.88
1094.214,0,13,196,252,205,-5.64,197.71,137.50
1094.291,1,108,97,149,215,93.53,149.33,89.33
1094.805,0,14,195,252,206,-5.21,197.82,136.54
1094.902,1,107,97,150,210,91.01,147.59,91.65
1095.486,0,8,187,247,205,0.72,198.85,140.58
1095.558,1,110,97,149,208,91.65,145.23,91.07
1096.086,0,7,173,237,204,9.21,196.79,140.85
1096.160,1,119,102,142,206,94.01,137.44,85.01
1096.749,0,21,156,225,207,21.34,191.52,132.44
1096.839,1,129,101,128,206,102.83,127.86,82.40
1097.420,0,38,143,212,207,33.24,184.17,122.00
1097.501,1,146,107,105,209,116.71,111.43,75.94
1098.008,0,52,133,201,204,42.68,176.22,114.98
1098.086,1,162,115,83,211,129.85,94.42,73.20
1098.673,0,64,126,191,203,50.96,169.62,108.41
1098.769,1,177,122,65,214,142.19,80.22,73.03
1099.286,0,73,118,183,201,58.60,163.98,106.01
1099.355,1,188,127,50,215,151.35,68.58,75.65
1099.945,0,82,113,177,200,64.69,159.12,102.63
1100.027,1,197,131,38,216,158.44,59.45,78.26
1100.619,0,90,108,171,199,70.67,154.49,100.41
1100.713,1,203,136,26,217,163.75,51.03,80.26
1101.224,0,97,104,164,198,76.25,149.55,98.54
1101.297,1,210,138,16,220,169.57,44.83,81.94
1101.884,0,100,99,158,199,81.57,147.37,98.86
1101.962,1,215,141,8,220,172.51,39.09,83.04
1102.479,0,104,95,156,199,85.31,145.87,99.24
1102.554,1,221,145,0,219,123.44,90.41,28.32
1103.155,0,109,91,160,199,87.84,146.67,100.03
1103.238,1,225,147,5,219,174.98,32.89,82.65
1103.757,0,111,88,162,200,89.84,147.92,100.94
1103.837,1,229,148,10,221,175.66,33.92,80.96
1104.436,0,113,85,162,200,91.97,147.79,102.14
1104.502,1,233,150,14,222,176.04,34.12,79.09
1105.044,0,114,83,163,201,93.43,148.76,102.79
1105.122,1,235,152,18,223,175.72,34.98,76.65
1105.709,0,117,81,163,201,95.47,148.23,102.97
1105.786,1,237,152,21,223,175.49,35.85,75.39
1106.375,0,119,82,158,201,96.90,145.29,100.87
1106.449,1,234,150,18,221,174.90,35.39,77.98
1106.970,0,120,97,158,193,86.91,138.38,94.03
1107.054,1,223,140,0,216,129.09,86.37,34.89
1107.638,0,119,111,166,181,72.39,132.75,92.40
1107.715,1,209,131,20,208,164.54,46.09,86.63
1108.304,0,116,119,172,175,63.08,131.07,92.98
1108.381,1,193,121,36,206,155.85,59.72,86.60
1108.906,0,106,127,186,175,51.35,137.85,94.91
1108.982,1,179,115,55,205,145.37,73.51,83.76
1109.571,0,98,140,196,177,39.33,142.56,92.97
1109.647,1,165,112,76,200,130.53,86.42,81.18
1110.162,0,87,153,200,179,29.31,146.80,93.96
1110.238,1,152,108,98,195,115.89,99.77,81.64
1110.842,0,77,179,205,181,12.23,149.23,92.17
1110.905,1,142,105,105,192,109.36,105.67,85.21
1111.498,0,70,184,209,181,7.29,152.62,96.79
1111.573,1,133,102,122,188,99.31,115.13,89.17
1112.090,0,65,189,215,183,2.35,156.78,99.55
1112.167,1,125,102,137,185,90.07,122.86,92.58
1112.764,0,61,191,217,183,0.34,158.77,102.68
1112.840,1,120,100,148,183,84.97,128.46,96.85
1113.427,0,57,194,218,184,-1.46,160.95,104.82
1113.503,1,116,99,156,180,80.65,131.62,101.23
1114.015,0,55,198,219,183,-4.17,161.10,106.52
1114.088,1,113,98,163,179,77.81,134.96,104.42
1114.694,0,55,197,222,182,-5.08,161.39,108.17
1114.770,1,111,95,170,179,76.79,138.75,108.30
1115.282,0,58,188,219,189,2.62,164.23,102.48
1115.357,1,112,100,160,179,77.43,133.81,103.22
1115.955,0,66,175,207,190,15.22,160.01,96.41
1116.028,1,114,111,155,172,71.90,125.69,99.35
1116.563,0,69,165,199,194,25.27,160.18,93.78
1116.640,1,117,126,157,164,61.94,118.29,94.83
1117.232,0,74,161,192,190,29.51,154.46,92.58
1117.307,1,121,135,160,154,54.20,110.79,95.37
1117.902,0,79,156,182,186,35.50,147.93,91.70
1117.981,1,126,145,163,147,46.89,103.93,93.57
1118.504,0,80,157,180,182,34.75,144.61,92.53
1118.570,1,126,150,161,139,43.56,98.48,97.14
1119.156,0,76,158,186,177,29.93,145.35,98.47
1119.236,1,129,162,162,129,35.77,90.19,98.55
1119.809,0,71,158,194,171,24.80,146.58,106.84
1119.890,1,133,176,169,117,24.16,81.87,102.01
1120.429,0,69,162,200,165,18.87,145.36,111.96
1120.497,1,148,190,178,99,12.77,65.83,108.35
1121.086,0,67,168,207,161,12.06,145.11,115.90
1121.163,1,156,203,186,80,2.91,53.71,120.37
1121.683,0,63,168,211,160,10.30,147.30,120.44
1121.749,1,163,211,192,66,-2.53,44.99,130.38
1122.366,0,56,181,216,161,1.81,150.52,122.42
1122.445,1,167,219,198,63,-8.89,41.13,131.93
1122.971,0,50,187,221,167,-1.96,156.68,122.87
1123.050,1,170,227,207,55,-16.06,37.38,140.47
1123.655,0,47,192,224,170,-4.97,159.72,123.06
1123.733,1,171,231,209,48,-17.35,34.47,146.82
1124.248,0,43,201,228,172,-10.26,162.66,124.41
1124.327,1,172,233,213,40,-18.20,32.33,155.48
1124.926,0,40,208,226,176,-12.07,165.03,122.43
1124.992,1,174,237,218,34,-20.31,29.64,162.22
1125.514,0,36,212,225,179,-12.72,167.85,122.70
1125.595,1,174,240,222,30,-21.79,28.47,167.15
1126.202,0,34,212,228,178,-13.59,169.00,125.58
1126.275,1,176,242,226,25,-22.21,26.03,172.23
1126.866,0,38,203,223,177,-8.21,166.15,123.00
1126.943,1,176,245,224,31,-24.85,26.67,166.51
1127.465,0,52,197,214,173,-3.54,156.14,113.54
1127.536,1,180,244,220,45,-27.16,27.19,151.19
1128.145,0,66,196,204,173,1.05,147.28,100.78
1128.222,1,177,238,206,68,-21.19,32.70,124.20
1128.751,0,81,192,189,201,18.90,151.64,72.42
1128.828,1,181,230,192,78,-9.27,31.32,110.58
1129.427,0,99,186,184,197,26.27,140.54,63.72
1129.503,1,210,226,181,86,4.94,11.61,98.25
1130.031,0,117,185,173,196,35.61,127.73,53.34
1130.093,1,217,221,172,91,14.89,7.48,94.15
1130.696,0,127,179,158,198,49.43,119.75,48.92
1130.756,1,219,216,157,101,28.33,7.44,86.85
1131.282,0,140,177,151,203,59.61,114.02,41.62
1131.354,1,221,210,146,110,39.42,8.75,81.35
1131.955,0,150,170,140,204,72.04,107.32,40.76
1132.032,1,244,201,134,121,58.07,-2.98,78.63
1132.616,0,161,166,125,218,91.72,104.31,34.76
1132.688,1,237,198,119,137,69.94,6.99,66.91
1133.203,0,172,169,112,214,98.97,90.46,34.85
1133.288,1,230,228,114,144,64.46,1.28,55.56
1133.890,0,185,177,103,208,101.81,74.85,33.76
1133.966,1,226,223,116,141,62.73,5.28,58.11
1134.550,0,206,184,97,203,106.12,57.48,31.67
1134.623,1,222,218,118,138,61.14,9.23,60.84
1135.140,0,211,195,101,193,96.01,46.68,31.42
1135.203,1,219,217,119,134,59.22,10.23,64.12
1135.809,0,212,208,110,179,79.79,36.55,33.68
1135.886,1,212,216,125,132,53.17,16.04,64.32
1136.468,0,218,222,122,171,65.21,26.81,32.21
1136.542,1,204,231,131,133,42.27,17.90,59.45
1137.045,0,211,250,144,160,34.52,21.73,32.23
1137.123,1,193,235,141,135,31.50,27.64,56.54
1137.726,0,203,278,162,154,7.49,20.04,33.66
1137.796,1,183,237,155,134,18.41,37.49,57.66
1138.468,1,179,233,164,137,13.38,45.47,56.81
1138.978,0,177,283,187,155,-19.25,46.54,39.88
1139.046,1,174,241,166,129,6.45,43.53,63.20
1139.637,0,164,267,184,154,-13.41,59.35,45.47
1139.717,1,167,232,166,131,9.00,51.74,64.81
1140.286,0,159,252,177,155,-3.01,65.39,47.05
1140.370,1,162,218,157,130,19.52,55.96,69.16
1140.886,0,155,230,163,157,15.40,70.79,49.22
1140.961,1,162,215,147,128,26.92,53.01,71.23
1141.571,0,159,214,148,159,33.25,69.06,49.82
1141.647,1,194,210,141,130,39.64,33.60,65.44
1142.170,0,164,201,134,166,50.74,68.70,48.11
1142.246,1,224,203,127,136,59.46,15.34,63.25
1142.833,0,169,190,121,172,66.45,67.69,48.22
1142.897,1,230,195,114,143,73.93,14.50,63.20
1143.439,0,181,186,107,174,80.32,58.56,48.87
1143.518,1,248,204,102,145,84.73,-3.47,66.39
1144.104,0,192,186,97,175,89.63,49.75,49.44
1144.183,1,258,219,92,143,91.34,-19.51,73.12
1144.770,0,220,194,91,172,96.16,28.33,48.53
1144.856,1,275,220,88,141,100.75,-33.03,85.42
1145.390,0,249,203,88,170,101.42,5.27,49.65
1145.464,1,275,228,85,142,101.15,-35.62,83.34
1146.048,0,254,206,83,177,107.72,2.99,46.06
1146.128,1,301,230,84,149,115.35,-51.95,93.44
1146.644,0,255,206,78,182,113.24,3.69,44.63
1146.720,1,295,226,77,156,118.74,-44.60,85.00
1147.317,0,252,203,72,185,118.46,6.96,45.86
1147.386,1,291,219,67,164,126.32,-36.52,79.73
1147.980,0,251,202,65,191,125.59,9.19,45.46
1148.057,1,307,218,58,174,142.84,-42.60,84.69
1148.555,0,251,197,54,193,134.71,9.75,51.70
1148.645,1,303,218,48,204,154.77,-27.93,55.08
1149.252,0,250,194,47,197,141.35,11.78,54.06
1149.330,1,302,214,42,226,169.84,-13.51,41.06
1149.842,0,250,194,39,197,146.39,9.78,59.25
1149.917,1,301,210,36,227,174.29,-11.06,45.08
1150.507,0,252,197,35,197,148.78,6.55,61.22
1150.582,1,299,207,28,227,178.63,-9.56,51.28
1151.188,0,259,197,31,199,153.69,3.39,63.01
1151.262,1,298,206,21,227,182.34,-9.46,56.95
1151.774,0,262,198,28,202,157.31,2.22,63.11
1151.851,1,296,204,21,227,181.89,-7.35,56.62
1152.436,0,263,201,25,204,159.81,0.65,63.38
1152.512,1,295,204,15,227,184.82,-7.55,61.46
1153.036,0,265,202,22,206,162.87,-0.38,64.22
1153.112,1,294,204,11,227,186.61,-7.33,64.60
1153.699,0,266,204,20,209,165.36,-0.94,63.61
1153.765,1,294,202,8,226,187.79,-6.74,67.57
1154.352,0,268,205,19,210,166.76,-2.03,63.75
1154.436,1,293,200,6,227,189.13,-5.17,68.88
1154.983,0,269,205,18,211,168.06,-2.22,64.00
1155.058,1,293,199,4,227,190.14,-4.69,70.59
1155.647,0,271,205,17,211,169.18,-3.15,64.87
1155.712,1,293,200,5,228,190.09,-4.89,69.37
1156.310,0,271,205,16,212,170.23,-2.91,65.05
1156.383,1,296,198,5,227,190.63,-5.36,70.32
1156.914,0,272,206,17,212,169.74,-3.70,64.27
1156.989,1,296,198,6,227,190.18,-5.40,69.53
1157.567,0,273,207,17,214,170.75,-3.92,63.16
1157.637,1,296,199,6,227,190.10,-5.83,69.42
1158.217,0,274,208,17,215,171.35,-4.47,62.59
1158.300,1,298,197,5,226,190.81,-5.91,71.04
1158.826,0,275,208,17,215,171.60,-4.90,62.69
1158.901,1,300,196,5,227,192.00,-5.92,71.17
1159.475,0,275,209,17,215,171.51,-5.36,62.55
1159.541,1,302,196,4,228,193.46,-6.23,71.92
1160.128,0,276,209,16,216,172.83,-5.52,62.87
1160.195,1,301,197,4,227,192.60,-6.55,71.91
1160.719,0,276,210,15,217,173.80,-5.72,62.97
1160.803,1,302,197,5,228,193.03,-6.76,71.10
1161.396,0,277,211,15,216,173.54,-6.89,63.44
1161.458,1,303,197,6,228,192.99,-7.23,70.57
1162.060,0,277,211,14,217,174.60,-6.62,63.67
1162.121,1,304,197,7,228,192.94,-7.70,70.06
1162.648,0,277,211,14,218,175.05,-6.32,63.20
1162.726,1,303,198,6,228,192.90,-7.65,70.45
1163.308,0,278,211,14,217,174.87,-7.03,63.79
1163.386,1,303,198,6,228,192.90,-7.65,70.45
1163.979,0,278,211,15,217,174.25,-7.00,63.06
1164.053,1,303,196,6,227,192.56,-7.10,71.00
1164.579,1,304,196,5,228,193.75,-7.03,71.59
1165.232,0,278,211,17,218,173.48,-6.57,61.09
1165.302,1,305,198,7,228,193.19,-8.50,70.18
1165.893,0,278,210,16,218,174.18,-6.17,61.96
1165.967,1,307,197,8,228,193.62,-8.96,70.10
1166.502,0,278,210,18,218,172.96,-6.02,60.46
1166.575,1,306,198,8,227,192.61,-9.33,70.07
1167.161,0,278,208,17,217,173.30,-5.51,61.98
1167.239,1,303,196,6,228,193.08,-6.80,70.69
1167.821,0,274,203,14,217,174.59,-1.79,64.59
1167.897,1,297,192,3,227,192.23,-3.11,72.78
1168.432,0,268,199,14,217,173.66,2.41,65.02
1168.508,1,292,189,0,233,162.69,21.73,19.62
1169.086,0,263,197,12,218,174.42,5.10,66.40
1169.165,1,293,187,0,232,166.23,20.02,24.40
1169.678,0,265,197,10,218,176.04,4.03,67.92
1169.757,1,292,187,1,232,194.20,1.31,73.85
1170.383,0,276,197,11,214,176.20,-1.03,69.38
1170.457,1,291,187,3,229,192.08,1.53,72.65
1170.961,0,279,197,17,209,171.12,-3.54,68.13
1171.040,1,284,184,2,225,189.23,3.70,74.96
1171.613,0,272,198,22,207,165.42,-1.20,64.96
1171.699,1,274,181,5,221,184.30,7.71,74.67
1172.304,0,261,194,32,203,155.70,5.79,60.54
1172.381,1,261,173,9,215,178.27,14.31,76.54
1172.889,0,252,188,36,201,151.70,12.78,60.39
1172.963,1,252,165,10,213,176.22,19.71,79.01
1173.542,0,247,184,37,201,150.99,17.07,60.94
1173.615,1,249,163,10,213,175.79,21.29,79.51
1174.206,0,247,185,33,203,154.06,16.32,62.16
1174.286,1,254,171,16,217,174.86,20.17,72.30
1174.858,0,251,190,32,209,157.17,14.51,58.02
1174.940,1,259,184,19,220,173.03,14.94,64.00
1175.464,0,260,194,33,226,167.01,16.31,48.08
1175.544,1,269,190,20,227,177.45,11.44,58.44
1176.149,0,267,198,33,232,171.60,13.93,44.61
1176.220,1,278,197,25,230,177.67,6.86,51.63
1176.727,0,293,204,37,234,177.12,0.98,40.24
1176.802,1,286,202,32,231,175.95,2.78,45.11
1177.405,0,315,209,40,234,182.16,-13.94,41.51
1177.484,1,292,206,40,233,174.01,0.49,37.96
1178.009,0,321,214,44,234,181.45,-20.55,40.55
1178.086,1,297,209,45,235,173.61,-1.63,33.41
1178.660,0,322,218,47,236,180.84,-22.00,37.32
1178.740,1,302,214,49,236,172.59,-6.08,30.09
1179.325,0,324,222,50,235,178.49,-26.17,36.56
1179.392,1,305,217,52,236,171.19,-9.06,28.08
1179.931,0,326,226,52,235,177.58,-29.87,36.20
1179.996,1,309,218,54,238,172.71,-10.43,26.24
1180.587,0,326,228,54,235,175.93,-30.77,34.56
1180.662,1,311,220,56,238,171.78,-12.53,25.03
1181.253,0,328,231,56,235,175.15,-33.82,34.19
1181.330,1,312,222,57,238,171.10,-14.28,24.44
1181.852,0,330,233,59,234,173.13,-36.79,33.70
1181.930,1,313,224,59,239,170.54,-15.13,22.53
1182.504,0,328,234,59,235,172.61,-35.15,31.76
1182.586,1,315,225,61,239,169.82,-16.62,21.44
1183.173,0,328,234,59,239,175.27,-32.46,28.69
1183.237,1,316,226,65,239,167.39,-16.92,18.53
1183.775,0,325,234,55,238,175.96,-31.62,31.50
1183.854,1,317,229,61,243,172.80,-18.12,19.81
1184.440,0,320,233,52,237,175.15,-28.59,32.41
1184.502,1,319,229,62,246,175.32,-17.25,17.99
1185.104,0,317,231,51,238,175.43,-24.89,31.27
1185.167,1,321,231,62,247,176.51,-19.35,18.09
1185.710,0,315,228,46,241,180.39,-20.93,33.11
1185.786,1,321,231,59,253,183.33,-16.36,17.96
1186.373,0,315,225,42,245,186.33,-17.60,34.80
1186.451,1,320,228,56,257,188.96,-12.06,19.10
1186.959,0,314,223,40,248,189.75,-14.54,35.20
1187.048,1,320,226,56,261,193.08,-8.28,18.27
1187.650,0,314,223,39,253,194.20,-12.16,34.63
1187.719,1,320,227,54,261,193.94,-9.64,19.99
1188.239,0,313,221,38,256,197.16,-9.09,34.81
1188.315,1,321,227,52,266,199.99,-8.11,21.29
1188.905,0,314,221,37,260,201.30,-8.01,35.45
1188.978,1,320,227,51,272,205.25,-4.76,21.31
1189.570,0,314,219,36,260,202.37,-7.03,36.80
1189.661,1,320,227,50,270,204.04,-6.13,22.44
1190.179,0,314,218,36,259,201.87,-6.85,37.10
1190.251,1,320,227,50,269,203.18,-6.64,22.54
1190.841,0,315,218,35,297,228.04,6.34,37.27
1190.918,1,320,228,49,268,202.51,-8.18,23.43
1191.525,0,316,217,36,316,237.94,12.60,36.00
1191.601,1,319,227,50,267,200.94,-7.11,22.43
1192.112,0,316,217,36,308,234.25,10.21,36.66
1192.190,1,318,227,49,267,200.97,-6.88,23.08
1192.777,0,315,217,35,300,229.85,7.78,37.53
1192.861,1,319,227,50,268,201.80,-6.59,22.31
1193.369,0,315,216,37,299,229.65,8.92,36.62
1193.467,1,320,228,51,270,203.15,-6.46,21.25
1194.053,0,321,221,45,301,231.81,7.78,30.46
1194.126,1,328,232,59,299,226.94,3.48,15.56
1194.636,0,330,227,62,310,237.97,11.59,17.64
1194.722,1,339,241,78,310,231.23,5.79,-1.21
1195.300,0,343,237,82,325,248.04,15.48,2.51
1195.400,1,354,252,104,336,248.30,17.19,-20.49
1195.986,0,355,246,97,333,253.51,14.85,-9.21
1196.068,1,364,270,117,344,244.80,9.51,-38.15
1196.586,0,385,253,106,340,279.02,-2.68,5.19
1196.668,1,375,276,131,353,251.01,11.52,-48.15
1197.255,0,394,260,115,348,286.96,-4.76,1.51
1197.347,1,381,283,143,360,250.90,13.99,-59.99
1197.861,0,401,266,120,354,292.69,-8.30,0.07
1197.936,1,390,287,153,362,250.97,11.67,-67.58
1198.530,0,406,271,125,358,295.75,-10.65,-3.30
1198.608,1,394,291,159,366,251.72,12.07,-73.17
1199.127,0,412,274,130,362,302.11,-12.49,-2.00
1199.201,1,399,292,166,371,257.06,16.05,-76.67
1199.813,0,411,278,134,367,300.21,-8.37,-12.56
1199.889,1,403,293,169,380,270.37,21.35,-74.24
1200.401,0,408,278,133,382,308.62,3.22,-12.57
1200.475,1,404,294,166,381,273.82,18.13,-70.69
1201.071,0,403,282,128,367,289.21,-8.49,-21.36
1201.147,1,397,287,155,367,262.96,11.34,-63.57
1201.685,0,403,282,125,352,275.41,-20.88,-21.93
1201.764,1,387,295,138,349,236.65,-12.78,-60.10
1202.353,0,404,281,119,336,263.12,-36.88,-14.86
1202.431,1,390,288,122,336,241.26,-28.52,-37.40
1203.018,0,393,275,115,311,229.04,-44.62,-20.20
1203.091,1,371,278,104,316,223.44,-28.46,-25.62
1203.627,0,371,270,117,292,190.92,-35.87,-32.25
1203.691,1,350,266,106,292,188.80,-19.52,-30.58
1204.286,0,344,264,129,264,141.65,-27.06,-35.76
1204.361,1,325,254,101,275,168.16,-6.38,-25.49
1204.945,0,315,255,138,243,109.04,-10.14,-31.07
1205.029,1,298,239,100,263,152.64,13.64,-20.46
1205.563,0,284,245,146,230,87.18,13.58,-25.56
1205.635,1,270,222,102,250,137.34,33.76,-12.00
1206.212,0,254,232,148,228,81.02,41.75,-20.15
1206.295,1,91,210,105,236,65.17,124.39,38.47
1206.815,0,234,219,147,227,81.29,60.35,-12.78
1206.886,1,99,204,116,222,59.97,120.86,42.44
1207.499,0,216,207,149,221,76.86,73.70,-2.65
1207.575,1,110,201,124,217,59.10,117.48,40.68
1208.093,0,201,200,151,221,74.83,85.95,3.25
1208.166,1,118,200,131,208,55.14,112.58,41.47
1208.761,0,187,191,156,241,84.55,111.70,1.74
1208.837,1,126,201,135,198,51.32,105.08,42.55
1209.375,0,177,186,156,234,79.57,114.03,9.84
1209.451,1,133,199,139,190,49.03,99.68,44.40
1210.043,0,167,184,156,226,72.79,114.56,17.51
1210.120,1,140,198,142,184,47.45,94.48,45.20
1210.709,0,159,181,155,227,72.84,119.42,21.51
1210.788,1,144,197,145,179,45.37,91.29,46.76
1211.323,0,151,179,157,222,67.68,121.71,27.38
1211.400,1,148,195,146,174,44.88,87.59,48.86
1211.972,0,146,177,157,217,64.69,121.70,32.34
1212.052,1,151,196,147,170,43.19,84.04,49.95
1212.574,0,140,175,157,239,74.69,137.61,27.57
1212.654,1,160,194,150,167,43.20,79.27,49.25
1213.251,0,143,171,154,245,82.40,139.43,26.31
1213.321,1,163,189,150,175,48.90,83.35,44.57
1213.847,0,144,164,150,244,87.70,138.41,29.63
1213.923,1,160,191,148,175,48.54,83.60,45.14
1214.510,0,147,157,142,247,97.52,136.63,31.67
1214.589,1,163,188,141,173,54.03,79.40,47.00
1215.136,0,153,153,132,257,111.60,135.19,30.34
1215.213,1,168,187,132,171,60.34,72.80,48.27
1215.815,0,159,150,126,249,114.01,126.45,32.81
1215.894,1,179,185,121,171,70.47,63.69,48.18
1216.421,0,164,149,119,240,114.89,116.61,35.59
1216.499,1,201,186,110,170,81.62,47.31,47.35
1217.101,0,170,149,114,232,115.38,107.84,37.53
1217.175,1,206,182,102,170,89.26,43.55,50.59
1217.686,0,175,149,110,225,115.51,100.54,39.65
1217.752,1,210,181,94,169,95.20,38.72,54.16
1218.341,0,178,148,106,220,116.37,95.34,42.37
1218.427,1,211,180,88,169,99.58,36.64,56.82
1218.960,0,182,149,103,216,116.75,90.14,43.43
1219.024,1,214,179,82,167,103.72,32.68,61.01
1219.617,0,185,150,99,212,117.29,84.85,45.20
1219.695,1,218,178,79,168,107.16,30.62,61.84
1220.279,0,186,150,97,209,117.11,82.10,46.94
1220.354,1,220,178,76,168,109.52,28.70,63.20
1220.886,0,188,151,94,207,117.88,78.67,47.99
1220.965,1,221,178,73,167,111.34,26.85,65.41
1221.548,0,191,151,92,205,118.88,75.70,49.08
1221.621,1,222,178,71,167,112.85,25.78,66.40
1222.216,0,193,152,90,203,119.14,72.75,49.92
1222.293,1,222,177,70,167,113.80,25.91,67.25
1222.815,0,192,152,89,202,118.87,72.19,50.93
1222.903,1,222,177,69,168,114.77,26.07,66.99
1223.486,0,194,153,89,200,118.09,70.14,51.08
1223.562,1,222,176,67,167,116.05,25.48,69.12
1224.149,0,195,153,87,199,118.98,68.41,52.20
1224.212,1,223,177,67,167,115.96,24.57,68.78
1224.736,0,197,152,85,199,121.04,67.18,53.19
1224.817,1,224,176,67,167,116.48,24.50,69.17
1225.402,0,197,153,85,199,120.64,66.80,52.70
1225.466,1,225,176,67,168,117.01,24.46,68.43
1226.054,0,197,152,83,199,122.12,66.31,54.02
1226.136,1,226,176,66,167,117.56,23.25,69.75
1226.665,0,197,151,83,198,122.04,66.22,55.00
1226.740,1,237,176,65,167,120.54,17.44,70.90
1227.327,0,196,150,85,197,120.60,67.35,55.30
1227.402,1,264,177,63,167,127.68,1.05,76.58
1227.917,0,194,148,88,200,120.68,71.54,53.92
1227.997,1,256,174,66,167,124.46,8.09,73.47
1228.590,0,188,147,91,201,118.17,75.87,53.77
1228.681,1,245,168,64,169,125.82,17.65,73.50
1229.199,0,180,145,93,205,117.30,82.21,53.61
1229.275,1,235,166,66,171,123.81,25.12,70.76
1229.868,0,181,143,95,206,117.94,83.92,53.35
1229.939,1,229,166,68,173,122.03,29.52,67.98
1230.545,0,180,137,96,209,121.12,88.09,55.10
1230.620,1,224,157,63,182,130.61,38.30,68.41
1231.126,0,179,133,97,214,124.50,92.50,55.17
1231.206,1,221,163,59,188,132.71,38.30,64.18
1231.793,0,176,129,102,216,123.86,98.11,55.70
1231.857,1,216,156,54,193,138.95,43.37,67.57
1232.400,0,178,124,101,221,129.88,100.77,56.88
1232.474,1,215,164,51,196,139.04,40.64,63.96
1233.062,0,177,122,102,225,132.01,104.00,56.69
1233.136,1,217,158,49,198,143.51,42.39,66.72
1233.726,0,177,121,103,225,132.06,104.82,57.02
1233.796,1,232,158,48,199,148.27,37.38,66.13
1234.336,0,172,121,109,224,126.97,109.01,56.55
1234.408,1,226,153,48,203,150.49,43.14,66.97
1235.011,0,166,129,115,214,113.32,106.91,55.15
1235.089,1,216,148,55,220,154.67,58.07,59.20
1235.598,0,160,136,122,206,100.93,106.35,54.68
1235.675,1,203,143,63,235,156.16,73.38,53.94
1236.286,0,150,134,134,207,93.56,116.68,56.39
1236.359,1,193,138,68,228,148.16,77.81,57.05
1236.945,0,144,140,138,206,86.42,118.60,55.40
1237.009,1,186,144,79,217,132.55,79.11,53.47
1237.530,0,142,141,138,204,84.39,118.04,56.50
1237.606,1,180,150,88,206,118.30,78.67,52.41
1238.203,0,139,141,141,209,84.30,123.19,55.22
1238.276,1,179,161,97,195,103.80,74.27,49.76
1238.865,0,134,145,143,231,89.81,136.65,47.13
1238.935,1,175,165,104,184,92.52,72.34,52.69
1239.448,0,130,145,144,224,84.65,134.94,51.00
1239.518,1,173,173,112,172,79.62,68.01,55.05
1240.106,0,127,145,145,229,85.39,139.19,50.54
1240.185,1,171,178,118,165,71.15,66.25,56.80
1240.788,0,122,146,145,234,85.22,143.44,50.64
1240.867,1,170,184,124,158,62.66,63.66,58.51
1241.383,0,119,144,147,238,86.03,148.08,51.75
1241.459,1,172,191,130,151,54.55,59.10,59.76
1242.064,0,110,143,153,231,77.80,150.87,58.62
1242.138,1,170,193,133,145,49.85,57.86,63.51
1242.660,0,103,142,156,224,71.82,151.34,65.00
1242.738,1,173,199,135,142,46.10,53.52,63.10
1243.333,0,99,144,158,217,66.05,149.65,68.76
1243.411,1,171,203,138,139,41.49,53.06,64.35
1243.935,0,97,146,158,213,62.93,147.93,70.45
1244.012,1,174,205,138,136,40.67,49.34,65.47
1244.592,0,96,144,158,210,62.49,147.10,73.05
1244.675,1,177,200,131,138,48.23,47.87,65.54
1245.258,0,101,146,170,203,55.91,145.94,73.04
1245.337,1,182,194,124,145,57.78,47.81,62.29
1245.874,0,111,156,170,189,48.00,132.10,70.10
1245.943,1,180,184,117,152,67.48,53.19,62.06
1246.527,0,112,162,175,182,40.35,128.28,71.32
1246.605,1,178,175,114,156,73.53,58.12,63.39
1247.123,0,106,176,197,179,20.35,133.36,73.86
1247.197,1,173,167,115,158,75.59,64.57,65.76
1247.799,0,95,178,206,180,13.85,141.16,80.90
1247.874,1,162,159,116,162,76.95,74.56,68.49
1248.465,0,80,179,211,182,10.17,150.11,90.55
1248.542,1,151,155,120,168,75.61,85.05,68.47
1249.056,0,68,178,215,183,8.51,156.95,99.78
1249.130,1,144,153,123,171,74.03,91.30,69.09
1249.740,0,61,177,216,182,8.11,159.68,106.18
1249.807,1,139,151,125,170,72.21,94.36,71.82
1250.330,0,58,171,216,179,10.61,160.00,111.91
1250.394,1,138,149,124,170,73.32,94.92,73.09
1250.986,0,54,176,216,178,7.59,160.54,114.19
1251.059,1,137,149,123,170,73.55,94.97,73.49
1251.658,0,52,177,217,176,6.28,160.46,116.92
1251.726,1,134,149,124,168,71.62,95.77,75.48
1252.236,0,49,181,218,174,3.47,160.54,119.62
1252.314,1,130,146,123,168,72.32,97.86,78.10
1252.911,0,46,176,219,177,6.42,164.06,121.47
1252.986,1,128,144,123,170,73.22,100.10,78.46
1253.573,0,50,165,214,187,16.36,167.69,114.58
1253.648,1,127,163,126,170,63.38,97.22,70.66
1254.176,0,60,147,203,195,33.04,167.70,107.23
1254.252,1,131,161,123,172,67.46,95.58,69.17
1254.842,0,75,125,193,212,56.69,172.29,98.32
1254.911,1,136,158,115,176,75.51,92.64,67.36
1255.447,0,91,104,186,221,77.79,173.16,96.68
1255.529,1,144,151,108,183,86.70,91.19,65.37
1256.100,0,104,87,180,228,95.22,173.31,98.35
1256.186,1,149,146,101,200,100.24,94.98,59.38
1256.767,0,110,70,175,234,108.87,174.11,105.86
1256.842,1,152,142,98,206,106.79,96.16,58.62
1257.375,0,116,57,172,240,119.88,174.80,111.71
1257.445,1,158,137,93,211,115.45,95.08,59.05
1258.015,0,121,46,170,245,128.68,174.99,117.43
1258.103,1,163,133,89,213,121.64,93.32,60.59
1258.694,0,125,36,166,250,136.39,173.71,122.27
1258.760,1,165,128,86,217,127.49,94.18,62.37
1259.289,0,130,28,165,254,142.93,173.06,126.87
1259.365,1,168,125,84,218,131.16,93.41,63.93
1259.955,0,145,23,164,258,153.83,170.86,129.07
1260.030,1,170,123,83,217,132.71,92.39,65.53
1260.619,0,149,19,164,278,163.34,175.38,131.69
1260.686,1,171,122,82,217,133.92,91.83,66.34
1261.222,0,150,15,161,283,165.69,174.21,133.25
1261.285,1,173,121,81,217,135.54,90.97,67.07
1261.868,0,156,12,159,282,168.51,171.16,135.09
1261.955,1,173,120,80,232,143.33,96.77,63.16
1262.550,0,164,10,158,280,171.71,168.13,136.91
1262.627,1,176,118,76,228,145.06,92.65,66.74
1263.161,0,168,8,157,276,172.28,165.36,138.57
1263.237,1,181,119,69,225,148.17,86.07,69.42
1263.816,0,166,8,154,273,170.75,163.65,137.87
1263.885,1,189,123,58,221,152.53,75.53,72.62
1264.405,0,163,9,153,270,168.75,163.16,136.96
1264.467,1,208,128,46,220,162.30,62.48,75.73
1265.071,0,162,9,150,267,167.62,161.19,136.33
1265.150,1,226,133,35,218,170.04,50.16,79.50
1265.722,0,160,16,154,266,166.36,164.31,132.17
1265.805,1,223,130,30,218,170.94,49.56,82.58
1266.310,0,164,23,145,262,167.43,158.46,125.04
1266.391,1,211,131,41,213,161.01,55.95,78.75
1266.993,0,162,42,138,247,157.46,150.11,108.75
1267.072,1,201,137,55,210,148.47,62.31,69.76
1267.661,0,157,67,145,227,135.18,144.81,91.68
1267.736,1,185,143,72,205,130.36,71.30,61.83
1268.248,0,160,95,157,209,110.57,136.08,73.72
1268.329,1,169,150,94,200,108.89,82.84,55.12
1268.937,0,145,113,170,203,87.36,138.29,68.43
1269.009,1,159,157,109,196,93.32,89.62,52.21
1269.516,0,138,122,170,200,78.39,136.31,67.46
1269.597,1,155,166,119,191,80.95,90.58,50.08
1270.194,0,133,129,167,198,73.13,133.78,66.97
1270.262,1,151,166,126,186,74.07,92.88,52.82
1270.894,0,129,133,165,205,73.66,137.42,63.78
1270.972,1,147,167,132,179,66.70,93.40,56.83
1271.487,0,124,136,162,197,68.28,132.75,68.26
1271.557,1,145,169,138,172,59.60,92.64,60.26
1272.145,0,121,139,162,223,77.08,147.71,57.91
1272.208,1,144,173,140,166,54.52,89.82,62.66
1272.736,0,117,142,161,210,68.87,140.81,63.17
1272.828,1,143,176,143,162,50.05,88.64,64.32
1273.398,0,114,146,160,210,66.28,140.64,62.82
1273.486,1,141,179,144,160,47.12,88.24,65.24
1273.998,0,112,149,160,203,61.35,136.96,65.47
1274.085,1,137,180,147,159,43.85,90.59,66.94
1274.663,0,111,154,161,195,55.10,132.38,67.59
1274.773,1,136,182,152,161,40.52,93.25,65.35
1275.287,0,102,156,175,185,42.44,135.51,77.46
1275.359,1,133,183,156,161,37.22,95.89,66.29
1275.950,0,94,159,183,183,35.28,139.90,82.86
1276.022,1,131,185,157,158,34.51,95.32,68.48
1276.602,0,92,160,187,181,32.09,140.73,85.31
1276.687,1,134,187,160,156,31.93,93.25,68.07
1277.204,0,87,161,190,179,28.91,142.50,89.68
1277.267,1,134,193,164,153,26.10,91.58,68.60
1277.855,0,88,157,190,177,30.62,141.68,91.67
1277.919,1,130,193,168,157,24.16,96.93,67.87
1278.507,0,89,152,186,181,36.31,143.10,90.09
1278.603,1,126,194,169,157,22.45,99.16,69.49
1279.112,0,91,150,181,181,39.69,141.06,89.07
1279.195,1,125,198,173,156,17.89,99.52,70.00
1279.786,0,101,153,175,172,39.66,129.61,86.65
1279.864,1,128,197,177,155,16.29,98.86,69.98
1280.456,0,114,159,175,163,36.19,117.93,83.02
1280.539,1,130,204,178,151,11.72,94.43,70.34
1281.066,0,134,165,168,153,37.21,99.83,77.67
1281.142,1,139,209,176,146,10.78,85.08,68.62
1281.743,0,146,172,161,146,37.84,86.41,75.19
1281.818,1,153,214,171,140,12.54,71.18,66.06
1282.336,0,155,180,158,138,35.48,74.79,75.30
1282.418,1,164,220,170,136,11.62,60.56,64.20
1283.006,0,168,191,158,129,30.92,60.22,75.03
1283.097,1,185,228,170,140,12.92,46.20,53.97
1283.613,0,197,201,153,125,34.49,36.03,69.94
1283.690,1,199,235,163,136,17.13,30.38,53.53
1284.274,0,206,212,148,121,35.05,23.20,70.60
1284.349,1,226,243,160,136,22.65,6.92,50.64
1284.943,0,214,218,146,144,40.46,25.06,49.45
1285.021,1,234,249,159,163,30.02,11.29,26.18
1285.532,0,220,227,146,168,45.72,29.41,27.93
1285.609,1,243,257,156,167,33.30,2.13,22.40
1286.191,0,224,230,144,162,45.03,21.61,32.26
1286.274,1,253,261,154,157,33.70,-13.35,32.30
1286.813,0,226,230,140,187,57.83,32.61,13.66
1286.888,1,262,260,148,154,40.93,-23.40,37.98
1287.474,0,229,228,132,199,70.57,35.72,7.29
1287.553,1,266,259,139,154,49.86,-28.49,41.40
1288.144,0,237,230,123,220,89.54,38.79,-4.50
1288.219,1,279,259,132,154,60.42,-40.96,48.04
1288.751,0,264,235,120,212,92.90,12.47,-1.34
1288.825,1,281,263,130,161,63.35,-41.48,41.86
1289.417,0,265,235,121,200,86.05,4.59,7.10
1289.492,1,271,258,124,159,65.16,-33.19,42.86
1290.011,0,257,231,120,188,80.22,4.88,17.18
1290.086,1,268,245,115,162,74.87,-25.55,43.15
1290.692,0,241,224,122,174,71.17,12.21,28.50
1290.762,1,255,232,113,166,76.53,-8.20,38.51
1291.352,0,230,217,128,166,63.62,20.38,34.53
1291.428,1,240,224,115,178,77.48,12.94,27.72
1291.948,0,213,209,145,161,49.12,37.53,37.67
1292.013,1,220,212,119,177,73.37,32.01,30.51
1292.629,0,192,204,166,159,32.07,58.17,41.86
1292.705,1,198,201,125,177,68.30,51.74,34.75
1293.220,0,176,205,180,159,19.53,71.92,46.07
1293.305,1,180,200,145,177,51.68,69.49,35.53
1293.891,0,161,206,184,161,14.66,82.90,50.01
1293.970,1,166,201,154,177,42.45,80.27,38.63
1294.503,0,155,205,179,158,16.42,83.63,54.45
1294.571,1,155,202,158,174,36.06,85.96,43.93
1295.168,0,158,202,170,157,23.66,79.47,54.31
1295.238,1,151,203,156,168,33.98,84.14,49.04
1295.825,0,163,200,163,152,28.42,72.50,56.59
1295.903,1,156,201,153,160,35.25,76.91,53.20
1296.438,0,178,200,154,148,35.84,58.90,55.48
1296.503,1,161,219,148,152,29.71,63.07,52.94
1297.090,0,187,197,144,148,45.33,51.46,55.15
1297.169,1,167,220,144,148,32.21,55.95,54.12
1297.681,0,206,197,139,146,51.81,37.38,54.31
1297.758,1,169,222,140,150,35.05,53.66,51.99
1298.362,0,216,197,133,144,57.37,28.37,56.27
1298.441,1,173,222,136,145,37.40,47.67,55.05
1299.028,0,213,197,127,141,60.17,27.17,60.51
1299.100,1,175,223,133,142,38.83,43.85,56.94
1299.609,0,234,196,121,139,68.78,11.33,64.44
1299.691,1,182,223,130,139,41.80,37.25,58.42
1300.292,0,238,194,118,137,72.12,7.74,68.38
1300.377,1,180,224,127,137,42.64,36.42,60.38
1300.894,0,262,194,115,138,80.99,-10.10,74.22
1300.971,1,193,223,126,137,46.69,28.20,59.33
1301.552,0,272,193,120,137,80.96,-17.51,77.81
1301.638,1,196,225,125,137,47.43,25.26,58.86
1302.171,0,257,188,115,145,81.96,0.24,65.69
1302.246,1,197,217,118,139,55.67,26.25,60.39
1302.839,0,244,189,116,143,77.52,8.24,65.04
1302.913,1,211,220,122,137,54.76,16.44,59.97
1303.497,0,232,190,116,137,73.41,12.97,69.60
1303.581,1,210,220,125,135,51.97,17.09,60.95
1304.107,0,221,197,116,157,73.63,26.70,50.00
1304.176,1,223,218,127,133,53.92,8.77,62.82
1304.773,0,215,196,120,155,69.40,30.99,51.03
1304.848,1,218,218,129,133,51.26,12.72,62.15
1305.359,0,200,184,120,158,71.60,46.04,53.83
1305.433,1,213,213,126,134,54.03,17.61,63.00
1306.032,0,194,176,115,176,83.10,59.68,46.42
1306.103,1,228,208,121,137,63.28,9.52,63.22
1306.690,0,195,173,107,176,89.37,57.43,49.68
1306.766,1,221,200,111,145,72.89,18.31,60.95
1307.283,0,222,173,101,174,98.04,40.87,49.28
1307.357,1,214,189,103,155,82.97,29.38,58.57
1307.952,0,250,178,94,171,104.86,19.25,51.48
1308.036,1,207,180,96,195,104.57,54.26,37.61
1308.616,0,249,182,90,170,105.71,16.12,53.33
1308.694,1,202,173,91,217,120.11,68.27,32.36
1309.217,0,248,182,85,170,108.79,15.34,55.90
1309.286,1,198,167,84,244,140.06,81.31,29.34
1309.887,0,245,181,82,171,110.81,17.29,56.80
1309.967,1,194,163,80,264,153.30,90.35,29.04
1310.539,0,244,181,80,171,111.92,17.30,57.84
1310.616,1,191,161,76,279,162.70,95.44,29.62
1311.134,0,242,181,79,171,112.17,18.14,58.33
1311.205,1,190,157,75,292,170.99,101.14,30.85
1311.822,0,239,185,75,171,113.06,16.80,59.21
1311.887,1,187,152,71,289,170.96,99.85,35.78
1312.408,0,235,189,72,171,113.10,16.31,59.50
1312.483,1,185,148,70,298,176.00,104.03,37.63
1313.072,0,235,182,67,176,120.04,20.51,60.38
1313.138,1,184,147,66,282,169.25,96.50,41.62
1313.681,0,219,170,74,199,126.20,46.77,47.22
1313.756,1,188,142,71,265,162.45,93.79,45.05
1314.345,0,205,161,81,199,121.94,58.95,49.55
1314.421,1,183,143,75,252,151.40,92.52,45.64
1315.022,0,191,152,88,199,117.66,70.71,52.91
1315.101,1,179,141,78,242,143.94,92.12,48.38
1315.667,0,181,146,91,198,114.99,77.36,56.84
1315.750,1,176,139,80,230,136.55,89.86,52.52
1316.301,0,172,141,95,197,111.67,83.60,60.08
1316.386,1,174,137,83,223,131.75,89.75,55.10
1316.904,0,165,136,97,198,110.84,89.01,62.85
1316.968,1,171,135,84,218,128.52,89.70,58.01
1317.515,0,159,133,99,198,109.06,92.93,65.02
1317.592,1,168,133,85,210,124.05,88.36,62.25
1318.163,0,154,129,100,196,107.67,95.36,68.76
1318.252,1,169,133,86,207,122.62,87.23,63.03
1318.841,0,150,127,103,196,105.70,98.70,69.99
1318.917,1,173,133,87,205,122.70,85.51,63.00
1319.456,0,148,124,105,195,104.93,100.63,72.08
1319.532,1,175,133,87,202,122.07,83.52,64.03
1320.118,0,147,122,107,195,104.52,102.39,73.01
1320.195,1,175,133,87,196,119.45,80.88,66.80
1320.789,0,145,120,108,194,103.82,103.58,74.83
1320.851,1,175,133,87,194,118.59,79.99,67.77
1321.395,0,143,119,110,192,101.91,104.53,76.47
1321.470,1,175,133,87,193,118.17,79.55,68.26
1322.057,0,141,118,110,192,101.62,105.47,77.47
1322.136,1,174,132,86,190,117.50,78.43,70.76
1322.644,0,140,119,111,192,100.43,106.05,77.02
1322.726,1,174,132,85,189,117.60,77.55,71.59
1323.335,0,140,118,111,192,100.84,106.28,77.56
1323.413,1,173,130,84,190,118.96,78.48,72.61
1323.925,0,141,118,112,191,100.40,105.92,77.68
1323.990,1,174,129,84,189,119.28,77.99,73.56
1324.575,0,139,117,112,189,99.39,105.95,79.67
1324.658,1,172,129,85,190,118.53,79.56,72.94
1325.257,0,139,116,112,190,100.17,106.62,79.72
1325.337,1,172,130,85,190,118.14,79.27,72.40
1325.844,0,138,116,113,190,99.40,107.43,79.84
1325.927,1,174,130,85,188,117.99,77.71,73.20
1326.512,0,139,115,113,189,99.80,106.83,80.64
1326.593,1,174,132,86,186,115.90,76.68,72.83
1327.128,0,139,115,114,189,99.39,107.28,80.52
1327.196,1,175,132,86,184,115.43,75.45,73.79
1327.795,0,138,115,113,190,99.82,107.64,80.38
1327.865,1,179,130,87,182,116.19,74.17,75.23
1328.458,0,138,115,113,191,100.18,108.10,79.90
1328.537,1,180,130,87,180,115.72,72.92,76.27
1329.076,0,138,115,113,192,100.55,108.55,79.42
1329.153,1,181,130,88,180,115.51,72.97,75.83
1329.737,0,138,114,113,193,101.34,109.22,79.49
1329.801,1,181,130,88,178,114.74,72.07,77.00
1330.325,0,137,114,112,194,101.76,109.57,79.38
1330.405,1,182,130,88,180,115.80,72.62,75.73
1331.008,0,138,114,112,195,102.49,109.67,78.68
1331.071,1,181,130,89,187,117.82,76.57,71.58
1331.657,0,138,114,112,195,102.49,109.67,78.68
1331.739,1,180,130,90,189,117.84,78.27,70.30
1332.259,0,137,116,111,193,100.98,108.24,78.88
1332.335,1,182,130,91,191,118.84,78.94,68.66
1332.925,0,137,115,112,191,100.25,108.00,80.25
1333.005,1,187,130,92,193,120.83,78.64,66.60
1333.516,0,138,115,112,191,100.60,107.65,80.02
1333.596,1,187,130,92,194,121.29,79.11,66.10
1334.168,0,138,115,113,191,100.18,108.10,79.90
1334.249,1,186,129,92,198,123.26,81.64,64.87
1334.868,0,137,116,110,190,100.31,106.44,80.42
1334.943,1,181,129,90,195,121.19,80.98,67.70
1335.444,0,139,118,108,193,102.14,105.72,77.72
1335.520,1,176,131,89,194,118.75,81.15,68.07
1336.103,0,140,116,105,192,104.22,104.00,79.46
1336.186,1,175,133,85,190,117.93,77.34,70.43
1336.790,0,146,114,104,193,107.98,102.33,79.05
1336.863,1,176,140,79,186,117.01,70.53,70.76
1337.378,0,151,118,99,196,111.49,98.69,75.45
1337.455,1,176,146,75,185,116.54,66.54,69.73
1338.040,0,155,120,97,198,113.82,96.78,73.18
1338.116,1,187,150,72,182,118.78,58.60,69.64
1338.720,0,158,122,93,200,116.71,94.24,71.64
1338.795,1,192,146,70,181,122.34,56.87,72.65
1339.314,0,159,123,90,200,118.04,92.22,71.71
1339.394,1,196,143,67,179,125.42,54.43,76.43
1339.978,0,162,125,89,196,117.19,88.50,72.28
1340.053,1,197,139,65,179,128.26,54.68,79.38
1340.569,0,163,127,85,190,116.29,83.25,75.05
1340.659,1,198,139,63,178,129.24,53.16,80.79
1341.249,0,164,131,86,182,111.60,78.87,76.63
1341.312,1,202,141,61,178,130.69,50.30,80.60
1341.840,0,166,135,85,178,109.77,74.90,76.79
1341.915,1,202,143,60,178,130.50,49.23,79.98
1342.504,0,169,136,85,177,109.94,73.05,76.51
1343.167,0,171,137,83,177,111.20,71.18,76.39
1343.255,1,205,146,58,179,131.71,46.75,78.75
1343.772,0,173,136,81,181,114.67,71.59,75.12
1343.847,1,202,145,55,178,132.50,46.74,81.10
1344.433,0,191,136,76,182,123.02,63.44,74.95
1344.532,1,205,146,51,180,135.87,44.68,81.26
1345.041,0,221,143,72,185,131.56,50.04,69.04
1345.112,1,216,151,51,177,135.97,37.65,80.97
1345.702,0,216,148,73,184,127.29,49.71,66.77
1345.776,1,206,153,59,170,125.78,40.52,80.42
1346.365,0,206,154,83,173,112.35,49.69,67.08
1346.463,1,194,154,76,172,113.22,51.71,71.62
1346.983,0,192,159,102,163,92.41,56.01,66.01
1347.047,1,180,159,92,167,96.81,59.68,68.12
1347.652,0,175,164,124,158,71.96,67.72,64.66
1347.715,1,162,162,113,166,78.69,74.36,65.27
1348.238,0,157,162,139,160,60.99,83.33,66.52
1348.316,1,146,165,122,183,74.13,92.35,56.90
1348.920,0,140,164,153,167,51.05,99.33,66.18
1349.000,1,135,162,133,195,71.07,108.59,54.46
1349.587,0,130,156,153,172,54.35,108.59,70.31
1349.663,1,127,158,138,190,66.22,112.74,61.31
1350.177,0,129,157,149,171,55.28,106.86,70.99
1350.253,1,126,159,135,184,64.82,108.77,64.52
1350.849,0,133,161,141,170,58.08,100.60,68.65
1350.927,1,135,152,126,178,72.81,100.00,68.02
1351.435,0,151,169,132,169,63.35,86.04,60.69
1351.521,1,142,149,114,178,82.13,92.83,68.57
1352.109,0,159,170,125,164,67.15,76.87,62.05
1352.186,1,175,146,108,175,94.63,75.99,65.24
1352.784,0,175,172,119,161,72.58,64.72,60.56
1352.860,1,178,143,105,174,97.93,74.07,67.57
1353.378,0,181,178,114,159,73.95,56.92,59.71
1353.445,1,180,142,100,173,101.21,71.14,69.84
1354.049,0,193,184,108,157,77.52,45.48,58.83
1354.125,1,182,140,97,171,103.47,68.88,72.77
1354.654,0,195,183,103,156,81.23,42.69,61.15
1354.725,1,184,138,96,168,104.31,66.95,75.85
1355.319,0,196,184,100,156,83.03,40.81,61.66
1355.396,1,187,137,94,166,105.91,64.39,78.08
1355.986,0,198,187,97,156,84.39,37.64,61.48
1356.057,1,187,135,93,165,106.98,64.20,80.23
1356.586,0,201,188,96,154,84.82,34.45,62.79
1356.663,1,188,132,90,162,109.19,62.30,85.04
1357.237,0,205,209,94,152,79.93,22.66,58.79
1357.313,1,191,131,90,161,110.11,60.96,86.24
1357.897,0,208,229,92,151,76.11,12.19,55.61
1357.973,1,193,131,90,159,110.02,59.23,87.69
1358.492,0,211,246,91,151,73.10,3.56,52.82
1358.571,1,196,130,90,158,110.97,57.86,89.08
1359.158,0,213,260,90,149,70.38,-3.96,52.57
1359.241,1,197,130,89,157,111.50,56.64,90.25
1359.826,0,217,259,88,150,73.61,-6.31,53.05
1359.907,1,197,129,89,157,111.96,56.96,90.91
1360.437,0,218,268,88,149,71.49,-10.66,52.65
1360.517,1,199,128,89,157,112.97,56.46,91.65
1361.038,0,217,257,89,149,73.10,-5.66,53.79
1361.111,1,200,130,87,159,113.99,55.66,89.47
1361.700,0,213,251,0,148,-44.33,42.72,50.41
1361.795,1,213,155,84,158,107.87,39.34,77.02
1362.318,0,209,244,93,145,70.16,3.94,57.05
1362.403,1,210,168,83,154,101.99,33.57,74.83
1362.989,0,206,240,106,138,59.29,8.26,59.33
1363.066,1,210,176,90,144,92.27,28.13,76.99
1363.656,0,203,237,116,134,51.25,12.58,60.57
1363.736,1,207,185,104,132,76.86,25.22,78.86
1364.266,0,202,243,128,129,39.42,12.56,61.28
1364.343,1,202,194,126,118,55.57,25.24,82.04
1364.928,0,197,240,137,126,32.04,18.44,63.13
1365.003,1,195,200,141,105,40.28,26.73,89.30
1365.590,0,186,236,143,128,26.85,29.78,62.62
1365.662,1,181,202,150,123,32.82,44.16,74.22
1366.201,0,175,223,146,129,27.30,42.51,65.91
1366.282,1,166,201,152,128,30.03,56.24,73.69
1366.802,0,172,212,142,133,34.31,48.30,66.08
1366.878,1,156,193,149,132,34.19,65.21,75.59
1367.471,0,168,198,134,138,45.19,54.71,67.50
1367.550,1,148,181,142,150,46.10,78.71,68.97
1368.082,0,200,189,128,145,60.73,40.36,60.36
1368.159,1,149,170,132,157,58.72,81.08,68.53
1368.742,0,205,181,116,150,73.92,39.28,61.43
1368.830,1,156,157,119,162,74.65,79.05,70.22
1369.418,0,204,189,103,159,82.01,36.88,56.15
1369.498,1,172,151,105,171,91.92,72.57,66.71
1370.020,0,204,181,95,167,92.55,41.18,55.75
1370.086,1,178,151,93,178,102.72,68.53,64.94
1370.689,0,200,175,92,171,97.06,46.40,56.65
1370.766,1,183,147,83,183,113.10,66.04,66.71
1371.269,0,193,168,95,173,96.90,54.43,57.80
1371.358,1,184,145,82,177,112.40,63.28,71.41
1371.959,0,191,167,132,170,73.59,67.56,49.90
1372.030,1,179,151,92,166,99.29,62.34,72.50
1372.614,0,186,170,137,166,66.70,68.56,51.70
1372.690,1,178,159,101,157,87.89,59.43,72.39
1373.203,0,181,173,143,155,56.95,66.40,58.65
1373.278,1,175,172,110,143,72.98,53.62,75.21
1373.879,0,181,188,160,151,38.49,64.46,55.10
1373.963,1,176,182,124,127,57.25,47.63,80.95
1374.548,0,183,204,174,136,18.80,54.65,62.10
1374.627,1,187,193,132,112,47.94,34.17,87.16
1375.138,0,190,234,187,127,-3.10,39.86,63.94
1375.223,1,195,201,140,102,40.37,25.12,91.84
1375.822,0,193,236,185,115,-3.56,31.63,73.28
1375.896,1,193,203,139,96,39.52,23.55,96.84
1376.400,0,189,230,174,112,5.50,32.23,76.37
1376.483,1,190,205,142,97,36.10,25.89,95.13
1377.063,0,191,219,166,120,16.67,35.36,70.70
1377.138,1,190,204,134,102,42.19,25.80,92.00
1377.745,0,188,205,150,142,36.80,47.05,56.93
1377.820,1,189,194,122,113,54.74,30.32,87.59
1378.331,0,184,189,137,173,60.75,66.32,41.38
1378.410,1,190,182,109,131,70.61,36.99,79.55
1379.002,0,183,173,130,199,83.20,84.22,33.10
1379.077,1,194,166,99,147,87.27,44.18,75.69
1379.609,0,185,158,115,230,115.49,98.83,29.73
1379.686,1,207,156,89,164,105.00,46.23,69.91
1380.271,0,192,153,103,234,128.67,94.00,33.21
1380.344,1,235,151,78,173,122.49,36.72,69.12
1380.936,0,200,153,95,229,132.71,84.76,36.18
1381.014,1,232,164,68,175,124.02,30.01,67.24
1381.548,0,201,158,89,227,132.68,78.53,36.47
1381.626,1,226,166,66,174,123.03,30.76,68.34
1382.223,0,204,196,88,212,111.12,53.99,26.87
1382.302,1,218,172,72,165,112.60,29.65,69.64
1382.811,0,200,203,144,193,62.53,65.44,19.50
1382.891,1,206,173,85,155,98.38,34.67,71.24
1383.491,0,194,207,156,175,43.70,61.36,30.02
1383.557,1,194,173,93,150,89.25,41.06,72.55
1384.077,0,185,205,166,165,32.40,65.35,39.13
1384.159,1,183,173,99,149,82.72,48.14,72.27
1384.738,0,172,199,173,163,27.49,76.29,45.77
1384.820,1,169,172,105,153,77.22,59.20,70.12
1385.421,0,154,193,178,170,26.53,93.79,49.19
1385.493,1,154,168,115,163,72.17,75.74,66.23
1386.002,0,143,187,177,176,30.29,104.42,51.60
1386.083,1,145,164,118,163,69.84,82.29,69.65
1386.654,0,140,180,168,174,37.55,103.79,56.11
1386.736,1,147,160,120,159,69.73,81.41,73.00
1387.337,0,142,173,155,172,47.80,99.17,58.97
1387.423,1,151,163,121,154,67.48,76.82,73.87
1387.941,0,147,164,140,174,61.96,94.84,60.10
1388.019,1,183,161,111,155,81.71,58.93,69.51
1388.592,0,156,158,124,180,77.71,89.23,58.17
1388.670,1,189,164,96,157,91.51,50.79,70.45
1389.209,0,169,158,108,183,91.09,78.46,56.43
1389.286,1,209,166,83,157,103.29,36.18,73.30
1389.860,0,206,164,94,203,115.81,64.75,40.62
1389.943,1,213,168,72,159,111.03,31.06,75.78
1390.514,0,220,167,86,208,125.64,57.02,38.08
1390.592,1,213,170,66,159,114.20,28.60,77.67
1391.131,0,215,166,84,200,121.48,54.61,44.10
1391.195,1,200,161,75,161,109.16,41.53,76.00
1391.786,0,205,163,93,190,110.03,58.60,48.46
1391.860,1,186,155,83,164,104.08,53.83,74.26
1392.436,0,193,164,105,180,95.30,63.10,51.66
1392.513,1,171,150,93,167,97.36,66.89,73.05
1393.119,1,154,156,111,168,80.84,79.93,68.74
1393.692,0,167,167,117,162,74.28,70.06,63.93
1393.771,1,140,164,130,163,62.06,89.15,69.93
1394.343,0,163,179,131,152,57.16,68.60,64.94
1394.428,1,135,192,146,155,37.65,86.32,66.51
1394.960,0,163,188,142,140,43.63,64.02,69.51
1395.033,1,139,204,165,145,19.46,82.56,69.39
1395.612,0,161,198,146,134,35.31,60.81,71.35
1395.692,1,150,235,178,133,-2.72,66.34,69.59
1396.263,0,161,195,145,134,37.17,61.39,72.24
1396.344,1,152,0,174,128,44.51,87.31,102.66
1396.938,0,161,189,144,140,41.59,65.47,69.61
1397.013,1,153,227,160,128,11.98,59.12,71.59
1397.521,0,163,182,137,143,49.92,65.59,69.66
1397.599,1,159,219,148,128,24.12,53.99,71.05
1398.187,0,169,173,124,151,64.85,64.54,67.41
1398.264,1,192,207,135,133,45.02,35.45,64.80
1398.852,0,174,166,110,161,80.11,64.01,65.08
1398.936,1,196,203,115,141,62.64,31.90,63.07
1399.441,0,174,159,112,166,83.43,69.38,64.20
1399.529,1,201,194,95,157,84.36,33.14,59.03
1400.107,0,168,151,113,168,85.44,75.98,67.45
1400.170,1,204,183,85,166,97.94,36.61,59.61
1400.788,0,164,146,115,174,87.61,82.89,66.55
1400.851,1,205,175,76,172,108.54,38.95,62.05
1401.373,0,159,138,115,190,95.93,95.01,62.79
1401.451,1,208,168,67,179,119.64,40.37,64.19
1402.036,0,159,127,113,226,118.14,114.50,54.16
1402.114,1,226,164,56,185,134.01,33.52,67.11
1402.640,0,159,118,111,254,136.77,128.35,52.90
1402.701,1,227,160,46,190,143.50,33.68,71.60
1403.290,0,158,112,110,263,143.51,133.16,55.56
1403.369,1,228,158,38,194,150.54,33.05,74.90
1403.956,0,158,107,108,276,152.36,138.17,57.57
1404.020,1,228,153,32,200,157.72,35.12,77.57
1404.560,0,158,102,107,288,160.04,142.99,60.13
1404.638,1,227,151,26,204,162.40,35.27,79.59
1405.230,0,157,95,108,284,159.70,143.41,65.26
1405.305,1,227,147,21,208,166.87,35.99,81.71
1405.885,0,156,89,105,278,159.05,140.33,70.30
1405.962,1,243,148,16,210,173.62,29.82,83.24
1406.491,0,155,84,109,273,156.93,141.84,73.96
1406.554,1,241,145,13,211,174.68,30.54,84.49
1407.147,0,155,79,107,269,157.16,139.68,78.11
1407.223,1,237,145,10,213,175.05,30.95,84.27
1407.806,0,157,75,110,268,158.47,141.05,80.82
1407.880,1,260,147,7,213,181.44,22.92,85.36
1408.406,0,166,75,103,263,162.84,132.57,82.23
1408.481,1,247,152,31,213,170.04,34.50,73.55
1409.072,0,171,83,96,255,161.15,122.98,78.74
1409.136,1,235,154,39,215,163.31,41.16,66.55
1409.721,0,162,87,105,263,156.36,133.26,73.15
1409.810,1,226,148,41,212,160.19,45.70,70.01
1410.324,0,150,92,116,257,142.33,139.98,70.17
1410.405,1,207,135,56,216,153.77,64.04,68.05
1410.990,0,140,96,125,254,131.62,146.14,69.13
1411.058,1,188,132,75,221,141.84,81.94,60.17
1411.646,0,133,98,133,252,124.13,151.51,69.71
1411.725,1,172,121,90,231,138.08,101.89,59.74
1412.262,0,126,101,139,250,116.87,155.49,70.33
1412.337,1,160,114,102,234,132.26,115.04,61.59
1412.915,0,120,102,144,250,112.22,159.80,71.98
1412.994,1,149,109,111,238,127.79,126.15,63.82
1413.583,0,115,104,149,248,106.83,162.68,73.37
1413.655,1,140,103,119,240,124.18,135.32,67.95
1414.192,0,111,106,152,246,102.49,164.14,74.45
1414.262,1,131,98,126,242,120.62,143.56,72.38
1414.854,0,109,106,159,243,98.62,166.89,76.65
1414.930,1,125,95,131,243,117.97,148.93,75.64
1415.439,0,107,105,162,239,95.83,167.07,79.38
1415.513,1,119,91,135,243,115.64,153.31,80.08
1416.113,0,104,106,165,237,92.57,168.22,81.02
1416.185,1,113,88,139,242,112.61,156.97,84.43
1416.771,0,103,106,168,235,90.65,168.94,82.36
1416.845,1,110,85,142,241,111.32,159.20,87.87
1417.359,0,101,106,168,232,88.61,167.89,84.09
1417.434,1,106,84,145,240,108.83,161.43,90.56
1418.021,0,100,107,170,229,86.05,167.39,85.03
1418.101,1,103,82,146,238,107.30,161.96,93.55
1418.693,0,99,108,172,227,83.91,167.40,85.74
1418.767,1,101,80,148,237,106.43,163.16,96.12
1419.272,0,98,108,174,226,82.68,168.07,86.82
1419.354,1,99,79,150,236,105.18,164.26,98.12
1419.940,0,98,108,175,225,82.05,167.99,87.23
1420.017,1,98,77,151,235,104.99,164.66,100.20
1420.615,0,98,107,177,223,81.31,167.97,88.69
1420.686,1,96,77,152,234,103.58,165.16,101.44
1421.213,0,97,108,178,223,80.21,168.55,88.76
1421.286,1,95,77,153,233,102.61,165.42,102.30
1421.886,0,97,108,178,222,79.81,168.00,89.05
1421.968,1,94,76,153,233,102.60,165.71,103.33
1422.478,0,97,108,178,221,79.41,167.44,89.35
1422.548,1,93,75,153,232,102.24,165.53,104.61
1423.136,0,96,108,178,220,78.66,167.16,90.21
1423.218,1,93,75,154,231,101.70,165.55,105.08
1423.817,0,97,108,178,220,79.00,166.89,89.65
1423.897,1,91,74,155,231,101.11,166.52,106.74
1424.390,0,97,108,178,219,78.60,166.33,89.95
1424.468,1,91,74,156,231,100.92,166.99,106.97
1425.057,0,97,108,177,219,78.83,165.88,89.82
1425.132,1,91,74,157,232,101.08,167.91,106.95
1425.722,0,97,108,179,218,77.98,166.22,90.40
1425.810,1,90,74,157,231,100.33,167.67,107.62
1426.317,0,97,108,179,218,77.98,166.22,90.40
1426.396,1,91,73,157,231,101.15,167.50,107.83
1426.979,0,97,108,180,219,78.16,167.23,90.23
1427.040,1,91,73,157,231,101.15,167.50,107.83
1427.644,0,96,108,180,218,77.41,166.94,91.11
1427.728,1,91,72,157,231,101.56,167.54,108.45
1428.237,0,96,108,179,218,77.64,166.49,90.97
1428.319,1,90,72,157,231,101.16,167.75,108.86
1428.898,0,96,108,179,219,78.04,167.05,90.66
1428.961,1,91,72,157,230,101.22,167.08,108.71
1429.565,0,95,108,180,220,77.87,168.33,91.07
1429.636,1,91,73,157,231,101.15,167.50,107.83
1430.218,0,95,109,181,220,77.13,168.63,90.59
1430.298,1,90,72,157,231,101.16,167.75,108.86
1430.791,0,95,108,181,220,77.66,168.78,91.21
1430.879,1,90,72,158,231,100.98,168.22,109.10
1431.477,0,95,108,182,221,77.84,169.79,91.06
1431.553,1,90,73,157,230,100.40,167.26,108.49
1432.133,0,95,109,182,222,77.72,170.20,90.14
1432.205,1,89,72,157,230,100.41,167.51,109.52
1432.715,0,95,108,181,222,78.46,169.90,90.63
1432.792,1,90,73,157,230,100.40,167.26,108.49
1433.392,0,95,108,180,221,78.27,168.88,90.77
1433.470,1,89,72,157,230,100.41,167.51,109.52
1434.059,0,96,108,180,221,78.62,168.62,90.20
1434.138,1,89,72,157,230,100.41,167.51,109.52
1434.652,0,96,108,181,221,78.40,169.07,90.34
1434.728,1,89,72,156,230,100.59,167.05,109.28
1435.324,0,96,108,182,220,77.78,168.96,90.78
1435.391,1,89,72,157,231,100.75,167.97,109.26
1435.977,0,96,108,181,220,78.00,168.51,90.64
1436.057,1,89,72,156,230,100.59,167.05,109.28
1436.565,0,97,108,180,220,78.56,167.79,89.92
1436.635,1,89,72,156,230,100.59,167.05,109.28
1437.238,0,97,109,180,220,78.03,167.64,89.30
1437.299,1,88,72,156,230,100.19,167.27,109.68
1437.889,0,97,109,180,220,78.03,167.64,89.30
1437.951,1,88,73,156,231,100.12,167.69,108.81
1438.540,0,98,108,181,220,78.69,167.98,89.49
1438.619,1,89,74,157,232,100.27,168.35,107.78
1439.139,0,98,109,181,220,78.15,167.83,88.86
1439.217,1,88,74,156,231,99.71,167.65,108.21
1439.804,0,97,109,180,220,78.03,167.64,89.29
1439.894,1,88,73,157,230,99.60,167.69,109.31
1440.398,0,98,109,179,219,78.20,166.36,88.90
1440.469,1,88,74,157,231,99.53,168.11,108.44
1441.073,0,97,109,178,219,78.08,166.18,89.33
1441.145,1,88,74,156,231,99.71,167.65,108.21
1441.723,0,98,109,178,218,78.02,165.35,89.08
1441.804,1,88,73,156,231,100.12,167.69,108.81
1442.385,0,97,109,179,218,77.45,166.07,89.78
1442.460,1,89,72,157,231,100.75,167.97,109.26
1442.985,0,97,108,177,218,78.43,165.32,90.13
1443.061,1,89,71,158,231,100.99,168.46,110.13
1443.636,0,97,109,178,218,77.68,165.62,89.65
1443.713,1,89,72,158,230,100.24,167.97,109.76
1444.303,0,96,109,178,218,77.34,165.90,90.22
1444.366,1,88,71,159,230,100.07,168.67,111.04
1444.910,0,96,109,179,217,76.72,165.78,90.67
1444.971,1,88,71,159,231,100.41,169.13,110.79
1445.571,0,97,109,178,218,77.68,165.62,89.65
1445.637,1,88,71,158,231,100.58,168.67,110.53
1446.165,0,96,109,179,217,76.72,165.78,90.67
1446.239,1,88,71,157,231,100.76,168.22,110.28
1446.841,0,96,109,179,217,76.72,165.78,90.67
1446.923,1,89,72,157,231,100.75,167.97,109.26
1447.492,0,96,109,179,218,77.11,166.34,90.35
1447.571,1,89,72,156,230,100.59,167.05,109.28
1448.086,0,97,109,178,217,77.28,165.06,89.97
1448.157,1,89,72,156,230,100.59,167.05,109.28
1448.748,0,97,110,179,218,76.93,165.92,89.16
1448.830,1,89,73,156,230,100.18,167.01,108.66
1449.408,0,98,108,179,217,77.92,165.39,90.15
1449.469,1,89,74,156,230,99.77,166.97,108.05
1450.065,0,97,109,181,217,76.60,166.40,90.36
1450.139,1,89,75,155,229,99.21,166.01,107.47
1450.661,0,97,109,184,218,76.34,168.31,90.45
1450.742,1,90,75,157,230,99.58,167.17,107.25
1451.311,0,97,109,183,219,76.96,168.43,90.00
1451.391,1,90,75,158,230,99.39,167.63,107.49
1451.986,0,97,110,182,219,76.65,167.82,89.24
1452.055,1,89,75,158,231,99.34,168.31,107.65
1452.592,0,97,110,181,198,68.65,155.44,97.05
1452.667,1,90,75,157,231,99.92,167.63,107.00
1453.243,0,97,110,194,202,66.99,162.95,96.89
1453.327,1,89,74,160,231,99.40,169.28,108.76
1453.850,0,96,110,206,205,65.33,169.94,97.88
1453.922,1,89,74,159,231,99.57,168.82,108.51
1454.526,0,97,109,202,207,67.92,169.50,96.62
1454.603,1,89,73,159,231,99.99,168.85,109.14
1455.186,0,97,109,198,209,69.60,169.06,95.35
1455.256,1,89,74,158,231,99.75,168.35,108.27
1455.765,0,97,109,194,211,71.29,168.58,94.10
1455.836,1,89,74,158,231,99.75,168.35,108.27
1456.436,0,97,109,193,213,72.34,169.35,93.28
1456.513,1,89,73,157,231,100.34,167.93,108.65
1457.086,0,97,109,188,213,73.41,167.18,92.60
1457.737,0,96,109,186,214,73.94,167.16,92.60
1457.820,1,90,74,157,232,100.68,168.13,107.36
1458.351,0,96,109,185,215,74.57,167.30,92.13
1458.427,1,89,75,157,231,99.52,167.85,107.41
1459.004,0,96,109,183,216,75.41,166.99,91.53
1459.067,1,89,74,157,231,99.93,167.89,108.03
1459.591,0,96,109,182,195,67.56,154.59,99.78
1459.675,1,89,73,156,232,100.86,167.93,108.15
1460.269,0,97,109,180,199,69.82,155.77,97.09
1460.348,1,90,73,156,232,101.27,167.71,107.75
1460.923,0,98,109,180,201,70.86,156.61,95.64
1461.009,1,89,72,156,232,101.27,167.96,108.77
1461.524,0,97,109,179,204,71.96,158.19,94.83
1461.591,1,89,73,156,232,100.86,167.93,108.15
1462.195,0,97,109,177,206,73.23,158.48,93.79
1462.265,1,89,73,156,233,101.20,168.38,107.91
1462.851,0,97,109,177,209,74.38,160.16,92.63
1462.929,1,89,73,156,232,100.86,167.93,108.15
1463.499,0,97,109,178,211,74.91,161.71,92.02
1463.583,1,89,74,156,234,101.13,168.80,107.05
1464.115,0,97,110,178,214,75.56,163.23,90.35
1464.186,1,90,74,156,233,101.20,168.12,106.88
1464.767,0,96,110,177,215,75.87,163.63,90.46
1464.844,1,89,74,156,232,100.45,167.89,107.54
1465.363,0,96,110,177,216,76.26,164.19,90.12
1465.435,1,90,73,157,232,101.09,168.17,107.99
1466.039,0,96,110,176,216,76.50,163.75,90.00
1466.115,1,90,73,155,231,101.11,166.79,107.77
1466.765,1,90,73,155,231,101.11,166.79,107.77
1467.273,0,96,110,176,216,76.50,163.75,90.00
1467.351,1,90,73,155,231,101.11,166.79,107.77
1467.963,0,96,110,177,216,76.26,164.19,90.12
1468.040,1,90,73,156,230,100.58,166.79,108.26
1468.618,0,97,110,179,219,77.33,166.48,88.85
1468.695,1,90,73,155,229,100.43,165.87,108.29
1469.219,0,96,110,179,221,77.79,167.87,88.81
1469.297,1,90,73,156,232,101.27,167.71,107.75
1469.901,0,95,111,180,221,76.70,168.44,88.91
1469.964,1,90,0,156,233,101.45,168.15,107.26
1470.472,0,95,110,180,222,77.62,169.15,89.23
1470.554,1,89,73,156,236,102.23,169.74,107.19
1471.137,0,95,110,183,221,76.56,169.94,89.95
1471.203,1,89,74,156,235,101.48,169.25,106.81
1471.807,0,95,110,181,220,76.60,168.48,89.97
1471.887,1,89,74,157,233,100.61,168.81,107.53
1472.394,0,94,110,181,219,75.86,168.19,90.85
1472.479,1,89,74,157,234,100.96,169.27,107.29
1473.076,0,95,110,181,221,77.00,169.04,89.67
1473.136,1,89,74,156,233,100.79,168.34,107.29
1473.688,0,96,110,180,220,77.16,167.76,89.25
1473.757,1,89,74,156,233,100.79,168.34,107.29
1474.342,0,96,110,179,220,77.39,167.31,89.11
1474.993,0,96,110,180,219,76.76,167.20,89.55
1475.071,1,88,74,156,233,100.39,168.56,107.70
1475.609,0,96,111,180,220,76.63,167.61,88.63
1475.685,1,88,73,157,232,100.28,168.60,108.80
1476.263,0,97,111,179,220,77.20,166.88,87.93
1476.340,1,88,73,157,231,99.94,168.15,109.06
1476.927,1,88,73,157,231,99.94,168.15,109.06
1477.536,0,96,111,178,218,76.30,165.59,89.00
1477.610,1,89,73,157,231,100.34,167.93,108.65
1478.199,0,97,110,179,218,76.93,165.92,89.16
1478.276,1,89,73,157,232,100.68,168.39,108.39
1478.868,0,96,110,180,218,76.36,166.64,89.87
1478.941,1,88,73,157,231,99.94,168.15,109.06
1479.469,0,96,111,179,218,76.06,166.04,89.12
1479.545,1,89,73,157,230,100.00,167.47,108.90
1480.136,0,97,111,179,218,76.40,165.76,88.55
1480.209,1,89,73,157,230,100.00,167.47,108.90
1480.714,0,96,111,179,219,76.46,166.60,88.81
1480.795,1,89,73,156,231,100.52,167.47,108.41
1481.399,0,96,111,180,219,76.23,167.04,88.94
1481.487,1,89,74,156,231,100.11,167.43,107.79
1482.067,0,95,110,179,218,76.25,166.47,90.31
1482.136,1,89,74,156,231,100.11,167.43,107.79
1482.654,0,95,110,178,219,76.88,166.58,89.86
1482.733,1,89,74,156,232,100.45,167.89,107.54
1483.321,0,95,109,178,220,77.79,167.28,90.17
1483.401,1,89,74,157,232,100.27,168.35,107.78
1483.910,0,96,109,178,219,77.74,166.45,89.90
1483.991,1,88,74,156,232,100.05,168.11,107.95
1484.586,0,96,109,179,219,77.51,166.90,90.04
1484.657,1,88,74,156,231,99.71,167.65,108.21
1485.262,0,96,109,180,219,77.29,167.35,90.17
1485.324,1,89,73,157,231,100.34,167.93,108.65
1485.861,0,96,109,180,220,77.69,167.91,89.87
1485.936,1,88,73,157,229,99.27,167.23,109.57
1486.527,0,96,109,180,221,78.09,168.47,89.57
1486.606,1,88,73,156,229,99.45,166.78,109.33
1487.137,0,96,109,179,200,70.17,156.24,97.10
1487.210,1,88,74,157,229,98.85,167.19,108.96
1487.796,0,97,110,179,203,71.05,157.46,94.63
1487.881,1,88,74,156,230,99.37,167.19,108.46
1488.400,0,96,110,179,206,71.89,159.45,93.99
1488.463,1,88,74,156,230,99.37,167.19,108.46
1489.084,0,96,110,179,209,73.05,161.14,92.84
1489.144,1,88,74,156,231,99.71,167.65,108.21
1489.736,0,96,110,177,212,74.70,161.96,91.50
1489.811,1,89,74,156,231,100.11,167.43,107.79
1490.318,0,96,111,178,213,74.32,162.80,90.66
1490.398,1,89,74,156,229,99.43,166.51,108.31
1491.001,0,96,111,178,213,74.32,162.80,90.66
1491.087,1,89,74,156,229,99.43,166.51,108.31
1491.668,0,96,111,179,213,74.08,163.23,90.79
1491.737,1,88,73,156,229,99.45,166.78,109.33
1492.253,0,96,111,179,214,74.47,163.79,90.44
1492.329,1,89,73,156,228,99.51,166.10,109.19
1492.936,0,95,111,179,214,74.15,164.08,91.02
1493.011,1,89,74,156,228,99.10,166.05,108.58
1493.520,0,96,110,179,215,75.40,164.51,90.71
1493.600,1,89,74,157,229,99.25,166.97,108.55
1494.188,0,96,111,178,216,75.50,164.48,89.64
1494.267,1,89,75,156,229,99.02,166.47,107.70
1494.876,0,96,110,179,216,75.79,165.07,90.38
1494.953,1,89,74,157,230,99.59,167.43,108.29
1495.468,0,96,110,179,217,76.19,165.63,90.05
1495.543,1,89,74,157,229,99.25,166.97,108.55
1496.130,0,96,110,178,218,76.82,165.74,89.60
1496.205,1,89,73,157,230,100.00,167.47,108.90
1496.717,0,96,110,179,217,76.19,165.63,90.05
1496.813,1,88,73,157,230,99.60,167.69,109.31
1497.398,0,97,110,177,218,77.39,165.02,88.91
1497.486,1,89,73,157,229,99.66,167.02,109.16
1498.000,0,96,110,177,218,77.05,165.30,89.47
1498.064,1,89,73,157,229,99.66,167.02,109.16
1498.661,0,96,110,177,219,77.45,165.85,89.16
1498.747,1,89,73,157,229,99.66,167.02,109.16
1499.339,0,96,110,177,220,77.85,166.41,88.85
1499.418,1,89,73,157,229,99.66,167.02,109.16
1499.929,0,97,110,178,219,77.56,166.03,88.72
1500.597,0,97,109,180,219,77.63,167.08,89.60
1500.690,1,89,74,156,231,100.11,167.43,107.79
1501.265,0,98,110,179,220,78.08,166.76,87.97
1501.336,1,90,73,157,231,100.75,167.71,108.24
1501.840,0,98,111,179,220,77.55,166.61,87.36
1501.915,1,89,73,157,231,100.34,167.93,108.65
1502.506,0,97,111,179,219,76.80,166.32,88.24
1502.599,1,90,73,157,230,100.40,167.26,108.49
1503.179,0,97,110,178,220,77.96,166.58,88.41
1503.244,1,90,74,158,230,99.81,167.68,108.11
1503.752,0,96,110,179,220,77.39,167.31,89.11
1503.836,1,90,73,157,230,100.40,167.26,108.49
1504.418,0,96,110,179,220,77.39,167.31,89.11
1504.513,1,90,73,158,229,99.88,167.26,108.99
1505.086,0,96,110,179,219,76.99,166.75,89.42
1505.160,1,90,72,158,229,100.30,167.30,109.62
1505.667,0,97,110,179,220,77.73,167.04,88.54
1505.756,1,89,72,158,229,99.90,167.51,110.02
1506.343,0,97,111,179,219,76.80,166.32,88.24
1506.433,1,90,73,159,229,99.71,167.72,109.24
1507.015,0,97,110,179,220,77.73,167.04,88.54
1507.088,1,89,74,158,230,99.41,167.89,108.53
1507.600,0,98,110,178,219,77.90,165.75,88.15
1507.673,1,90,73,158,230,100.22,167.72,108.73
1508.262,0,97,110,178,219,77.56,166.03,88.72
1508.353,1,89,73,157,230,100.00,167.47,108.90
1508.928,0,96,110,177,219,77.45,165.85,89.16
1509.006,1,89,73,157,229,99.66,167.01,109.16
1509.586,0,95,109,177,219,77.63,166.28,90.34
1509.661,1,89,73,156,230,100.18,167.01,108.66
1510.170,0,96,110,177,220,77.85,166.41,88.85
1510.261,1,89,73,157,229,99.66,167.01,109.16
1510.841,0,96,110,177,220,77.85,166.41,88.85
1510.918,1,89,73,158,229,99.48,167.47,109.41
1511.507,0,96,110,177,220,77.85,166.41,88.85
1511.584,1,90,73,157,229,100.06,166.79,108.75
1512.097,0,96,109,177,220,78.36,166.56,89.46
1512.188,1,90,74,157,229,99.65,166.75,108.14
1512.774,1,89,74,157,229,99.25,166.97,108.55
1513.425,0,96,109,177,220,78.36,166.56,89.46
1513.502,1,89,74,156,229,99.43,166.51,108.31
1514.019,0,96,110,179,220,77.39,167.31,89.11
1514.111,1,89,74,156,229,99.43,166.51,108.31
1514.687,0,97,110,178,220,77.96,166.58,88.41
1514.762,1,89,74,156,229,99.43,166.51,108.31
1515.276,0,96,110,178,220,77.62,166.86,88.98
1515.355,1,89,74,155,230,99.96,166.51,107.82
1515.939,0,96,110,178,220,77.62,166.86,88.98
1516.020,1,89,74,157,229,99.25,166.97,108.55
1516.609,0,95,110,178,220,77.27,167.13,89.55
1516.683,1,89,74,156,230,99.77,166.97,108.05
1517.252,0,95,110,179,221,77.45,168.14,89.39
1517.331,1,89,74,157,230,99.59,167.43,108.29
1517.846,0,95,109,179,220,77.57,167.73,90.31
1517.940,1,89,74,158,230,99.41,167.89,108.53
1518.531,0,95,110,180,220,76.82,168.03,89.83
1518.599,1,88,73,158,230,99.42,168.15,109.56
1519.124,0,94,110,181,222,77.06,169.87,89.96
1519.186,1,89,73,157,230,100.00,167.47,108.90
1519.774,0,95,111,182,223,77.06,170.47,88.61
1519.866,1,88,73,157,230,99.60,167.69,109.31
1520.454,0,95,111,182,221,76.25,169.34,89.19
1520.537,1,89,74,157,230,99.59,167.43,108.29
1521.057,0,95,111,181,222,76.88,169.45,88.76
1521.122,1,89,74,157,230,99.59,167.43,108.29
1521.715,0,96,110,180,221,77.57,168.32,88.95
1521.805,1,88,74,156,230,99.37,167.19,108.46
1522.380,0,96,110,180,221,77.57,168.32,88.95
1522.444,1,88,74,156,230,99.37,167.19,108.46
1522.952,0,96,110,179,220,77.39,167.31,89.11
1523.032,1,88,75,157,231,99.11,168.07,107.83
1523.620,0,96,110,179,219,76.99,166.75,89.42
1523.701,1,89,74,157,230,99.59,167.43,108.29
1524.295,0,95,111,179,220,76.52,167.43,89.08
1524.365,1,89,74,156,230,99.77,166.97,108.05
1524.873,0,96,111,179,220,76.86,167.16,88.50
1524.952,1,89,75,158,229,98.65,167.39,108.17
1525.541,0,95,110,179,220,77.05,167.58,89.69
1525.636,1,89,75,158,229,98.65,167.39,108.17
1526.158,0,95,110,179,221,77.45,168.14,89.39
1526.229,1,89,75,158,230,98.99,167.85,107.91
1526.819,0,97,110,178,222,78.77,167.70,87.81
1526.887,1,89,75,157,230,99.18,167.39,107.67
1527.471,0,96,109,180,221,78.09,168.47,89.57
1527.578,1,90,76,156,231,99.69,167.12,106.15
1528.086,0,96,110,180,220,77.16,167.76,89.25
1528.159,1,90,76,156,230,99.35,166.65,106.41
1528.745,0,96,110,183,220,76.50,169.11,89.66
1528.819,1,90,76,156,230,99.35,166.65,106.41
1529.405,0,96,110,183,221,76.90,169.68,89.36
1529.501,1,89,75,157,230,99.17,167.39,107.67
1530.008,0,95,110,181,220,76.60,168.48,89.97
1530.086,1,89,75,156,230,99.36,166.93,107.44
1530.670,0,96,110,181,220,76.94,168.21,89.38
1530.745,1,89,75,157,231,99.52,167.85,107.41
1531.321,0,95,110,180,220,76.82,168.03,89.83
1531.423,1,89,75,157,231,99.52,167.85,107.41
1531.935,0,96,110,180,221,77.57,168.32,88.95
1532.011,1,89,75,158,230,98.99,167.85,107.91
1532.587,0,96,111,179,220,76.86,167.16,88.50
1532.666,1,89,75,157,229,98.83,166.93,107.93
1533.261,0,95,111,181,220,76.07,168.33,89.35
1533.356,1,89,75,156,230,99.36,166.93,107.44
1533.853,0,95,111,180,220,76.30,167.88,89.21
1533.942,1,89,74,157,230,99.59,167.43,108.29
1534.519,0,96,111,179,220,76.86,167.16,88.50
1534.599,1,89,74,157,230,99.59,167.43,108.29
1535.172,0,95,111,178,220,76.75,166.98,88.94
1535.272,1,89,74,156,230,99.77,166.97,108.05
1535.774,0,95,111,178,219,76.36,166.43,89.25
1535.853,1,90,74,156,231,100.51,167.21,107.38
1536.436,0,95,111,178,220,76.75,166.98,88.94
1536.509,1,90,74,156,230,100.17,166.75,107.64
1537.087,0,95,110,178,220,77.27,167.13,89.55
1537.173,1,91,74,156,230,100.58,166.53,107.23
1537.688,0,95,110,178,219,76.88,166.58,89.86
1537.770,1,90,75,156,229,99.42,166.24,107.29
1538.361,0,95,111,178,219,76.36,166.43,89.25
1538.436,1,90,75,157,230,99.58,167.17,107.25
1539.024,0,94,111,178,219,76.02,166.70,89.83
1539.118,1,90,75,156,230,99.76,166.70,107.02
1539.626,0,96,110,178,219,77.22,166.30,89.29
1539.697,1,91,75,156,229,99.82,166.02,106.87
1540.286,0,96,110,180,219,76.76,167.20,89.55
1540.366,1,90,75,156,229,99.42,166.24,107.29
1540.873,0,96,110,180,218,76.36,166.64,89.87
1540.953,1,91,75,155,230,100.35,166.01,106.38
1541.555,0,96,111,179,219,76.46,166.60,88.81
1541.633,1,92,75,156,230,100.57,166.25,106.19
1542.217,0,96,110,179,219,76.99,166.75,89.42
1542.294,1,91,75,156,230,100.16,166.48,106.61
1542.793,0,95,0,179,219,92.62,170.67,111.72
1542.872,1,91,73,156,230,100.99,166.57,107.85
1543.459,0,94,110,180,219,76.09,167.74,90.71
1543.543,1,91,74,156,230,100.58,166.53,107.23
1544.125,0,94,110,179,220,76.71,167.85,90.27
1544.190,1,91,74,157,230,100.39,166.99,107.46
1544.721,0,94,111,179,220,76.18,167.70,89.66
1544.797,1,91,73,157,230,100.81,167.04,108.08
1545.390,0,93,110,180,221,76.54,169.13,90.69
1545.470,1,90,73,157,230,100.40,167.26,108.49
1546.062,0,93,110,180,221,76.54,169.13,90.69
1546.139,1,90,74,157,230,99.99,167.21,107.87
1546.661,0,93,110,179,221,76.76,168.68,90.54
1546.738,1,90,74,156,231,100.51,167.21,107.38
1547.336,0,93,110,180,221,76.54,169.13,90.69
1547.411,1,90,74,158,231,100.15,168.14,107.85
1547.918,0,93,110,179,220,76.37,168.12,90.85
1547.999,1,89,73,157,231,100.34,167.93,108.65
1548.571,0,94,111,180,220,75.96,168.15,89.79
1548.651,1,90,73,156,231,100.93,167.25,108.00
1549.246,0,93,110,180,220,76.14,168.57,90.99
1549.318,1,89,73,156,231,100.52,167.47,108.41
1549.908,0,93,110,180,220,76.14,168.57,90.99
1549.985,1,89,73,157,232,100.68,168.39,108.39
1550.504,0,93,110,180,221,76.54,169.13,90.69
1550.580,1,89,73,157,233,101.02,168.85,108.15
1551.179,0,93,110,179,220,76.37,168.12,90.85
1551.247,1,90,73,157,232,101.09,168.17,107.99
1551.768,0,93,110,179,221,76.76,168.68,90.54
1551.836,1,89,73,157,231,100.34,167.93,108.65
1552.436,0,93,110,178,222,77.38,168.78,90.10
1552.498,1,89,72,156,231,100.93,167.51,109.02
1553.043,0,94,110,179,221,77.10,168.41,89.97
1553.115,1,90,72,156,231,101.33,167.29,108.62
1553.703,0,94,109,178,221,77.85,168.10,90.44
1553.785,1,90,72,156,231,101.33,167.29,108.62
1554.358,0,94,111,178,221,76.81,167.81,89.22
1554.437,1,90,73,157,231,100.74,167.71,108.24
1554.961,0,94,111,178,220,76.41,167.26,89.52
1555.040,1,89,73,157,230,100.00,167.47,108.90
1555.620,0,95,111,178,219,76.36,166.43,89.25
1555.693,1,90,72,157,231,101.16,167.75,108.86
1556.282,0,94,110,178,219,76.54,166.85,90.44
1556.345,1,89,72,156,231,100.93,167.51,109.02
1556.937,0,94,111,178,219,76.02,166.70,89.83
1557.020,1,90,73,157,230,100.40,167.26,108.49
1557.533,0,94,111,179,219,75.79,167.15,89.97
1557.612,1,90,73,157,230,100.40,167.26,108.49
1558.201,0,94,110,178,219,76.54,166.85,90.44
1558.277,1,90,72,157,230,100.82,167.30,109.11
1558.803,0,94,110,178,219,76.54,166.85,90.44
1558.880,1,90,72,157,231,101.16,167.75,108.86
1559.465,0,94,111,177,219,76.25,166.26,89.70
1559.536,1,89,72,157,230,100.41,167.51,109.52
1560.119,0,96,110,179,219,76.99,166.75,89.42
1560.198,1,89,72,157,230,100.41,167.51,109.52
1560.734,0,95,109,179,219,77.17,167.17,90.61
1560.816,1,90,72,157,230,100.82,167.30,109.11
1561.390,0,95,109,179,219,77.17,167.17,90.61
1561.466,1,89,71,157,231,101.16,168.00,109.88
1562.043,0,95,110,177,219,77.11,166.13,89.73
1562.119,1,90,71,0,230,94.97,203.04,151.95
1562.645,0,96,110,177,221,78.25,166.96,88.55
1562.724,1,90,73,157,231,100.75,167.71,108.24
1563.300,0,95,111,176,221,77.61,166.64,88.38
1563.363,1,89,73,157,230,100.00,167.47,108.90
1563.956,0,95,111,178,221,77.15,167.54,88.64
1564.036,1,89,72,157,231,100.75,167.97,109.26
1564.568,0,96,110,180,222,77.97,168.88,88.66
1564.640,1,89,72,157,231,100.75,167.97,109.26
1565.228,0,95,111,179,222,77.32,168.55,88.48
1565.307,1,89,71,157,231,101.16,168.00,109.88
1565.880,0,95,110,179,222,77.85,168.69,89.09
1565.960,1,89,71,157,231,101.16,168.00,109.88
1566.487,0,95,111,179,221,76.92,167.99,88.78
1566.565,1,90,71,157,231,101.57,167.79,109.48
1567.139,0,95,111,178,222,77.55,168.09,88.34
1567.218,1,89,72,158,230,100.24,167.97,109.76
1567.809,0,95,111,178,222,77.55,168.09,88.34
1567.887,1,89,72,158,231,100.58,168.43,109.51
1568.413,0,96,112,180,224,77.73,169.70,86.85
1568.486,1,89,74,159,230,99.23,168.35,108.77
1569.064,0,95,112,179,224,77.60,169.51,87.30
1569.144,1,89,73,158,231,100.16,168.39,108.89
1569.731,0,95,112,178,223,77.43,168.50,87.45
1569.803,1,89,73,157,231,100.34,167.93,108.65
1570.336,0,95,112,177,222,77.26,167.49,87.61
1570.404,1,89,74,157,231,99.93,167.89,108.03
1571.003,0,95,112,179,222,76.80,168.40,87.87
1571.079,1,88,72,159,231,100.00,169.10,110.17
1571.666,0,95,112,183,222,75.90,170.20,88.41
1571.736,1,89,72,159,231,100.40,168.89,109.76
1572.266,0,94,112,182,222,75.78,170.02,88.87
1572.351,1,89,71,159,230,100.47,168.46,110.63
1572.939,0,95,111,181,221,76.47,168.89,89.05
1573.013,1,89,72,158,230,100.24,167.97,109.76
1573.527,0,95,111,181,221,76.47,168.89,89.05
1573.599,1,89,71,158,231,100.99,168.46,110.13
1574.202,0,95,112,181,220,75.54,168.17,88.74
1574.281,1,90,71,157,231,101.57,167.79,109.48
1574.863,0,95,112,182,220,75.31,168.62,88.87
1574.936,1,89,71,157,231,101.16,168.00,109.88
1575.443,0,95,112,181,220,75.54,168.17,88.73
1575.523,1,88,72,157,230,100.01,167.73,109.92
1576.112,0,96,112,180,220,76.10,167.45,88.02
1576.186,1,89,72,156,230,100.59,167.05,109.28
1576.776,0,95,112,181,220,75.54,168.17,88.74
1576.843,1,89,72,156,231,100.93,167.51,109.02
1577.352,0,95,112,180,220,75.77,167.73,88.60
1577.436,1,88,72,156,230,100.19,167.27,109.68
1578.038,0,95,111,180,220,76.30,167.88,89.21
1578.123,1,88,72,156,230,100.19,167.27,109.68
1578.637,0,95,111,179,220,76.52,167.43,89.08
1578.715,1,88,73,156,230,99.78,167.23,109.07
1579.302,0,95,110,179,221,77.45,168.14,89.39
1579.381,1,89,72,155,230,100.77,166.59,109.04
1579.919,0,95,110,178,220,77.27,167.13,89.55
1579.986,1,89,72,156,231,100.93,167.51,109.02
1580.572,0,96,110,178,220,77.62,166.86,88.98
1580.637,1,89,72,156,231,100.93,167.51,109.02
1581.228,0,96,110,179,220,77.39,167.31,89.11
1581.301,1,89,72,156,231,100.93,167.51,109.02
1581.904,0,97,110,179,221,78.14,167.60,88.24
1581.979,1,89,72,156,231,100.93,167.51,109.02
1582.489,0,96,111,179,221,77.27,167.72,88.20
1582.563,1,89,72,157,231,100.75,167.97,109.26
1583.144,0,96,112,179,221,76.74,167.56,87.59
1583.219,1,89,71,157,231,101.16,168.00,109.88
1583.815,0,97,110,179,220,77.73,167.04,88.54
1583.888,1,89,71,157,231,101.16,168.00,109.88
1584.387,0,98,111,180,220,77.32,167.06,87.48
1584.464,1,88,72,157,232,100.69,168.64,109.42
1585.053,0,97,110,184,220,76.62,169.30,89.21
1585.124,1,89,72,157,232,101.09,168.42,109.01
1585.736,0,98,110,184,219,76.54,168.46,88.92
1585.811,1,89,72,156,233,101.61,168.42,108.52
1586.326,0,97,109,183,220,77.37,169.00,89.70
1586.403,1,89,72,157,232,101.09,168.42,109.01
1586.989,0,97,109,183,220,77.37,169.00,89.70
1587.052,1,88,72,157,232,100.69,168.64,109.42
1587.596,0,97,109,182,220,77.59,168.55,89.57
1587.669,1,89,72,156,233,101.61,168.42,108.52
1588.257,0,97,109,182,220,77.59,168.55,89.57
1588.329,1,90,72,157,232,101.50,168.21,108.61
1588.916,0,96,109,181,220,77.47,168.36,90.01
1588.992,1,90,72,157,232,101.50,168.21,108.61
1589.518,0,96,109,180,219,77.29,167.35,90.17
1589.588,1,90,73,156,232,101.27,167.71,107.75
1590.174,0,97,109,180,219,77.63,167.08,89.60
1590.256,1,90,73,157,232,101.09,168.17,107.99
1590.841,0,97,110,179,220,77.73,167.04,88.54
1590.918,1,90,73,157,233,101.43,168.63,107.74
1591.448,0,96,110,179,220,77.39,167.31,89.11
1591.525,1,90,73,157,232,101.09,168.17,107.99
1592.112,0,96,110,180,220,77.16,167.76,89.25
1592.186,1,90,73,157,231,100.74,167.71,108.24
1592.781,0,96,110,180,221,77.57,168.32,88.95
1592.857,1,91,73,157,230,100.81,167.04,108.08
1593.385,0,95,110,180,220,76.82,168.03,89.83
1593.461,1,91,73,157,231,101.15,167.50,107.83
1594.048,0,95,110,180,220,76.82,168.03,89.83
1594.122,1,91,73,157,231,101.15,167.50,107.83
1594.636,0,95,110,180,220,76.82,168.03,89.83
1594.713,1,90,73,156,231,100.93,167.25,108.00
1595.315,0,95,110,180,219,76.42,167.47,90.13
1595.972,0,95,110,179,219,76.65,167.02,90.00
1596.046,1,90,72,155,232,101.86,167.28,108.13
1596.553,0,95,110,181,219,76.20,167.92,90.27
1596.634,1,90,73,155,232,101.45,167.24,107.51
1597.236,0,96,109,181,218,76.66,167.24,90.62
1597.306,1,90,73,155,233,101.79,167.70,107.26
1597.899,0,95,109,182,219,76.51,168.51,91.03
1597.974,1,90,73,155,232,101.45,167.24,107.51
1598.486,0,96,109,181,219,77.07,167.80,90.31
1598.565,1,90,72,156,232,101.68,167.75,108.37
1599.157,0,96,110,182,219,76.31,168.09,89.82
1599.240,1,90,73,156,232,101.27,167.71,107.75
1599.823,0,96,109,181,220,77.47,168.36,90.01
1599.896,1,90,73,156,233,101.61,168.16,107.50
1600.395,0,95,109,180,220,77.35,168.18,90.45
1600.474,1,90,73,156,232,101.27,167.71,107.75
1601.085,0,96,109,180,220,77.69,167.91,89.87
1601.156,1,90,73,157,232,101.09,168.17,107.99
1601.746,0,96,109,180,220,77.69,167.91,89.87
1601.823,1,90,74,158,232,100.50,168.60,107.60
1602.333,0,96,110,180,220,77.16,167.76,89.25
1602.408,1,90,73,158,232,100.91,168.64,108.23
1603.011,0,95,110,179,219,76.65,167.02,90.00
1603.088,1,90,73,158,0,83.05,140.70,130.24
1603.603,0,95,110,179,219,76.65,167.02,90.00
1603.678,1,90,73,157,233,101.43,168.63,107.74
1604.262,0,96,110,179,219,76.99,166.75,89.42
1604.348,1,90,73,157,232,101.09,168.17,107.99
1604.878,0,96,110,179,220,77.39,167.31,89.11
1604.951,1,90,73,157,231,100.75,167.71,108.24
1605.540,0,95,110,180,219,76.42,167.47,90.13
1605.607,1,90,73,157,232,101.09,168.17,107.99
1606.202,0,95,110,180,219,76.42,167.47,90.13
1606.272,1,90,73,156,232,101.27,167.71,107.75
1606.796,0,95,110,179,218,76.25,166.47,90.31
1606.875,1,91,73,157,232,101.50,167.96,107.58
1607.464,0,96,110,179,219,76.99,166.75,89.42
1607.541,1,90,73,157,232,101.09,168.17,107.99
1608.128,0,96,109,179,219,77.51,166.90,90.04
1608.193,1,90,73,157,232,101.09,168.17,107.99
1608.731,0,96,109,179,218,77.11,166.34,90.35
1608.797,1,90,73,157,233,101.43,168.63,107.74
1609.379,0,96,109,180,219,77.29,167.35,90.17
1609.457,1,90,73,157,232,101.09,168.17,107.99
1610.051,0,96,109,180,220,77.69,167.91,89.87
1610.127,1,89,72,157,230,100.41,167.51,109.52
1610.651,0,96,109,181,220,77.47,168.36,90.01
1610.729,1,89,72,158,230,100.24,167.97,109.76
1611.319,0,97,109,181,219,77.40,167.53,89.73
1611.392,1,89,72,158,231,100.58,168.43,109.51
1611.978,0,97,110,180,219,77.10,166.93,88.98
1612.057,1,90,73,158,231,100.57,168.18,108.48
1612.586,0,97,109,181,218,77.00,166.97,90.04
1612.664,1,90,73,157,231,100.75,167.71,108.24
1613.246,0,97,109,181,219,77.41,167.53,89.73
1613.331,1,90,73,156,231,100.93,167.25,108.00
1613.841,0,96,109,181,219,77.07,167.80,90.31
1613.917,1,91,72,157,231,101.56,167.54,108.45
1614.517,0,95,110,181,220,76.60,168.48,89.97
1614.590,1,90,72,157,231,101.16,167.75,108.86
1615.175,0,95,109,181,221,77.53,169.19,90.29
1615.248,1,90,71,157,232,101.91,168.24,109.23
1615.758,0,96,110,180,220,77.16,167.76,89.25
1615.833,1,90,71,157,232,101.91,168.24,109.23
1616.431,0,96,110,180,220,77.16,167.76,89.25
1617.082,0,96,110,178,220,77.62,166.86,88.98
1617.148,1,90,71,156,232,102.08,167.78,108.98
1617.686,0,96,110,180,220,77.16,167.76,89.25
1617.764,1,90,71,157,232,101.91,168.24,109.23
1618.365,0,95,109,180,220,77.35,168.18,90.45
1618.436,1,90,71,157,233,102.25,168.70,108.98
1618.951,0,96,110,180,220,77.16,167.76,89.25
1619.035,1,90,71,158,232,101.73,168.71,109.48
1619.620,0,96,110,180,220,77.16,167.76,89.25
1619.701,1,91,71,158,232,102.14,168.50,109.07
1620.299,0,95,110,181,220,76.60,168.48,89.97
1620.378,1,90,72,156,232,101.68,167.75,108.37
1620.886,0,94,111,179,220,76.18,167.70,89.66
1620.949,1,90,72,157,232,101.50,168.21,108.61
1621.539,0,95,111,179,220,76.52,167.43,89.08
1621.615,1,89,72,157,232,101.09,168.42,109.01
1622.206,0,95,111,179,221,76.92,167.99,88.78
1622.286,1,89,73,157,233,101.02,168.85,108.15
1622.805,0,95,111,179,221,76.92,167.99,88.78
1622.881,1,89,73,157,233,101.02,168.85,108.15
1623.453,0,95,111,179,223,77.73,169.10,88.19
1623.536,1,90,72,157,232,101.50,168.21,108.61
1624.142,0,94,111,178,222,77.20,168.36,88.92
1624.214,1,90,72,157,232,101.50,168.21,108.61
1624.721,0,95,110,179,222,77.85,168.69,89.09
1624.801,1,90,72,156,232,101.68,167.75,108.37
1625.387,0,94,111,179,221,76.58,168.26,89.35
1625.451,1,89,72,156,232,101.27,167.96,108.77
1625.994,0,95,111,178,220,76.75,166.98,88.94
1626.071,1,90,72,156,232,101.68,167.75,108.37
1626.657,0,95,111,179,219,76.12,166.87,89.39
1626.721,1,89,72,156,232,101.27,167.96,108.77
1627.317,0,96,111,179,219,76.46,166.60,88.81
1627.388,1,89,72,156,232,101.27,167.96,108.77
1627.986,0,95,110,179,218,76.25,166.47,90.31
1628.054,1,89,72,156,233,101.61,168.42,108.52
1628.563,0,95,110,180,219,76.42,167.47,90.13
1628.636,1,89,73,156,232,100.86,167.93,108.15
1629.212,0,97,110,183,220,76.84,168.84,89.07
1629.293,1,90,73,155,231,101.11,166.79,107.77
1629.893,0,96,110,183,219,76.09,168.54,89.96
1629.974,1,90,74,155,232,101.04,167.20,106.90
1630.495,0,96,110,181,219,76.53,167.65,89.69
1630.559,1,90,74,156,232,100.86,167.67,107.13
1631.162,0,96,110,181,220,76.94,168.21,89.38
1631.241,1,89,74,156,232,100.45,167.89,107.54
1631.795,0,96,111,181,220,76.41,168.06,88.77
1631.861,1,89,74,156,232,100.45,167.89,107.54
1632.444,0,95,111,179,220,76.52,167.43,89.08
1632.522,1,89,74,155,233,100.97,167.88,107.06
1633.036,0,95,110,180,220,76.82,168.03,89.83
1633.109,1,89,75,156,233,100.38,168.30,106.68
1633.712,0,95,110,179,221,77.45,168.14,89.39
1633.786,1,89,74,155,232,100.63,167.42,107.31
1634.363,0,96,111,178,220,77.09,166.71,88.37
1634.444,1,90,74,156,233,101.20,168.12,106.88
1635.016,0,95,111,179,221,76.92,167.99,88.78
1635.100,1,89,74,155,232,100.63,167.42,107.31
1635.622,0,95,111,179,220,76.52,167.43,89.08
1635.701,1,89,74,156,232,100.45,167.89,107.54
1636.287,0,95,111,178,220,76.75,166.98,88.94
1636.366,1,90,73,156,232,101.27,167.71,107.75
1636.874,0,94,111,177,221,77.04,167.36,89.08
1636.953,1,90,72,156,232,101.68,167.75,108.37
1637.571,0,94,111,177,221,77.04,167.36,89.08
1637.637,1,90,72,156,231,101.33,167.29,108.62
1638.159,0,94,110,176,221,77.78,167.06,89.55
1638.239,1,90,72,157,231,101.16,167.75,108.86
1638.825,0,95,110,178,221,77.67,167.69,89.25
1638.905,1,89,72,156,231,100.93,167.51,109.02
1639.492,0,95,110,178,221,77.67,167.69,89.25
1639.570,1,89,72,156,232,101.27,167.96,108.77
1640.089,0,95,110,177,221,77.90,167.23,89.11
1640.157,1,89,72,156,231,100.93,167.51,109.02
1640.736,0,95,110,176,220,77.73,166.23,89.28
1640.809,1,89,73,155,232,101.04,167.46,107.92
1641.417,0,95,110,177,219,77.11,166.13,89.73
1641.493,1,90,73,155,233,101.79,167.70,107.26
1642.007,0,95,110,176,220,77.73,166.23,89.28
1642.067,1,90,73,155,233,101.79,167.70,107.26
1642.657,0,95,110,177,220,77.50,166.68,89.42
1642.737,1,89,73,155,233,101.38,167.92,107.67
1643.335,0,94,110,178,219,76.54,166.85,90.44
1643.415,1,89,73,156,233,101.20,168.38,107.91
1643.914,0,94,110,178,219,76.54,166.85,90.44
1643.991,1,89,73,155,233,101.38,167.92,107.67
1644.579,0,94,110,178,219,76.54,166.85,90.44
1644.659,1,89,73,156,233,101.20,168.38,107.91
1645.262,0,94,109,179,219,76.83,167.44,91.19
1645.337,1,89,72,157,232,101.09,168.42,109.01
1645.850,0,94,109,179,219,76.83,167.44,91.19
1645.917,1,89,72,156,233,101.61,168.42,108.52
1646.514,0,94,110,179,219,76.31,167.30,90.57
1646.586,1,89,72,156,232,101.27,167.96,108.77
1647.119,0,95,110,178,219,76.88,166.58,89.86
1647.200,1,90,73,156,231,100.93,167.25,108.00
1647.770,0,95,110,178,219,76.88,166.58,89.86
1647.855,1,89,73,156,231,100.52,167.47,108.41
1648.439,0,95,110,178,219,76.88,166.58,89.86
1648.516,1,89,73,156,231,100.52,167.47,108.41
1649.040,0,96,110,178,219,77.22,166.30,89.29
1649.101,1,88,73,156,232,100.46,168.14,108.56
1649.696,0,96,109,179,220,77.91,167.46,89.73
1649.771,1,89,73,155,233,101.38,167.92,107.67
1650.356,0,96,109,178,219,77.74,166.45,89.90
1650.432,1,89,73,156,232,100.86,167.93,108.15
1651.027,0,96,109,179,220,77.91,167.46,89.73
1651.103,1,90,73,156,232,101.27,167.71,107.75
1651.608,0,97,110,178,221,78.36,167.14,88.11
1652.275,0,96,110,178,221,78.02,167.41,88.68
1652.354,1,90,72,156,232,101.68,167.75,108.37
1652.885,0,96,110,177,220,77.85,166.41,88.85
1652.960,1,90,72,156,232,101.68,167.75,108.37
1653.542,0,95,109,176,220,78.25,166.38,89.89
1653.617,1,90,73,156,232,101.27,167.71,107.75
1654.195,0,95,109,177,220,78.02,166.83,90.03
1654.268,1,90,72,156,231,101.33,167.29,108.62
1654.792,0,95,110,178,220,77.27,167.13,89.55
1654.871,1,89,72,156,232,101.27,167.96,108.77
1655.443,0,96,111,178,220,77.09,166.71,88.37
1655.524,1,90,73,156,231,100.93,167.25,108.00
1656.094,0,96,111,180,220,76.63,167.61,88.63
1656.186,1,89,73,157,231,100.34,167.93,108.65
1656.786,0,96,110,180,221,77.57,168.32,88.95
1656.855,1,88,73,156,232,100.46,168.14,108.56
1657.377,0,96,110,181,220,76.94,168.21,89.38
1657.450,1,89,73,156,232,100.86,167.93,108.15
1658.027,0,96,110,179,220,77.39,167.31,89.11
1658.706,0,98,110,181,222,78.44,168.80,87.64
1658.773,1,89,73,156,233,101.20,168.38,107.91
1659.286,0,97,109,181,221,78.22,168.66,89.13
1659.366,1,89,73,156,233,101.20,168.38,107.91
1659.952,0,97,110,181,221,77.69,168.50,88.51
1660.026,1,90,72,157,233,101.84,168.67,108.36
1660.616,0,97,109,180,220,78.03,167.64,89.29
1660.697,1,89,73,157,233,101.02,168.85,108.15
1661.189,0,97,110,179,220,77.73,167.04,88.54
1661.276,1,90,74,157,233,101.02,168.59,107.12
1661.856,0,96,109,179,220,77.91,167.46,89.73
1661.926,1,90,73,157,232,101.09,168.17,107.99
1662.522,0,96,109,180,220,77.69,167.91,89.87
1662.600,1,90,73,157,233,101.43,168.63,107.74
1663.183,0,96,110,179,220,77.39,167.31,89.11
1663.258,1,90,73,157,232,101.09,168.17,107.99
1663.757,0,95,110,179,220,77.05,167.58,89.69
1663.841,1,89,73,157,232,100.68,168.39,108.39
1664.443,0,95,110,177,220,77.50,166.68,89.42
1664.503,1,90,73,158,232,100.91,168.64,108.23
1665.098,0,96,110,177,219,77.45,165.85,89.16
1665.172,1,90,74,157,232,100.68,168.13,107.36
1665.684,0,96,110,0,220,68.93,189.54,97.11
1665.760,1,90,74,156,231,100.51,167.21,107.38
1666.356,0,96,110,177,219,77.45,165.85,89.16
1666.431,1,89,75,156,231,99.70,167.39,107.18
1667.010,0,98,110,179,219,77.67,166.20,88.28
1667.085,1,89,75,156,231,99.70,167.39,107.18
1667.596,0,98,109,178,219,78.42,165.91,88.77
1667.671,1,88,74,156,232,100.05,168.11,107.95
1668.259,0,97,110,177,219,77.79,165.58,88.59
1668.338,1,89,74,156,233,100.79,168.34,107.29
1668.923,0,96,110,177,219,77.45,165.85,89.16
1669.002,1,89,74,156,233,100.79,168.34,107.29
1669.586,1,89,74,156,233,100.79,168.34,107.29
1670.184,0,96,110,177,220,77.85,166.41,88.85
1670.255,1,89,74,156,232,100.45,167.89,107.54
1670.842,0,96,110,177,220,77.85,166.41,88.85
1670.916,1,90,73,157,232,101.09,168.17,107.99
1671.491,0,96,110,176,220,78.08,165.96,88.72
1671.576,1,90,73,156,232,101.27,167.71,107.75
1672.106,0,96,109,177,219,77.97,166.00,89.77
1672.182,1,90,73,156,233,101.61,168.16,107.50
1672.765,0,96,110,177,220,77.85,166.41,88.85
1672.840,1,90,73,156,233,101.61,168.16,107.50
1673.426,0,96,110,178,220,77.62,166.86,88.98
1673.490,1,90,73,157,233,101.43,168.63,107.74
1674.013,0,97,110,179,220,77.73,167.04,88.54
1674.103,1,91,73,156,234,102.37,168.40,106.85
1674.682,0,97,110,178,221,78.36,167.14,88.11
1674.759,1,91,74,156,234,101.96,168.36,106.22
1675.336,0,98,110,177,221,78.94,166.41,87.42
1675.413,1,91,74,155,234,102.14,167.89,105.99
1675.954,0,97,109,177,221,79.11,166.84,88.59
1676.018,1,91,74,155,233,101.79,167.43,106.24
1676.619,0,96,109,177,221,78.76,167.11,89.16
1676.687,1,90,74,155,233,101.38,167.66,106.65
1677.210,0,97,109,178,222,79.29,167.85,88.43
1677.286,1,90,74,155,232,101.04,167.20,106.90
1677.901,0,96,110,179,222,78.19,168.42,88.52
1677.965,1,90,75,155,231,100.29,166.70,106.54
1678.490,0,95,110,179,222,77.85,168.69,89.09
1678.563,1,90,74,155,231,100.70,166.74,107.15
1679.149,0,95,110,178,221,77.67,167.69,89.25
1679.227,1,89,74,155,232,100.63,167.42,107.31
1679.825,0,95,109,178,220,77.79,167.28,90.17
1679.900,1,89,75,155,232,100.23,167.38,106.69
1680.410,0,95,108,178,220,78.31,167.42,90.78
1680.483,1,90,75,155,232,100.63,167.16,106.28
1681.058,0,96,109,178,220,78.14,167.01,89.60
1681.137,1,91,74,156,232,101.27,167.45,106.72
1681.736,0,96,109,178,221,78.54,167.56,89.29
1681.814,1,91,75,156,232,100.86,167.40,106.10
1682.319,0,96,109,178,220,78.14,167.01,89.60
1682.386,1,90,75,156,232,100.45,167.62,106.51
1682.978,0,96,110,177,220,77.85,166.41,88.85
1683.052,1,90,73,156,233,101.61,168.16,107.50
1683.650,0,95,110,177,220,77.50,166.68,89.42
1683.717,1,90,73,157,233,101.43,168.63,107.74
1684.242,0,95,109,177,220,78.02,166.83,90.03
1684.319,1,91,73,157,233,101.84,168.41,107.33
1684.902,0,95,109,177,220,78.02,166.83,90.03
1684.974,1,90,73,157,233,101.43,168.63,107.74
1685.517,0,95,109,177,219,77.63,166.28,90.34
1685.586,1,90,74,157,233,101.02,168.59,107.12
1686.179,0,96,109,175,219,78.43,165.10,89.50
1686.249,1,90,74,156,233,101.20,168.12,106.88
1686.836,0,95,109,175,218,77.70,164.83,90.38
1686.915,1,90,74,155,233,101.38,167.66,106.65
1687.438,0,96,109,174,219,78.66,164.65,89.37
1687.523,1,91,74,156,233,101.61,167.90,106.47
1688.102,0,96,110,177,219,77.45,165.85,89.16
1688.179,1,91,74,156,233,101.61,167.90,106.47
1688.750,0,96,110,177,220,77.85,166.41,88.85
1688.838,1,90,73,156,233,101.61,168.16,107.50
1689.367,0,96,110,178,221,78.02,167.41,88.68
1689.447,1,90,73,156,233,101.61,168.16,107.50
1690.036,0,96,110,179,221,77.79,167.87,88.81
1690.110,1,90,73,155,234,102.13,168.15,107.02
1690.686,0,96,111,179,221,77.27,167.72,88.20
1690.774,1,89,72,155,233,101.79,167.95,108.28
1691.302,0,96,111,179,221,77.27,167.72,88.20
1691.376,1,89,72,155,233,101.79,167.95,108.28
1691.967,0,95,111,179,220,76.52,167.43,89.08
1692.044,1,89,72,155,233,101.79,167.95,108.28
1692.559,0,95,111,179,220,76.52,167.43,89.08
1692.634,1,90,72,154,233,102.38,167.27,107.65
1693.240,0,96,110,179,220,77.39,167.31,89.11
1693.318,1,90,71,154,233,102.78,167.30,108.26
1693.903,0,96,110,178,220,77.62,166.86,88.98
1693.980,1,89,72,154,232,101.63,167.04,108.29
1694.492,0,96,109,182,220,77.25,168.81,90.15
1694.566,1,90,72,156,232,101.68,167.75,108.37
1695.165,0,96,110,180,220,77.16,167.76,89.25
1695.253,1,89,72,155,232,101.45,167.50,108.53
1695.770,0,95,109,180,220,77.35,168.18,90.45
1695.843,1,90,71,155,232,102.26,167.32,108.74
1696.435,0,94,110,178,220,76.93,167.40,90.13
1696.508,1,90,71,155,232,102.26,167.32,108.74
1697.035,0,95,110,179,220,77.05,167.58,89.69
1697.697,0,95,110,180,221,77.22,168.59,89.53
1697.760,1,90,72,156,231,101.33,167.29,108.62
1698.365,0,96,109,182,220,77.25,168.81,90.15
1698.435,1,90,72,157,232,101.50,168.21,108.61
1698.969,0,95,108,182,220,77.44,169.23,91.36
1699.045,1,91,72,157,232,101.91,168.00,108.20
1699.611,0,96,108,183,219,77.16,168.85,91.22
1699.700,1,91,73,157,232,101.50,167.96,107.58
1700.288,0,97,109,184,218,76.34,168.31,90.45
1700.360,1,90,73,158,233,101.25,169.10,107.98
1700.886,0,97,110,183,219,76.43,168.27,89.37
1700.965,1,90,73,157,232,101.09,168.17,107.99
1701.550,0,96,111,181,219,76.00,167.49,89.07
1701.627,1,90,74,157,233,101.02,168.59,107.12
1702.214,0,97,111,181,219,76.34,167.22,88.49
1702.286,1,91,74,156,232,101.27,167.45,106.72
1702.817,0,97,111,181,219,76.34,167.22,88.49
1702.904,1,91,74,155,231,101.11,166.52,106.74
1703.491,0,96,110,181,219,76.53,167.65,89.69
1703.564,1,92,74,156,231,101.33,166.76,106.56
1704.083,0,96,110,180,220,77.16,167.76,89.25
1704.146,1,92,73,156,232,102.09,167.27,106.93
1704.762,0,95,110,180,220,76.82,168.03,89.83
1704.842,1,91,73,157,232,101.50,167.96,107.58
1705.417,0,96,110,180,221,77.57,168.32,88.95
1705.494,1,90,73,157,232,101.09,168.17,107.99
1706.007,0,96,110,179,221,77.79,167.87,88.81
1706.090,1,90,73,157,232,101.09,168.17,107.99
1706.684,0,96,110,177,221,78.25,166.96,88.55
1706.759,1,89,72,157,232,101.09,168.42,109.01
1707.343,0,96,110,177,220,77.85,166.41,88.85
1707.419,1,89,72,157,232,101.09,168.42,109.01
1707.933,0,96,109,178,220,78.14,167.01,89.60
1708.005,1,89,73,158,232,100.50,168.85,108.64
1708.594,0,96,109,179,221,78.31,168.02,89.43
1708.672,1,90,72,158,232,101.32,168.67,108.85
1709.267,0,96,109,181,220,77.47,168.36,90.01
1709.343,1,90,71,157,233,102.25,168.70,108.98
1709.859,0,96,108,180,219,77.81,167.50,90.80
1709.942,1,90,71,157,232,101.91,168.24,109.23
1710.478,0,96,108,180,218,77.41,166.94,91.11
1710.553,1,89,72,158,232,100.92,168.89,109.26
1711.136,0,96,109,180,218,76.89,166.79,90.49
1711.215,1,89,72,158,232,100.92,168.89,109.26
1711.811,0,96,108,179,218,77.64,166.49,90.97
1711.890,1,89,72,158,232,100.92,168.89,109.26
1712.416,0,96,109,182,220,77.25,168.81,90.15
1712.493,1,89,72,158,231,100.58,168.43,109.51
1713.081,0,96,109,183,219,76.63,168.70,90.59
1713.157,1,89,72,159,231,100.40,168.89,109.76
1713.740,0,95,109,182,218,76.11,167.95,91.34
1713.803,1,89,72,159,231,100.40,168.89,109.76
1714.352,0,96,110,182,218,75.91,167.53,90.13
1714.425,1,88,72,158,232,100.51,169.10,109.67
1715.003,0,96,110,181,219,76.53,167.65,89.69
1715.078,1,88,72,157,232,100.69,168.64,109.42
1715.665,0,97,110,181,219,76.87,167.38,89.11
1715.736,1,88,73,157,231,99.94,168.15,109.06
1716.276,0,97,110,181,219,76.87,167.38,89.11
1716.352,1,89,72,156,232,101.27,167.96,108.77
1716.936,0,96,110,181,220,76.94,168.21,89.38
1717.015,1,89,72,156,232,101.27,167.96,108.77
1717.524,0,96,110,180,221,77.57,168.32,88.95
1717.600,1,89,73,156,232,100.86,167.93,108.15
1718.217,0,96,110,180,221,77.57,168.32,88.95
1718.286,1,89,73,156,232,100.86,167.93,108.15
1718.815,0,97,110,182,220,77.06,168.39,88.94
1718.886,1,90,72,155,231,101.52,166.83,108.38
1719.470,0,97,109,185,220,76.94,169.91,89.98
1719.535,1,89,73,155,231,100.70,167.01,108.17
1720.146,0,97,109,183,219,76.96,168.43,90.00
1720.215,1,90,73,156,231,100.93,167.25,108.00
1720.728,0,97,110,181,219,76.87,167.38,89.11
1720.802,1,90,73,156,232,101.27,167.71,107.75
1721.384,0,98,109,182,219,77.52,167.71,89.29
1721.453,1,90,73,156,232,101.27,167.71,107.75
1722.071,0,97,109,181,219,77.40,167.53,89.73
1722.147,1,90,72,156,232,101.68,167.75,108.37
1722.665,0,98,109,181,219,77.75,167.26,89.16
1722.744,1,89,72,156,231,100.93,167.51,109.02
1723.338,0,98,109,179,220,78.60,166.92,88.59
1723.418,1,89,73,156,232,100.86,167.93,108.15
1723.933,0,97,109,178,220,78.48,166.74,89.03
1724.014,1,89,73,156,232,100.86,167.93,108.15
1724.603,0,98,110,177,220,78.54,165.86,87.72
1724.686,1,90,73,156,232,101.27,167.71,107.75
1725.199,0,98,109,177,219,78.66,165.45,88.64
1725.273,1,90,73,157,231,100.75,167.71,108.24
1725.852,0,97,109,177,220,78.71,166.28,88.90
1725.946,1,90,72,157,231,101.16,167.75,108.86
1726.536,0,97,109,177,221,79.11,166.84,88.59
1726.614,1,89,73,158,232,100.50,168.85,108.64
1727.133,0,97,110,178,220,77.96,166.58,88.41
1727.207,1,90,72,157,233,101.84,168.67,108.36
1727.798,0,97,110,177,220,78.19,166.13,88.28
1727.887,1,90,72,156,232,101.68,167.75,108.37
1728.400,0,96,110,177,219,77.45,165.85,89.16
1728.463,1,89,73,156,233,101.20,168.38,107.91
1729.061,0,96,110,179,219,76.99,166.75,89.42
1729.136,1,90,73,156,233,101.61,168.16,107.50
1729.730,0,95,109,179,221,77.97,168.28,90.00
1729.822,1,90,74,156,233,101.20,168.12,106.88
1730.341,0,95,109,179,220,77.57,167.73,90.31
1730.417,1,90,72,155,233,102.20,167.73,107.88
1731.001,0,95,109,188,221,76.05,172.35,91.32
1731.078,1,90,72,156,233,102.02,168.20,108.12
1731.590,0,96,109,196,220,74.39,175.14,92.22
1731.663,1,90,72,159,233,101.49,169.60,108.85
1732.272,0,96,110,204,221,72.78,179.23,92.54
1732.346,1,89,72,161,233,100.74,170.73,109.77
1732.944,0,96,110,199,220,73.24,176.33,92.00
1733.017,1,90,72,162,233,100.99,170.99,109.62
1733.533,0,96,110,206,220,71.99,179.52,93.12
1733.607,1,89,71,163,232,100.49,171.22,111.18
1734.214,0,96,110,200,220,73.06,176.79,92.16
1734.288,1,90,72,162,233,100.99,170.99,109.62
1734.801,0,95,109,195,220,74.25,174.93,92.69
1734.864,1,90,73,161,232,100.39,170.03,108.97
1735.453,0,95,109,193,220,74.64,174.03,92.38
1735.540,1,90,73,160,232,100.56,169.57,108.72
1736.147,0,95,110,190,220,74.68,172.52,91.26
1736.225,1,90,73,160,232,100.56,169.57,108.72
1736.735,0,97,110,187,220,75.97,170.65,89.62
1736.801,1,90,72,160,232,100.98,169.60,109.35
1737.401,0,97,109,185,220,76.94,169.91,89.98
1737.467,1,90,72,159,232,101.15,169.14,109.10
1738.002,0,96,109,183,220,77.03,169.26,90.29
1738.074,1,90,72,159,232,101.15,169.14,109.10
1738.662,0,96,109,182,218,76.44,167.68,90.76
1738.741,1,90,72,159,233,101.49,169.60,108.85
1739.314,0,95,108,180,218,77.08,167.21,91.69
1739.394,1,90,72,159,233,101.49,169.60,108.85
1739.917,0,96,108,179,218,77.64,166.49,90.97
1739.986,1,89,72,158,233,101.26,169.34,109.01
1740.560,0,95,108,178,217,77.13,165.76,91.72
1740.636,1,89,72,157,232,101.09,168.42,109.01
1741.236,0,97,108,179,218,77.98,166.22,90.40
1741.313,1,89,73,157,232,100.68,168.39,108.39
1741.844,0,96,108,177,218,78.09,165.60,90.70
1741.920,1,89,74,156,232,100.45,167.89,107.54
1742.509,0,96,108,176,218,78.32,165.15,90.56
1742.586,1,90,73,156,232,101.27,167.71,107.75
1743.177,0,96,108,177,218,78.09,165.60,90.70
1743.254,1,90,72,157,233,101.84,168.67,108.36
1743.788,0,96,107,177,219,79.00,166.30,91.00
1743.867,1,91,73,157,233,101.84,168.41,107.33
1744.461,0,96,108,189,219,75.91,171.55,92.10
1744.536,1,91,73,158,233,101.67,168.88,107.57
1745.054,0,95,109,187,219,75.44,170.75,91.76
1745.128,1,91,72,167,234,100.95,173.60,110.30
1745.727,0,96,109,186,218,75.57,169.47,91.32
1745.801,1,90,73,167,234,100.12,173.76,110.08
1746.384,0,96,109,185,219,76.19,169.59,90.87
1746.460,1,91,73,165,233,100.49,172.16,109.34
1746.969,0,96,109,183,219,76.63,168.70,90.59
1747.043,1,90,74,165,233,99.66,172.33,109.12
1747.650,0,96,109,182,218,76.44,167.68,90.76
1747.724,1,91,74,164,232,99.88,171.19,108.67
1748.303,0,96,109,181,219,77.07,167.80,90.31
1748.381,1,91,75,165,233,99.64,172.09,108.04
1748.896,0,97,109,181,218,77.00,166.97,90.04
1748.970,1,91,74,164,234,100.58,172.13,108.19
1749.569,0,96,109,180,219,77.29,167.35,90.17
1749.642,1,90,74,163,234,100.34,171.86,108.36
1750.158,0,96,110,180,218,76.36,166.64,89.87
1750.234,1,90,74,162,234,100.50,171.39,108.10
1750.827,0,97,109,180,219,77.63,167.08,89.60
1750.902,1,90,72,162,233,100.99,170.99,109.62
1751.509,0,96,109,180,218,76.89,166.79,90.49
1751.578,1,90,73,160,234,101.25,170.49,108.23
1752.087,0,97,109,178,218,77.68,165.62,89.65
1752.173,1,89,73,159,234,101.02,170.23,108.40
1752.758,0,97,110,196,218,73.27,173.52,91.48
1752.818,1,90,72,159,233,101.49,169.60,108.85
1753.359,0,97,109,196,218,73.86,173.69,92.16
1753.436,1,90,71,159,234,102.25,170.09,109.24
1754.024,0,97,109,192,218,74.65,171.89,91.57
1754.088,1,90,73,158,234,101.60,169.55,107.74
1754.677,0,97,109,190,219,75.48,171.58,90.99
1754.755,1,90,72,158,234,102.01,169.59,108.36
1755.278,0,96,109,188,219,75.56,170.94,91.30
1755.355,1,90,72,158,234,102.01,169.59,108.36
1755.946,0,96,108,186,219,76.53,170.20,91.66
1756.025,1,89,71,159,233,101.49,169.84,109.89
1756.605,0,97,108,184,218,76.88,168.47,91.09
1756.686,1,89,71,158,234,102.01,169.83,109.39
1757.223,0,98,109,183,219,77.30,168.17,89.42
1757.289,1,89,71,157,234,102.18,169.36,109.14
1757.891,0,97,109,182,219,77.18,167.98,89.87
1757.968,1,89,72,157,234,101.77,169.33,108.52
1758.491,0,96,109,181,219,77.07,167.80,90.31
1758.566,1,89,72,157,234,101.77,169.33,108.52
1759.165,0,98,110,180,219,77.44,166.65,88.40
1759.236,1,90,72,156,234,102.36,168.65,107.87
1759.743,0,98,110,180,218,77.03,166.09,88.72
1759.833,1,91,73,155,233,102.20,167.48,106.86
1760.418,0,98,109,180,218,77.56,166.25,89.34
1760.492,1,91,73,156,233,102.02,167.95,107.09
1761.086,0,98,110,180,218,77.03,166.09,88.72
1761.161,1,91,73,155,233,102.20,167.48,106.86
1761.744,0,97,110,180,218,76.70,166.36,89.29
1761.818,1,91,72,156,233,102.43,167.98,107.71
1762.332,0,97,110,180,219,77.10,166.93,88.98
1762.410,1,91,72,155,233,102.61,167.52,107.48
1763.011,0,97,109,180,219,77.63,167.08,89.60
1763.086,1,91,72,156,234,102.77,168.44,107.47
1763.607,0,97,109,181,220,77.81,168.09,89.43
1763.683,1,91,73,155,233,102.20,167.48,106.86
1764.254,0,98,109,181,220,78.15,167.83,88.86
1764.337,1,91,72,156,232,102.08,167.53,107.96
1764.874,0,98,110,180,219,77.44,166.65,88.40
1764.957,1,90,72,155,233,102.20,167.73,107.88
1765.536,0,98,110,178,219,77.90,165.75,88.15
1765.603,1,90,72,156,232,101.68,167.75,108.37
1766.194,0,97,109,180,219,77.63,167.08,89.60
1766.257,1,90,71,157,233,102.25,168.70,108.98
1766.863,0,96,109,182,220,77.25,168.81,90.15
1766.939,1,90,72,157,233,101.84,168.67,108.36
1767.449,0,96,108,181,221,78.40,169.07,90.34
1767.530,1,90,72,157,232,101.50,168.21,108.61
1768.121,0,96,108,179,221,78.84,168.16,90.05
1768.189,1,90,72,157,231,101.16,167.75,108.86
1768.727,0,96,108,177,221,79.28,167.25,89.77
1768.804,1,91,72,158,232,101.73,168.46,108.44
1769.392,0,96,108,175,220,79.34,165.80,89.80
1769.472,1,91,71,159,232,101.97,168.96,109.32
1770.059,0,95,109,176,220,78.25,166.38,89.89
1770.122,1,91,70,159,233,102.72,169.45,109.71
1770.669,0,96,108,176,220,79.11,166.25,89.94
1770.745,1,91,71,159,234,102.66,169.88,108.83
1771.324,0,96,108,178,221,79.06,167.71,89.91
1771.410,1,91,71,157,234,103.00,168.94,108.34
1771.922,0,96,109,177,220,78.36,166.56,89.46
1772.000,1,91,71,158,232,102.14,168.50,109.07
1772.603,0,96,109,177,220,78.36,166.56,89.46
1772.668,1,90,72,156,233,102.02,168.20,108.12
1773.255,0,96,109,177,220,78.36,166.56,89.46
1773.336,1,90,73,156,233,101.61,168.16,107.50
1773.859,0,96,109,176,220,78.59,166.10,89.33
1773.936,1,90,73,156,233,101.61,168.16,107.50
1774.545,0,96,108,175,220,79.34,165.80,89.80
1774.620,1,90,72,156,234,102.36,168.65,107.87
1775.137,0,96,108,175,220,79.34,165.80,89.80
1775.216,1,90,73,155,233,101.79,167.70,107.26
1775.810,0,96,109,176,219,78.20,165.55,89.64
1775.886,1,90,73,155,233,101.79,167.70,107.26
1776.427,0,96,108,175,219,78.94,165.25,90.11
1776.504,1,91,73,155,232,101.86,167.02,107.11
1777.098,0,96,108,176,218,78.32,165.15,90.56
1777.162,1,90,73,156,231,100.93,167.25,108.00
1777.692,0,96,108,176,218,78.32,165.15,90.56
1777.771,1,90,73,156,231,100.93,167.25,108.00
1778.382,0,96,108,176,217,77.93,164.60,90.88
1778.456,1,90,73,157,230,100.40,167.26,108.49
1778.971,1,89,72,157,231,100.75,167.97,109.26
1779.624,0,96,108,177,221,79.28,167.25,89.77
1779.699,1,89,72,156,232,101.27,167.96,108.77
1780.297,0,97,109,177,223,79.92,167.94,88.01
1780.371,1,90,71,156,233,102.42,168.23,108.74
1780.882,0,97,109,177,222,79.51,167.39,88.30
1780.962,1,90,72,156,233,102.02,168.20,108.12
1781.540,0,97,109,180,221,78.44,168.20,89.00
1781.617,1,90,72,156,234,102.36,168.65,107.87
1782.223,0,97,109,178,222,79.29,167.85,88.43
1782.297,1,90,72,156,233,102.02,168.20,108.12
1782.819,0,97,110,177,220,78.19,166.13,88.28
1782.896,1,90,72,155,233,102.20,167.73,107.88
1783.471,0,97,110,177,220,78.19,166.13,88.28
1783.552,1,90,71,155,233,102.60,167.77,108.50
1784.090,0,97,110,178,220,77.96,166.58,88.41
1784.153,1,91,71,155,233,103.01,167.55,108.10
1784.740,0,97,110,178,219,77.56,166.03,88.72
1784.820,1,90,72,155,231,101.52,166.83,108.38
1785.405,0,98,110,179,218,77.26,165.64,88.59
1785.485,1,90,71,155,231,101.92,166.86,109.00
1786.007,0,97,110,179,218,76.93,165.92,89.16
1786.086,1,91,71,155,230,101.99,166.19,108.86
1786.659,0,97,111,179,218,76.40,165.76,88.55
1786.749,1,90,71,155,229,101.25,165.96,109.51
1787.332,0,97,111,179,217,76.00,165.20,88.87
1787.397,1,89,71,155,230,101.18,166.63,109.65
1787.925,0,96,110,178,217,76.42,165.19,89.92
1787.999,1,89,70,155,231,101.92,167.12,110.00
1788.585,0,97,110,177,217,76.99,164.46,89.23
1788.662,1,89,71,156,231,101.34,167.54,109.64
1789.252,0,97,109,177,217,77.51,164.62,89.84
1789.329,1,89,71,157,231,101.16,168.00,109.88
1789.857,0,97,110,177,218,77.39,165.02,88.91
1789.931,1,89,71,156,231,101.34,167.54,109.64
1790.517,0,96,109,177,218,77.57,165.45,90.08
1790.586,1,89,71,156,231,101.34,167.54,109.64
1791.169,0,97,109,177,218,77.91,165.17,89.52
1791.259,1,89,71,156,230,101.00,167.09,109.89
1791.786,0,97,110,177,217,76.99,164.46,89.23
1791.854,1,89,71,157,232,101.50,168.46,109.63
1792.439,0,96,110,176,218,77.29,164.85,89.34
1792.507,1,90,71,160,232,101.39,169.63,109.98
1793.097,0,96,111,184,218,74.92,168.26,89.78
1793.159,1,89,72,159,233,101.08,169.81,109.26
1793.705,0,96,111,183,218,75.14,167.82,89.64
1793.766,1,89,73,159,232,100.33,169.31,108.89
1794.352,0,97,112,187,218,74.03,169.16,88.94
1794.439,1,90,72,159,234,101.84,170.06,108.61
1795.013,0,96,111,185,221,75.93,170.43,89.01
1795.092,1,90,72,158,236,102.70,170.50,107.89
1795.615,0,96,111,183,222,76.78,170.09,88.45
1795.699,1,89,71,158,235,102.35,170.28,109.15
1796.271,0,95,110,183,223,77.38,171.07,89.38
1796.353,1,90,71,157,235,102.93,169.61,108.50
1796.937,0,95,110,182,222,77.19,170.05,89.52
1797.017,1,91,71,158,234,102.83,169.41,108.58
1797.547,0,97,110,182,221,77.47,168.96,88.64
1797.625,1,90,71,158,233,102.07,169.16,109.23
1798.209,0,96,110,182,223,77.94,170.35,88.65
1798.282,1,90,71,158,233,102.07,169.16,109.23
1798.856,0,95,110,182,244,86.26,182.21,84.54
1798.938,1,91,72,158,234,102.42,169.38,107.95
1799.456,0,95,110,182,240,84.60,180.04,85.26
1799.538,1,91,72,158,235,102.77,169.83,107.72
1800.122,0,96,110,181,237,83.93,177.67,85.11
1800.204,1,91,72,158,235,102.77,169.83,107.72
1800.724,0,96,110,182,234,82.48,176.50,85.91
1800.788,1,91,71,158,234,102.83,169.41,108.58
1801.405,0,96,110,181,232,81.86,174.91,86.20
1801.468,1,91,71,158,234,102.83,169.41,108.58
1801.990,0,96,109,181,230,81.55,173.95,87.30
1802.068,1,90,71,158,233,102.07,169.16,109.23
1802.676,0,96,109,181,228,80.73,172.84,87.80
1802.753,1,90,71,158,233,102.07,169.16,109.23
1803.287,0,95,110,179,227,79.86,171.46,87.70
1803.349,1,90,72,158,233,101.66,169.13,108.60
1803.956,0,95,110,179,225,79.05,170.36,88.24
1804.031,1,90,72,157,233,101.84,168.67,108.36
1804.601,0,95,110,178,225,79.27,169.90,88.10
1804.686,1,91,71,157,233,102.66,168.49,108.58
1805.220,0,95,109,179,224,79.17,169.95,89.14
1805.294,1,90,71,157,233,102.25,168.70,108.98
1805.894,0,96,110,178,222,78.42,167.97,88.38
1805.973,1,90,73,156,233,101.61,168.16,107.50
1806.488,0,96,111,177,221,77.73,166.81,87.94
1806.563,1,90,72,157,233,101.84,168.67,108.36
1807.164,0,96,111,177,221,77.73,166.81,87.94
1807.244,1,90,72,157,233,101.84,168.67,108.36
1807.751,0,97,111,178,221,77.84,166.99,87.50
1807.830,1,89,72,157,235,102.11,169.79,108.28
1808.420,0,97,111,180,221,77.38,167.90,87.76
1808.494,1,89,71,157,235,102.52,169.81,108.90
1809.094,0,97,111,177,221,78.07,166.53,87.37
1809.157,1,89,71,157,234,102.18,169.36,109.14
1809.687,0,97,111,178,220,77.44,166.43,87.80
1809.758,1,89,72,157,235,102.11,169.79,108.28
1810.347,0,98,111,178,219,77.37,165.59,87.54
1810.421,1,89,71,160,235,102.01,171.21,109.67
1810.957,0,98,111,178,219,77.37,165.59,87.54
1811.031,1,89,70,162,236,102.44,172.61,110.59
1811.621,0,98,110,182,218,76.58,166.99,88.97
1811.695,1,89,71,163,234,101.17,172.14,110.69
1812.288,0,97,111,184,218,75.25,167.99,89.18
1812.364,1,89,71,162,234,101.34,171.68,110.43
1812.904,0,97,111,183,218,75.48,167.54,89.06
1812.975,1,90,71,161,234,101.91,171.02,109.75
1813.566,0,98,111,185,217,74.94,167.59,89.03
1813.644,1,90,71,161,234,101.91,171.02,109.75
1814.161,0,98,110,182,218,76.58,166.99,88.97
1814.238,1,91,71,160,235,102.84,170.81,108.85
1814.843,0,98,110,181,219,77.21,167.10,88.53
1814.916,1,91,71,160,235,102.84,170.81,108.85
1815.501,0,98,110,180,219,77.44,166.65,88.40
1815.576,1,91,71,159,234,102.66,169.88,108.83
1816.088,0,97,110,180,219,77.10,166.93,88.98
1816.163,1,90,71,159,235,102.59,170.54,109.00
1816.772,0,96,110,178,219,77.22,166.30,89.29
1816.844,1,90,70,159,234,102.65,170.11,109.87
1817.365,0,96,109,177,219,77.97,166.00,89.77
1817.436,1,90,71,159,233,101.90,169.63,109.48
1818.017,0,96,109,176,219,78.20,165.55,89.64
1818.095,1,90,71,159,233,101.90,169.63,109.48
1818.711,0,97,110,176,219,78.02,165.13,88.47
1818.775,1,90,72,158,234,102.01,169.59,108.36
1819.286,0,98,111,177,219,77.61,165.14,87.42
1819.365,1,90,71,158,234,102.42,169.62,108.99
1819.960,0,98,111,178,219,77.37,165.59,87.54
1820.030,1,90,71,158,235,102.76,170.07,108.75
1820.638,0,97,110,177,218,77.39,165.02,88.91
1820.707,1,90,71,157,235,102.93,169.61,108.50
1821.218,0,96,111,176,218,76.77,164.70,88.74
1821.298,1,90,70,157,233,102.65,168.73,109.60
1821.891,0,96,111,176,218,76.77,164.70,88.74
1821.969,1,91,70,157,233,103.06,168.52,109.21
1822.469,0,96,110,177,218,77.05,165.30,89.47
1822.569,1,91,70,157,233,103.06,168.52,109.21
1823.149,0,96,110,177,217,76.66,164.74,89.80
1823.236,1,91,70,158,233,102.89,168.99,109.46
1823.823,0,96,110,176,218,77.29,164.85,89.34
1823.895,1,91,70,158,232,102.55,168.53,109.70
1824.417,0,96,110,177,219,77.45,165.85,89.16
1824.510,1,91,70,157,233,103.06,168.52,109.21
1825.086,0,96,110,177,219,77.45,165.85,89.16
1825.674,0,96,110,177,219,77.45,165.85,89.16
1825.751,1,90,70,157,232,102.31,168.28,109.85
1826.339,0,97,110,177,219,77.79,165.58,88.59
1826.436,1,90,71,157,233,102.25,168.70,108.98
1827.007,0,97,110,177,218,77.39,165.02,88.91
1827.086,1,90,71,161,232,101.22,170.10,110.24
1827.593,0,97,109,177,217,77.51,164.62,89.84
1827.677,1,90,71,160,232,101.39,169.63,109.98
1828.262,0,97,109,177,217,77.51,164.62,89.84
1828.353,1,90,70,158,232,102.14,168.74,110.10
1828.936,0,97,108,178,218,78.20,165.77,90.27
1829.015,1,90,72,158,233,101.66,169.13,108.60
1829.523,0,96,109,179,218,77.11,166.34,90.35
1830.186,0,97,109,178,219,78.08,166.18,89.33
1830.277,1,90,72,158,232,101.32,168.67,108.85
1830.847,0,98,110,178,218,77.50,165.19,88.47
1830.936,1,90,72,157,232,101.50,168.21,108.61
1831.436,0,97,110,177,218,77.39,165.02,88.91
1831.513,1,91,71,157,232,102.31,168.03,108.83
1832.099,0,97,110,177,218,77.39,165.02,88.91
1832.193,1,90,71,158,232,101.73,168.71,109.48
1832.703,0,97,110,179,219,77.33,166.48,88.85
1832.786,1,90,71,157,231,101.57,167.79,109.48
1833.380,0,97,109,177,219,78.31,165.73,89.20
1833.447,1,91,71,157,232,102.31,168.03,108.83
1834.046,0,97,109,177,219,78.31,165.73,89.20
1834.142,1,91,71,157,231,101.97,167.57,109.08
1834.663,0,96,110,181,219,76.53,167.65,89.69
1834.735,1,91,71,156,232,102.49,167.57,108.59
1835.317,0,96,111,179,218,76.06,166.04,89.12
1835.396,1,91,72,156,232,102.08,167.53,107.96
1835.902,0,96,111,179,219,76.46,166.60,88.81
1835.985,1,92,73,157,232,101.91,167.74,107.17
1836.586,0,96,110,179,220,77.39,167.31,89.11
1836.663,1,92,73,157,232,101.91,167.74,107.17
1837.251,0,96,109,178,220,78.14,167.01,89.60
1837.316,1,92,72,155,230,101.99,165.93,107.84
1837.836,0,96,110,177,220,77.85,166.41,88.85
1837.914,1,92,72,156,231,102.15,166.85,107.81
1838.517,0,96,110,176,221,78.48,166.51,88.41
1838.596,1,92,72,155,232,102.67,166.84,107.33
1839.102,0,97,110,176,220,78.42,165.68,88.16
1839.186,1,91,71,155,232,102.67,167.10,108.35
1839.768,0,96,110,176,220,78.08,165.96,88.72
1839.848,1,91,71,154,232,102.85,166.63,108.11
1840.451,0,96,110,176,220,78.08,165.96,88.72
1840.514,1,91,72,154,231,102.11,166.14,107.75
1841.102,0,96,0,175,220,94.62,169.24,110.82
1841.167,1,91,71,154,231,102.51,166.18,108.37
1841.689,0,96,109,175,219,78.43,165.10,89.50
1841.752,1,91,71,155,231,102.33,166.65,108.60
1842.355,0,96,109,174,218,78.27,164.11,89.69
1842.436,1,92,70,155,231,103.14,166.46,108.83
1842.944,0,96,109,177,220,78.36,166.56,89.46
1843.022,1,91,70,156,231,102.56,167.15,109.46
1843.610,0,96,109,177,220,78.36,166.56,89.46
1843.690,1,91,70,156,231,102.56,167.15,109.46
1844.294,0,96,109,177,220,78.36,166.56,89.46
1844.356,1,91,70,156,231,102.56,167.15,109.46
1844.878,0,96,109,174,220,79.06,165.20,89.06
1844.957,1,91,70,156,230,102.22,166.69,109.72
1845.547,0,95,109,174,220,78.71,165.48,89.62
1845.624,1,91,70,157,232,102.72,168.07,109.45
1846.156,0,96,110,175,219,77.92,164.96,88.90
1846.230,1,91,71,157,231,101.97,167.57,109.08
1846.821,0,95,109,175,219,78.09,165.38,90.06
1846.893,1,91,71,156,232,102.49,167.57,108.59
1847.490,0,95,109,0,218,68.44,188.25,98.97
1847.565,1,92,71,157,233,103.07,168.27,108.18
1848.094,0,95,110,179,217,75.86,165.91,90.63
1848.169,1,91,71,157,233,102.66,168.49,108.58
1848.762,0,94,109,178,218,76.67,166.44,91.36
1848.841,1,91,72,157,233,102.25,168.45,107.95
1849.425,0,95,109,177,219,77.63,166.28,90.34
1849.492,1,91,72,158,234,102.42,169.38,107.95
1850.031,0,94,109,176,219,77.51,166.10,90.77
1850.692,0,94,110,175,219,77.23,165.51,90.03
1850.767,1,91,73,157,233,101.84,168.41,107.33
1851.276,0,95,110,177,220,77.50,166.68,89.42
1851.352,1,91,72,157,233,102.25,168.45,107.95
1851.946,0,95,110,177,220,77.50,166.68,89.42
1852.021,1,91,72,157,233,102.25,168.45,107.95
1852.597,0,95,109,178,219,77.40,166.72,90.47
1852.672,1,91,72,156,231,101.74,167.07,108.22
1853.252,0,96,109,178,218,77.34,165.90,90.22
1853.327,1,91,71,156,231,102.15,167.11,108.84
1853.850,0,95,109,177,218,77.23,165.72,90.65
1853.920,1,91,72,157,231,101.56,167.54,108.45
1854.488,0,95,109,176,218,77.46,165.28,90.52
1854.575,1,91,73,157,230,100.81,167.04,108.08
1855.155,0,95,109,177,218,77.23,165.72,90.65
1855.232,1,91,72,157,230,101.22,167.08,108.71
1855.807,0,95,110,177,218,76.71,165.58,90.04
1855.891,1,91,72,157,231,101.56,167.54,108.45
1856.397,0,95,110,177,218,76.71,165.58,90.04
1856.472,1,90,72,156,231,101.33,167.29,108.62
1857.059,0,96,111,179,218,76.06,166.04,89.12
1857.132,1,90,72,157,232,101.50,168.21,108.61
1857.727,0,96,110,179,218,76.59,166.19,89.73
1857.800,1,90,71,158,232,101.73,168.71,109.48
1858.381,0,96,109,178,218,77.34,165.90,90.22
1858.456,1,90,71,158,232,101.73,168.71,109.48
1858.966,0,96,109,177,218,77.57,165.45,90.08
1859.040,1,90,71,157,233,102.25,168.70,108.98
1859.634,0,97,109,178,219,78.08,166.18,89.33
1859.704,1,90,72,158,232,101.32,168.67,108.85
1860.290,0,97,109,177,220,78.71,166.28,88.90
1860.356,1,91,72,158,234,102.42,169.38,107.95
1860.941,0,97,109,178,248,90.03,181.97,82.67
1861.030,1,91,72,158,237,103.47,170.74,107.25
1861.536,0,97,108,178,244,88.86,179.97,83.98
1861.615,1,95,72,159,234,103.92,169.01,106.57
1862.193,1,95,73,159,233,103.15,168.50,106.16
1862.845,0,96,109,179,239,85.68,177.91,85.00
1862.940,1,95,72,158,236,104.81,169.45,105.86
1863.445,0,96,109,179,235,84.02,175.74,85.84
1863.520,1,94,71,157,235,104.61,168.76,106.90
1864.104,0,95,109,176,232,83.04,172.92,86.61
1864.179,1,94,71,157,235,104.61,168.76,106.90
1864.760,0,96,110,175,229,81.91,170.42,86.04
1864.844,1,93,72,156,234,103.61,168.01,106.67
1865.359,0,96,110,176,228,81.29,170.35,86.44
1865.433,1,92,72,156,235,103.54,168.68,106.83
1866.014,0,96,110,176,227,80.88,169.80,86.71
1866.093,1,92,72,157,235,103.36,169.15,107.07
1866.679,0,96,111,176,225,79.56,168.56,86.65
1866.759,1,92,71,156,234,103.59,168.26,107.70
1867.278,0,96,111,177,223,78.53,167.92,87.35
1867.347,1,92,71,156,234,103.59,168.26,107.70
1867.932,0,96,111,178,222,77.90,167.82,87.77
1868.587,0,96,111,178,221,77.50,167.26,88.07
1868.681,1,92,71,157,235,103.77,169.19,107.70
1869.251,0,95,111,178,220,76.75,166.98,88.94
1869.331,1,92,71,157,235,103.77,169.19,107.70
1869.841,0,96,111,179,220,76.86,167.16,88.50
1869.905,1,91,71,157,235,103.35,169.40,108.10
1870.502,0,96,111,178,230,81.15,172.24,85.60
1870.594,1,91,71,157,234,103.00,168.94,108.34
1871.169,0,96,111,177,230,81.37,171.77,85.46
1871.245,1,91,70,156,235,103.93,168.96,108.48
1871.754,0,96,111,177,230,81.37,171.77,85.46
1871.829,1,90,71,157,235,102.93,169.61,108.50
1872.406,0,95,111,177,232,81.81,173.12,85.53
1872.500,1,90,70,157,232,102.31,168.28,109.85
1873.079,0,96,110,179,229,81.04,172.31,86.62
1873.154,1,90,71,156,232,102.08,167.78,108.98
1873.736,0,95,110,179,229,80.67,172.57,87.19
1873.800,1,89,72,157,232,101.09,168.42,109.01
1874.309,0,95,109,178,228,81.00,171.69,87.91
1874.408,1,89,71,157,232,101.50,168.46,109.63
1874.984,0,95,109,178,227,80.59,171.14,88.18
1875.057,1,90,70,157,231,101.97,167.82,110.10
1875.636,0,95,109,179,226,79.98,171.05,88.59
1876.313,0,95,110,178,225,79.27,169.90,88.10
1876.386,1,90,72,157,230,100.82,167.30,109.11
1876.886,0,96,110,178,225,79.63,169.63,87.53
1876.971,1,90,71,156,230,101.40,166.87,109.49
1877.546,0,96,109,177,233,83.62,173.68,85.97
1877.624,1,90,72,156,234,102.36,168.65,107.87
1878.225,0,96,109,177,229,81.99,171.51,86.94
1878.300,1,90,73,156,234,101.95,168.62,107.25
1878.808,0,96,109,177,227,81.17,170.41,87.46
1878.881,1,90,73,155,233,101.79,167.70,107.26
1879.459,0,97,109,178,225,80.51,169.51,87.58
1879.539,1,90,72,156,233,102.02,168.20,108.12
1880.136,0,97,109,180,224,79.66,169.88,88.14
1880.205,1,90,72,156,233,102.02,168.20,108.12
1880.714,0,96,109,181,222,78.28,169.49,89.42
1880.791,1,89,72,156,232,101.27,167.96,108.77
1881.365,0,96,109,180,221,78.09,168.47,89.57
1881.446,1,90,72,156,233,102.02,168.20,108.12
1882.036,0,96,108,178,221,79.06,167.71,89.91
1882.120,1,90,71,156,233,102.42,168.23,108.74
1882.696,0,98,109,178,220,78.83,166.46,88.46
1882.765,1,90,71,157,233,102.25,168.70,108.98
1883.277,0,99,109,179,219,78.54,166.09,88.33
1883.352,1,90,71,157,233,102.25,168.70,108.98
1883.937,0,98,109,180,219,77.97,166.81,89.03
1884.022,1,90,71,158,233,102.07,169.16,109.23
1884.586,0,98,109,180,218,77.56,166.25,89.34
1884.675,1,90,71,158,233,102.07,169.16,109.23
1885.192,0,97,108,183,217,76.69,167.45,91.26
1885.272,1,91,71,158,234,102.83,169.41,108.58
1885.870,0,97,109,181,217,76.60,166.40,90.36
1885.936,1,91,71,158,234,102.83,169.41,108.58
1886.513,0,97,109,178,217,77.28,165.06,89.97
1886.601,1,91,72,157,234,102.60,168.91,107.71
1887.187,0,96,109,178,217,76.94,165.34,90.54
1887.258,1,91,71,156,234,103.18,168.47,108.10
1887.786,0,96,109,178,216,76.55,164.78,90.86
1887.867,1,91,72,158,232,101.73,168.46,108.44
1888.439,0,96,109,179,216,76.32,165.22,90.99
1888.520,1,90,72,158,233,101.66,169.13,108.60
1889.100,0,96,109,178,217,76.94,165.34,90.54
1889.175,1,90,71,158,233,102.07,169.16,109.23
1889.705,0,95,109,177,218,77.23,165.72,90.65
1889.777,1,90,72,157,234,102.18,169.12,108.12
1890.352,0,95,109,176,218,77.46,165.28,90.52
1890.427,1,90,72,157,233,101.84,168.67,108.36
1891.018,0,96,110,176,217,76.89,164.30,89.67
1891.092,1,90,72,157,233,101.84,168.67,108.36
1891.617,0,96,109,176,217,77.41,164.45,90.27
1891.692,1,90,72,158,234,102.01,169.59,108.36
1892.272,0,96,109,176,217,77.41,164.45,90.27
1892.346,1,90,72,157,234,102.18,169.12,108.12
1892.922,0,95,109,176,218,77.46,165.28,90.52
1892.999,1,89,72,157,234,101.77,169.33,108.52
1893.527,0,95,109,175,219,78.09,165.38,90.06
1893.603,1,90,72,157,235,102.53,169.58,107.88
1894.177,0,95,109,178,219,77.40,166.72,90.47
1894.826,0,95,109,178,218,77.00,166.17,90.79
1894.890,1,90,71,157,233,102.25,168.70,108.98
1895.497,0,95,109,178,219,77.40,166.72,90.47
1895.557,1,90,71,157,232,101.91,168.24,109.23
1896.064,0,96,109,178,219,77.74,166.45,89.90
1896.144,1,90,72,156,233,102.02,168.20,108.12
1896.728,0,96,109,179,219,77.51,166.90,90.04
1896.793,1,89,72,157,233,101.43,168.88,108.76
1897.395,0,96,109,179,218,77.11,166.34,90.35
1897.457,1,89,73,157,233,101.02,168.85,108.15
1898.045,0,96,109,179,218,77.11,166.34,90.35
1898.123,1,89,73,157,233,101.02,168.85,108.15
1898.694,0,95,109,177,218,77.23,165.72,90.65
1898.776,1,89,72,157,233,101.43,168.88,108.76
1899.294,0,95,109,177,218,77.23,165.72,90.65
1899.372,1,89,72,157,234,101.77,169.33,108.52
1899.941,0,95,109,178,219,77.40,166.72,90.47
1900.020,1,90,72,156,234,102.36,168.65,107.87
1900.594,0,96,110,177,218,77.05,165.30,89.47
1900.670,1,90,71,157,233,102.25,168.70,108.98
1901.197,0,96,110,178,218,76.82,165.74,89.60
1901.272,1,89,71,156,233,102.01,168.45,109.14
1901.844,0,96,110,178,218,76.82,165.74,89.60
1901.922,1,89,71,157,233,101.84,168.91,109.38
1902.500,0,95,109,178,219,77.40,166.72,90.47
1902.572,1,89,71,157,233,101.84,168.91,109.38
1903.173,0,95,110,178,219,76.88,166.58,89.86
1903.251,1,90,72,157,233,101.84,168.67,108.36
1903.759,0,95,110,178,226,79.67,170.45,87.83
1903.835,1,90,71,157,233,102.25,168.70,108.98
1904.406,0,96,109,179,228,81.15,171.90,87.50
1904.486,1,90,71,157,233,102.25,168.70,108.98
1905.071,0,95,109,179,229,81.19,172.71,87.81
1905.150,1,90,71,157,232,101.91,168.24,109.23
1905.730,0,96,110,178,230,81.66,172.38,86.22
1905.799,1,89,72,157,233,101.43,168.88,108.76
1906.369,0,96,110,178,229,81.26,171.84,86.47
1906.449,1,90,72,157,232,101.50,168.21,108.61
1906.980,0,96,111,177,227,80.14,170.12,86.24
1907.051,1,89,72,156,233,101.61,168.42,108.52
1907.635,0,96,111,178,225,79.11,169.48,86.92
1907.702,1,89,72,157,233,101.43,168.88,108.76
1908.290,0,96,111,179,225,78.89,169.94,87.05
1908.353,1,89,71,157,233,101.84,168.91,109.38
1908.887,0,96,111,178,224,78.70,168.93,87.20
1908.960,1,89,70,158,233,102.07,169.40,110.25
1909.542,0,96,111,178,223,78.30,168.37,87.48
1909.604,1,90,72,158,232,101.32,168.67,108.85
1910.190,0,96,110,179,223,78.60,168.98,88.23
1910.268,1,90,72,158,232,101.32,168.67,108.85
1910.790,0,97,110,178,221,78.36,167.14,88.11
1910.868,1,90,72,157,232,101.50,168.21,108.61
1911.448,0,98,110,178,221,78.71,166.87,87.54
1911.518,1,89,71,157,233,101.84,168.91,109.38
1912.101,0,98,110,177,220,78.54,165.86,87.72
1912.176,1,89,72,157,232,101.09,168.42,109.01
1912.769,0,98,109,178,220,78.83,166.46,88.46
1912.848,1,89,72,157,232,101.09,168.42,109.01
1913.355,0,97,110,179,219,77.33,166.48,88.85
1913.436,1,89,73,157,232,100.68,168.39,108.39
1914.008,0,97,109,179,219,77.85,166.63,89.47
1914.088,1,89,72,157,231,100.75,167.97,109.26
1914.691,0,96,109,183,219,76.63,168.70,90.59
1914.769,1,90,73,157,231,100.75,167.71,108.24
1915.286,0,95,109,185,220,76.27,170.43,91.17
1915.354,1,90,74,156,231,100.51,167.21,107.38
1915.943,0,95,110,191,220,74.47,172.97,91.41
1916.018,1,90,74,157,230,99.99,167.21,107.87
1916.610,0,95,109,192,220,74.84,173.58,92.22
1916.685,1,89,74,157,231,99.93,167.89,108.03
1917.193,0,96,110,194,220,74.20,174.07,91.24
1917.271,1,89,0,157,231,99.97,167.90,108.10
1917.842,0,96,110,195,220,74.01,174.52,91.39
1918.508,0,96,110,195,220,74.01,174.52,91.39
1918.572,1,88,74,158,231,99.35,168.57,108.69
1919.147,0,96,109,198,219,73.58,175.44,92.81
1919.221,1,89,72,158,231,100.58,168.43,109.51
1919.796,0,96,109,200,220,73.65,176.96,92.86
1919.872,1,89,72,158,231,100.58,168.43,109.51
1920.464,1,90,72,158,231,100.98,168.22,109.10
1921.035,0,95,110,196,219,73.06,174.62,92.45
1921.098,1,90,73,159,231,100.39,168.64,108.72
1921.686,0,96,110,196,220,73.81,174.97,91.54
1921.748,1,90,74,158,236,101.88,170.43,106.64
1922.336,0,100,111,195,225,76.95,176.37,86.95
1922.419,1,89,74,158,239,102.51,172.01,106.37
1922.988,1,92,74,158,242,104.85,172.74,104.49
1923.622,0,98,111,188,224,77.23,173.01,87.41
1923.710,1,92,74,0,242,98.86,212.32,150.47
1924.301,0,97,110,187,223,77.23,172.39,88.77
1924.381,1,93,74,158,239,104.21,171.17,104.72
1924.886,0,97,110,198,222,74.63,176.85,90.69
1924.962,1,93,73,159,238,104.09,171.23,105.82
1925.546,1,93,73,159,238,104.09,171.23,105.82
1926.215,0,97,109,204,220,73.27,178.56,92.86
1926.295,1,92,74,159,237,102.90,170.95,105.82
1926.802,0,98,108,199,220,75.08,176.20,92.13
1926.879,1,92,73,158,236,103.13,170.05,106.44
1927.456,0,97,109,195,219,74.48,173.84,91.72
1927.536,1,92,73,158,235,102.78,169.59,106.67
1928.136,0,97,109,193,218,74.45,172.34,91.71
1928.212,1,92,74,158,235,102.37,169.55,106.04
1928.724,0,97,108,191,218,75.42,171.61,92.09
1928.796,1,91,73,158,235,102.36,169.80,107.09
1929.367,0,97,108,190,218,75.62,171.16,91.94
1929.439,1,91,74,157,235,102.13,169.29,106.22
1930.029,0,98,108,189,218,76.16,170.45,91.20
1930.104,1,91,73,157,235,102.54,169.33,106.84
1930.687,0,97,108,187,217,75.83,169.23,91.82
1930.759,1,90,72,156,235,102.70,169.11,107.63
1931.341,0,96,108,186,218,76.12,169.62,91.96
1931.416,1,90,72,157,234,102.18,169.12,108.12
1931.936,0,96,108,184,218,76.54,168.73,91.67
1932.009,1,89,71,156,233,102.01,168.45,109.14
1932.597,0,96,109,184,218,76.00,168.57,91.04
1932.673,1,89,71,155,233,102.19,167.99,108.89
1933.263,0,96,109,182,218,76.44,167.68,90.76
1933.338,1,89,72,155,234,102.13,168.40,108.04
1933.856,0,96,108,183,218,76.76,168.28,91.53
1933.936,1,89,72,156,236,102.63,169.77,107.80
1934.514,0,96,109,184,218,76.00,168.57,91.04
1934.588,1,89,72,157,236,102.46,170.24,108.05
1935.181,0,96,109,184,219,76.41,169.15,90.73
1935.254,1,90,73,157,236,102.47,170.00,107.02
1935.781,0,97,109,183,218,76.56,167.86,90.31
1935.856,1,90,73,162,236,101.62,172.35,108.27
1936.432,0,98,108,181,217,77.46,166.29,90.41
1936.505,1,90,73,165,236,101.13,173.76,109.07
1937.082,0,97,109,182,217,76.37,166.85,90.49
1937.155,1,90,72,164,235,101.36,172.85,109.67
1937.743,0,97,109,182,217,76.37,166.85,90.49
1937.818,1,89,71,163,235,101.52,172.60,110.46
1938.319,0,97,109,181,216,76.19,165.83,90.68
1938.392,1,89,72,162,235,101.27,172.11,109.56
1938.972,0,97,108,179,217,77.58,165.66,90.72
1939.055,1,88,72,161,234,100.68,171.39,109.95
1939.651,0,97,109,179,217,77.05,165.51,90.10
1939.720,1,89,72,160,234,101.26,170.73,109.27
1940.239,0,96,109,177,217,77.18,164.89,90.40
1940.308,1,89,72,160,235,101.60,171.18,109.04
1940.896,0,96,109,177,219,77.97,166.00,89.77
1940.959,1,90,72,159,234,101.84,170.06,108.61
1941.562,0,96,110,176,219,77.68,165.40,89.03
1941.643,1,89,72,159,235,101.77,170.72,108.78
1942.223,0,96,109,0,219,69.25,188.67,98.00
1942.296,1,89,71,159,234,101.84,170.29,109.64
1942.798,0,96,110,176,219,77.68,165.40,89.03
1942.873,1,89,70,158,233,102.07,169.40,110.25
1943.456,0,96,110,175,219,77.92,164.96,88.90
1943.531,1,90,70,158,234,102.82,169.65,109.61
1944.101,0,96,110,177,219,77.45,165.85,89.16
1944.177,1,90,71,158,235,102.76,170.07,108.75
1944.754,0,96,110,177,223,79.05,168.07,87.96
1944.821,1,90,71,158,235,102.76,170.07,108.75
1945.409,0,96,110,178,223,78.82,168.52,88.09
1945.491,1,91,72,158,235,102.77,169.83,107.72
1945.997,0,95,110,178,222,78.07,168.24,88.95
1946.077,1,90,72,158,234,102.01,169.59,108.36
1946.666,0,94,110,184,222,76.41,171.22,90.40
1946.736,1,91,72,158,233,102.08,168.92,108.20
1947.344,0,96,109,186,226,78.88,174.05,89.07
1947.416,1,91,72,158,235,102.77,169.83,107.72
1947.915,0,96,110,185,225,78.13,172.87,88.54
1947.996,1,91,72,158,236,103.12,170.29,107.48
1948.573,0,96,110,183,224,78.13,171.38,88.51
1948.646,1,92,72,158,236,103.54,170.08,107.08
1949.231,0,97,110,180,223,78.73,169.17,87.79
1949.305,1,91,71,158,236,103.52,170.32,108.11
1949.877,0,96,110,180,222,77.97,168.88,88.66
1949.949,1,91,71,158,236,103.52,170.32,108.11
1950.525,0,96,111,180,222,77.44,168.73,88.04
1950.615,1,91,71,158,235,103.18,169.87,108.35
1951.117,0,96,110,179,221,77.79,167.87,88.81
1951.190,1,90,71,157,234,102.59,169.15,108.74
1951.767,0,96,110,180,220,77.16,167.76,89.25
1951.859,1,90,70,158,233,102.48,169.19,109.85
1952.442,0,96,110,182,220,76.72,168.66,89.52
1952.536,1,90,70,158,233,102.48,169.19,109.85
1953.046,0,95,110,182,219,75.98,168.36,90.41
1953.122,1,90,71,158,234,102.42,169.62,108.99
1953.708,0,95,110,181,218,75.80,167.35,90.58
1953.770,1,90,70,158,234,102.82,169.65,109.61
1954.368,0,97,111,189,219,74.57,170.81,89.54
1954.452,1,89,71,158,233,101.67,169.37,109.63
1954.969,0,96,111,187,219,74.67,170.17,89.87
1955.042,1,90,71,0,233,95.96,205.12,151.61
1955.618,0,97,110,185,219,75.99,169.17,89.64
1955.692,1,90,72,160,233,101.32,170.06,109.10
1956.271,0,97,110,187,218,75.14,169.49,90.22
1956.364,1,90,73,160,233,100.91,170.03,108.47
1956.930,0,96,110,184,218,75.46,168.42,90.40
1957.004,1,90,73,158,233,101.25,169.10,107.98
1957.581,0,97,109,182,217,76.37,166.85,90.49
1957.654,1,90,73,158,232,100.91,168.64,108.23
1958.154,0,97,109,181,217,76.60,166.40,90.36
1958.249,1,90,73,158,233,101.25,169.10,107.98
1958.836,0,97,110,180,223,78.73,169.17,87.79
1958.904,1,90,73,157,233,101.43,168.63,107.74
1959.436,0,97,109,181,223,79.04,169.78,88.56
1959.509,1,90,72,157,233,101.84,168.67,108.36
1960.107,0,96,109,180,222,78.50,169.03,89.28
1960.200,1,90,72,157,232,101.50,168.21,108.61
1960.715,0,96,110,180,222,77.97,168.88,88.66
1960.791,1,90,72,157,232,101.50,168.21,108.61
1961.380,0,95,110,178,222,78.07,168.24,88.95
1961.454,1,90,72,157,232,101.50,168.21,108.61
1962.038,0,95,109,179,224,79.17,169.95,89.14
1962.131,1,90,71,158,232,101.73,168.71,109.48
1962.643,0,96,109,179,226,80.34,170.79,88.02
1962.704,1,90,71,157,233,102.25,168.70,108.98
1963.294,0,96,109,178,224,79.74,169.22,88.43
1963.373,1,91,71,157,233,102.66,168.49,108.58
1963.947,0,95,109,177,223,79.21,168.48,89.14
1964.042,1,90,71,157,233,102.25,168.70,108.98
1964.612,0,96,109,176,222,79.39,167.20,88.72
1964.692,1,90,73,157,233,101.43,168.63,107.74
1965.213,0,96,109,175,222,79.62,166.75,88.59
1965.285,1,90,74,157,233,101.02,168.59,107.12
1965.886,0,96,110,176,221,78.48,166.51,88.41
1965.979,1,90,74,157,232,100.68,168.13,107.36
1966.489,0,96,110,176,221,78.48,166.51,88.41
1966.567,1,90,74,155,232,101.04,167.20,106.90
1967.157,0,96,110,176,221,78.48,166.51,88.41
1967.224,1,89,73,155,231,100.70,167.01,108.17
1967.755,0,96,111,175,221,78.19,165.91,87.68
1967.832,1,89,73,156,231,100.52,167.47,108.41
1968.430,0,97,111,174,220,78.38,164.62,87.30
1968.506,1,89,73,156,232,100.86,167.93,108.15
1969.093,0,97,111,174,221,78.78,165.17,87.00
1969.156,1,90,73,156,233,101.61,168.16,107.50
1969.686,0,97,110,176,220,78.42,165.68,88.16
1969.751,1,90,72,157,233,101.84,168.67,108.36
1970.352,0,97,110,176,220,78.42,165.68,88.16
1970.418,1,90,72,156,234,102.36,168.65,107.87
1971.017,0,97,110,176,219,78.02,165.13,88.47
1971.095,1,90,72,156,234,102.36,168.65,107.87
1971.613,0,97,110,177,220,78.19,166.13,88.28
1971.686,1,90,72,155,235,102.88,168.64,107.39
1972.287,0,97,110,176,219,78.02,165.13,88.47
1972.366,1,91,71,156,235,103.52,168.93,107.86
1972.879,0,97,110,176,219,78.02,165.13,88.47
1972.957,1,91,71,157,234,103.00,168.94,108.34
1973.550,0,98,110,176,219,78.37,164.85,87.90
1973.626,1,92,71,157,234,103.42,168.73,107.94
1974.154,0,97,110,176,219,78.02,165.13,88.47
1974.229,1,92,71,157,233,103.07,168.27,108.18
1974.813,0,97,110,176,219,78.02,165.13,88.47
1974.886,1,91,71,158,233,102.48,168.95,108.83
1975.454,0,97,110,177,219,77.79,165.58,88.59
1975.536,1,91,71,158,233,102.48,168.95,108.83
1976.138,0,97,110,178,218,77.16,165.47,89.03
1976.215,1,90,71,158,234,102.42,169.62,108.99
1976.789,1,90,70,157,234,103.00,169.18,109.36
1977.369,0,96,110,178,218,76.82,165.74,89.60
1977.440,1,90,71,156,234,102.77,168.69,108.49
1978.040,0,96,109,178,219,77.74,166.45,89.90
1978.126,1,90,71,157,234,102.59,169.15,108.74
1978.635,0,96,109,178,218,77.34,165.90,90.22
1978.709,1,90,71,157,233,102.25,168.70,108.98
1979.298,0,96,110,178,218,76.82,165.74,89.60
1979.379,1,90,72,156,232,101.68,167.75,108.37
1979.983,0,96,110,178,218,76.82,165.74,89.60
1980.042,1,91,72,156,233,102.43,167.98,107.71
1980.566,0,97,110,179,218,76.93,165.92,89.16
1980.647,1,90,71,156,233,102.42,168.23,108.74
1981.236,0,97,110,178,218,77.16,165.47,89.03
1981.315,1,90,71,157,233,102.25,168.70,108.98
1981.839,0,97,109,179,219,77.85,166.63,89.47
1981.912,1,90,72,157,233,101.84,168.67,108.36
1982.490,0,96,109,180,219,77.29,167.35,90.17
1982.569,1,89,71,156,234,102.35,168.90,108.89
1983.158,0,96,108,179,218,77.64,166.49,90.97
1983.235,1,90,72,156,234,102.36,168.65,107.87
1983.759,0,96,108,179,218,77.64,166.49,90.97
1983.837,1,89,72,156,234,101.95,168.87,108.28
1984.417,0,97,108,178,218,78.20,165.77,90.27
1984.489,1,89,72,155,234,102.13,168.40,108.04
1985.075,0,97,108,177,218,78.43,165.32,90.13
1985.139,1,90,72,155,233,102.20,167.73,107.88
1985.678,0,98,108,176,219,79.41,165.15,89.13
1985.741,1,90,71,155,234,102.94,168.22,108.25
1986.336,0,97,109,176,218,78.14,164.72,89.39
1986.409,1,90,72,156,234,102.36,168.65,107.87
1986.997,0,97,108,176,218,78.66,164.87,90.00
1987.061,1,91,72,155,234,102.95,167.97,107.23
1987.600,0,97,108,177,218,78.43,165.32,90.13
1987.680,1,90,72,155,235,102.88,168.64,107.39
1988.262,0,98,108,176,218,79.01,164.60,89.44
1988.336,1,90,72,156,235,102.70,169.11,107.63
1988.924,0,97,108,176,217,78.27,164.32,90.32
1988.998,1,90,72,156,234,102.36,168.65,107.87
1989.524,0,97,107,175,217,79.01,164.02,90.81
1989.600,1,90,72,156,234,102.36,168.65,107.87
1990.186,0,97,108,175,217,78.50,163.88,90.19
1990.267,1,90,72,156,233,102.02,168.20,108.12
1990.857,0,96,108,175,217,78.16,164.15,90.75
1990.935,1,90,72,157,234,102.18,169.12,108.12
1991.463,0,96,108,176,218,78.32,165.15,90.56
1991.543,1,90,71,156,234,102.76,168.69,108.49
1992.127,0,97,108,176,217,78.27,164.32,90.32
1992.197,1,90,70,155,234,103.34,168.25,108.87
1992.722,0,97,108,175,218,78.89,164.43,89.87
1992.802,1,90,71,156,235,103.11,169.14,108.25
1993.393,0,97,108,175,218,78.89,164.43,89.87
1993.471,1,90,71,156,234,102.76,168.69,108.49
1993.986,0,97,108,175,218,78.89,164.43,89.87
1994.065,1,90,71,156,234,102.76,168.69,108.49
1994.653,0,97,109,175,219,78.78,164.83,88.95
1994.739,1,90,72,156,233,102.02,168.20,108.12
1995.342,0,97,109,177,219,78.31,165.73,89.20
1995.411,1,90,72,157,234,102.18,169.12,108.12
1995.930,0,97,109,177,220,78.71,166.28,88.90
1995.997,1,90,72,157,234,102.18,169.12,108.12
1996.599,0,97,109,177,220,78.71,166.28,88.90
1996.670,1,90,71,157,234,102.59,169.15,108.74
1997.251,0,96,109,179,219,77.51,166.90,90.04
1997.336,1,90,71,157,234,102.59,169.15,108.74
1997.842,0,96,109,180,219,77.29,167.35,90.17
1997.921,1,90,71,157,233,102.25,168.70,108.98
1998.512,0,96,109,180,220,77.69,167.91,89.87
1998.586,1,90,71,158,234,102.42,169.62,108.99
1999.116,0,95,110,180,219,76.42,167.47,90.13
1999.187,1,90,71,158,234,102.42,169.62,108.99
1999.770,0,96,110,180,219,76.76,167.20,89.55
1999.850,1,91,70,158,234,103.24,169.44,109.21
2000.451,0,95,109,180,218,76.55,167.06,91.06
2000.527,1,91,70,157,234,103.41,168.97,108.96
2001.055,0,96,109,179,218,77.11,166.34,90.35
2001.137,1,90,72,157,233,101.84,168.67,108.36
2001.705,0,96,109,180,218,76.89,166.79,90.49
2001.785,1,90,72,156,233,102.02,168.20,108.12
2002.383,0,96,109,179,218,77.11,166.34,90.35
2002.452,1,90,72,156,233,102.02,168.20,108.12
2002.975,0,96,109,178,218,77.34,165.90,90.22
2003.054,1,90,72,157,233,101.84,168.67,108.36
2003.626,0,95,110,180,218,76.02,166.91,90.45
2003.705,1,90,73,158,232,100.91,168.64,108.23
2004.293,0,96,110,179,218,76.59,166.19,89.73
2004.370,1,91,73,157,233,101.84,168.41,107.33
2004.907,0,97,109,179,218,77.45,166.07,89.78
2004.970,1,90,72,157,233,101.84,168.67,108.36
2005.568,0,96,110,179,218,76.59,166.19,89.73
2005.636,1,90,72,157,233,101.84,168.67,108.36
2006.169,0,96,109,178,219,77.74,166.45,89.90
2006.236,1,90,72,158,232,101.32,168.67,108.85
2006.841,0,96,108,178,218,77.86,166.04,90.83
2007.435,0,96,108,181,218,77.19,167.39,91.25
2007.510,1,90,72,158,233,101.66,169.13,108.60
2008.089,0,96,108,178,219,78.26,166.60,90.52
2008.174,1,90,73,160,232,100.56,169.57,108.72
2008.772,0,97,109,177,218,77.91,165.17,89.52
2008.836,1,90,73,160,232,100.56,169.57,108.72
2009.362,0,97,109,178,219,78.08,166.18,89.33
2009.439,1,90,74,159,232,100.32,169.06,107.84
2010.010,0,97,109,179,219,77.85,166.63,89.47
2010.093,1,90,74,159,232,100.32,169.06,107.84
2010.691,0,97,108,179,220,78.78,167.34,89.78
2010.760,1,89,73,158,232,100.50,168.85,108.64
2011.267,0,97,108,179,220,78.78,167.34,89.78
2011.347,1,89,73,158,233,100.85,169.31,108.39
2011.952,0,97,108,179,220,78.78,167.34,89.78
2012.028,1,89,73,158,233,100.85,169.31,108.39
2012.568,0,97,108,178,220,79.00,166.89,89.65
2012.637,1,89,73,158,233,100.85,169.31,108.39
2013.232,0,97,109,178,219,78.08,166.18,89.33
2013.298,1,89,73,158,233,100.85,169.31,108.39
2013.901,0,98,109,180,220,78.38,167.37,88.72
2013.976,1,89,73,158,234,101.19,169.77,108.15
2014.501,0,98,109,180,222,79.20,168.50,88.13
2014.580,1,90,73,158,234,101.60,169.55,107.74
2015.172,0,97,110,180,224,79.14,169.73,87.51
2015.248,1,89,73,158,235,101.53,170.22,107.91
2015.760,0,97,110,180,233,82.86,174.73,85.24
2015.836,1,89,73,158,236,101.88,170.68,107.68
2016.438,0,97,110,181,235,83.49,176.32,84.96
2016.518,1,89,73,157,234,101.36,169.30,107.90
2017.094,0,98,110,181,236,84.29,176.62,84.18
2017.168,1,89,74,157,238,102.33,171.08,106.35
2017.682,0,97,110,181,234,83.07,175.77,85.18
2017.759,1,89,74,156,237,102.17,170.16,106.34
2018.366,0,97,110,180,232,82.44,174.18,85.47
2018.443,1,89,74,156,235,101.48,169.25,106.81
2018.959,0,97,109,179,229,81.93,172.19,86.68
2019.032,1,89,73,156,235,101.88,169.29,107.42
2019.627,0,97,110,178,226,80.40,169.92,86.69
2019.702,1,90,72,157,235,102.53,169.58,107.88
2020.232,0,97,110,177,224,79.80,168.35,87.11
2020.310,1,91,72,157,234,102.60,168.91,107.71
2020.890,0,97,110,178,223,79.17,168.25,87.53
2020.980,1,90,71,157,233,102.25,168.70,108.98
2021.555,0,96,110,178,222,78.42,167.97,88.38
2021.636,1,90,72,157,233,101.84,168.67,108.36
2022.159,0,97,110,178,221,78.36,167.14,88.11
2022.236,1,90,72,157,233,101.84,168.67,108.36
2022.820,0,96,110,178,221,78.02,167.41,88.68
2022.890,1,90,72,158,232,101.32,168.67,108.85
2023.476,0,96,111,180,220,76.63,167.61,88.63
2023.540,1,90,71,158,232,101.73,168.71,109.48
2024.064,0,96,111,178,220,77.09,166.71,88.37
2024.155,1,90,71,158,232,101.73,168.71,109.48
2024.736,0,96,111,179,220,76.86,167.16,88.50
2024.810,1,90,71,159,232,101.56,169.17,109.73
2025.404,0,96,110,179,220,77.39,167.31,89.11
2025.477,1,90,71,158,233,102.07,169.16,109.23
2025.999,0,96,110,179,219,76.99,166.75,89.42
2026.086,1,90,71,157,232,101.91,168.24,109.23
2026.675,0,96,110,178,219,77.22,166.30,89.29
2026.744,1,90,72,156,233,102.02,168.20,108.12
2027.335,0,96,109,177,219,77.97,166.00,89.77
2027.409,1,90,72,156,233,102.02,168.20,108.12
2027.948,0,96,109,178,218,77.34,165.90,90.22
2028.025,1,90,72,156,233,102.02,168.20,108.12
2028.612,0,97,109,178,218,77.68,165.62,89.65
2028.689,1,89,72,156,233,101.61,168.42,108.52
2029.195,0,97,109,178,218,77.68,165.62,89.65
2029.272,1,89,72,155,233,101.79,167.95,108.28
2029.868,0,97,109,177,218,77.91,165.17,89.52
2029.944,1,90,72,155,233,102.20,167.73,107.88
2030.529,0,98,109,177,218,78.25,164.90,88.96
2030.601,1,90,73,156,232,101.27,167.71,107.75
2031.126,0,97,109,176,218,78.14,164.72,89.39
2031.190,1,90,72,156,234,102.36,168.65,107.87
2031.808,0,97,110,176,223,79.63,167.33,87.26
2031.886,1,90,72,156,234,102.36,168.65,107.87
2032.402,0,97,109,176,226,81.35,169.13,87.03
2032.475,1,90,72,157,233,101.84,168.67,108.36
2033.074,0,96,110,177,228,81.07,170.82,86.58
2033.150,1,90,73,157,233,101.43,168.63,107.74
2033.686,0,96,109,177,233,83.62,173.68,85.97
2033.758,1,89,73,157,233,101.02,168.85,108.15
2034.345,0,96,110,177,235,83.93,174.63,84.89
2034.424,1,90,73,157,234,101.78,169.09,107.49
2035.002,0,95,110,175,238,85.18,175.53,84.48
2035.086,1,90,73,157,233,101.43,168.63,107.74
2035.620,0,96,111,174,239,85.70,175.18,82.94
2035.693,1,89,73,156,232,100.86,167.93,108.15
2036.265,0,96,111,175,240,85.89,176.21,82.89
2036.346,1,89,74,157,233,100.61,168.81,107.53
2036.919,0,95,111,175,242,86.31,177.52,83.05
2037.003,1,89,73,158,234,101.19,169.77,108.15
2037.536,0,96,111,176,243,86.92,178.30,82.47
2037.612,1,89,74,158,234,100.78,169.73,107.53
2038.200,0,96,111,176,243,86.92,178.30,82.47
2038.286,1,89,74,158,234,100.78,169.73,107.53
2038.801,0,96,111,175,243,87.13,177.80,82.30
2038.863,1,89,74,158,235,101.12,170.19,107.29
2039.483,0,95,111,173,244,87.55,177.58,82.33
2040.144,0,95,112,176,243,86.02,178.42,82.41
2040.219,1,89,74,156,235,101.48,169.25,106.81
2040.722,0,94,112,174,242,85.62,177.15,82.82
2040.802,1,89,74,156,233,100.79,168.34,107.29
2041.403,0,94,113,176,239,83.47,176.41,83.15
2041.478,1,87,74,156,232,99.64,168.33,108.36
2042.052,0,96,113,176,238,83.84,175.35,82.24
2042.136,1,88,73,156,233,100.79,168.60,108.31
2042.646,0,97,113,176,234,82.58,172.92,82.57
2042.718,1,88,74,156,231,99.71,167.65,108.21
2043.323,0,96,112,176,231,81.48,171.70,84.46
2043.976,0,96,111,177,233,82.59,173.41,84.73
2044.058,1,88,73,156,232,100.46,168.14,108.56
2044.575,0,96,111,177,235,83.41,174.49,84.27
2044.648,1,89,74,157,234,100.96,169.27,107.29
2045.254,0,96,111,179,240,85.07,178.18,83.54
2045.321,1,89,73,157,236,102.05,170.21,107.43
2045.835,0,96,111,178,241,85.69,178.23,83.18
2045.909,1,89,73,157,238,102.74,171.11,106.97
2046.493,0,97,111,177,240,85.88,176.94,82.66
2046.576,1,90,74,157,237,102.41,170.42,106.16
2047.114,0,97,111,176,241,86.50,176.98,82.30
2047.190,1,90,74,157,236,102.06,169.96,106.40
2047.759,0,97,110,177,245,88.47,179.75,82.36
2047.842,1,91,74,158,236,102.30,170.22,106.22
2048.424,0,97,109,177,248,90.22,181.46,82.49
2048.503,1,91,74,158,237,102.65,170.68,105.99
2049.034,0,96,109,178,244,87.95,180.09,83.89
2049.107,1,91,73,157,237,103.23,170.24,106.38
2049.685,0,96,109,178,241,86.70,178.49,84.44
2049.763,1,90,72,157,236,102.87,170.03,107.64
2050.350,0,96,108,178,239,86.38,177.54,85.47
2050.420,1,90,73,156,236,102.64,169.53,106.78
2050.953,0,96,0,178,236,99.71,178.72,106.79
2051.017,1,91,73,157,235,102.54,169.33,106.84
2051.621,0,96,109,176,237,85.46,175.36,84.92
2051.698,1,91,73,156,237,103.41,169.76,106.14
2052.263,0,96,110,177,239,85.57,176.79,84.04
2052.344,1,92,73,156,238,104.18,170.00,105.51
2052.886,0,96,109,177,241,86.90,177.99,84.27
2052.964,1,92,73,156,239,104.54,170.46,105.28
2053.546,0,97,109,179,239,86.08,177.66,84.45
2053.628,1,91,73,156,237,103.41,169.76,106.14
2054.213,0,97,110,180,238,84.94,177.48,84.17
2054.290,1,91,74,156,235,102.31,168.82,105.98
2054.819,0,97,110,180,238,84.94,177.48,84.17
2054.892,1,92,74,157,235,102.55,169.08,105.81
2055.465,0,97,109,180,236,84.62,176.52,85.22
2055.546,1,92,74,157,235,102.55,169.08,105.81
2056.120,0,98,110,180,236,84.50,176.13,84.03
2056.208,1,92,73,157,233,102.25,168.20,106.92
2056.732,0,98,110,179,233,83.44,174.00,84.53
2056.807,1,92,73,157,233,102.25,168.20,106.92
2057.386,0,98,109,182,234,83.77,176.15,85.41
2057.471,1,92,72,157,235,103.36,169.15,107.07
2058.051,0,97,109,181,232,82.76,174.81,86.26
2058.133,1,92,73,158,237,103.48,170.50,106.21
2058.673,0,98,112,179,229,80.73,171.49,84.25
2058.748,1,91,73,157,235,102.54,169.33,106.84
2059.329,0,97,112,180,227,79.32,171.11,85.47
2059.406,1,91,74,161,235,101.43,171.18,107.19
2059.925,0,97,111,178,226,79.87,169.77,86.08
2059.999,1,91,73,163,235,101.52,172.16,108.34
2060.601,0,96,110,175,225,80.30,168.24,87.12
2060.680,1,91,73,164,234,101.00,172.16,108.84
2061.194,0,97,111,175,224,79.75,167.27,86.24
2061.253,1,91,72,161,233,101.56,170.32,108.94
2061.841,0,97,112,174,223,79.07,166.12,85.80
2061.920,1,91,72,160,232,101.38,169.39,108.94
2062.508,0,97,111,173,223,79.82,165.81,86.27
2062.591,1,91,71,160,231,101.45,168.97,109.82
2063.255,1,91,70,160,231,101.86,169.00,110.46
2063.773,0,97,110,185,221,76.81,170.32,89.05
2063.843,1,91,69,160,232,102.62,169.49,110.84
2064.463,0,97,110,199,220,73.57,176.09,91.36
2064.535,1,91,68,160,232,103.03,169.51,111.48
2065.036,0,97,110,197,220,73.95,175.18,91.06
2065.110,1,91,69,161,232,102.45,169.95,111.10
2065.706,0,97,110,202,219,72.57,176.84,92.09
2065.779,1,91,71,162,232,101.46,170.36,110.09
2066.381,0,96,110,209,220,71.48,180.90,93.63
2066.459,1,90,71,161,231,100.88,169.64,110.49
2066.973,0,97,110,203,220,72.83,177.92,91.98
2067.036,1,90,72,161,232,100.81,170.07,109.60
2067.629,0,97,0,199,220,88.74,179.84,112.59
2067.699,1,90,73,159,232,100.74,169.10,108.47
2068.303,0,97,110,195,219,73.90,173.67,91.04
2068.365,1,90,73,159,232,100.74,169.10,108.47
2068.886,0,96,109,193,218,74.12,172.59,92.33
2068.953,1,90,72,159,232,101.15,169.14,109.10
2069.544,0,96,109,193,218,74.12,172.59,92.33
2069.624,1,90,72,159,232,101.15,169.14,109.10
2070.163,0,97,110,190,218,74.50,170.83,90.63
2070.237,1,90,72,159,232,101.15,169.14,109.10
2070.817,0,97,110,187,218,75.14,169.49,90.22
2070.893,1,90,71,158,232,101.73,168.71,109.48
2071.483,0,97,109,188,218,75.48,170.10,91.00
2071.559,1,90,71,158,232,101.73,168.71,109.48
2072.086,0,97,109,186,220,76.73,170.36,90.12
2072.155,1,89,72,157,232,101.09,168.42,109.01
2072.748,0,97,109,183,220,77.37,169.00,89.70
2072.821,1,90,72,157,231,101.16,167.75,108.86
2073.407,0,96,109,181,220,77.47,168.36,90.01
2073.484,1,90,72,157,231,101.16,167.75,108.86
2074.016,0,97,109,181,220,77.81,168.09,89.43
2074.090,1,90,72,158,230,100.64,167.76,109.36
2074.676,0,96,109,180,220,77.69,167.91,89.87
2074.752,1,89,72,157,231,100.75,167.97,109.26
2075.324,0,97,108,179,221,79.19,167.90,89.49
2075.410,1,89,73,158,231,100.16,168.39,108.89
2075.945,0,96,109,181,220,77.47,168.36,90.01
2076.017,1,89,72,158,232,100.92,168.89,109.26
2076.598,0,97,109,182,219,77.18,167.98,89.87
2076.674,1,89,73,158,232,100.50,168.85,108.64
2077.263,0,97,109,181,219,77.40,167.53,89.73
2077.336,1,89,73,157,232,100.68,168.39,108.39
2077.875,0,97,109,181,218,77.00,166.97,90.04
2077.940,1,89,73,155,233,101.38,167.92,107.67
2078.536,0,96,109,180,219,77.29,167.35,90.17
2078.604,1,90,72,155,233,102.20,167.73,107.88
2079.119,0,96,109,181,219,77.07,167.80,90.31
2079.192,1,90,73,156,233,101.61,168.16,107.50
2079.794,0,96,109,181,218,76.66,167.24,90.62
2079.870,1,90,73,156,233,101.61,168.16,107.50
2080.453,0,96,109,180,218,76.89,166.79,90.49
2080.522,1,90,72,156,234,102.36,168.65,107.87
2081.042,0,97,109,180,219,77.63,167.08,89.60
2081.109,1,89,73,156,232,100.86,167.93,108.15
2081.712,0,97,109,178,219,78.08,166.18,89.33
2081.793,1,89,73,157,231,100.34,167.93,108.65
2082.378,0,97,109,178,218,77.68,165.62,89.65
2082.454,1,89,73,157,231,100.34,167.93,108.65
2082.965,0,96,110,177,218,77.05,165.30,89.47
2083.045,1,89,72,157,233,101.43,168.88,108.76
2083.649,0,97,110,177,218,77.39,165.02,88.91
2083.711,1,89,73,156,233,101.20,168.38,107.91
2084.236,0,97,110,179,218,76.93,165.92,89.16
2084.302,1,89,73,157,232,100.68,168.39,108.39
2084.903,0,97,110,178,218,77.16,165.47,89.03
2084.981,1,90,72,157,232,101.50,168.21,108.61
2085.568,0,97,110,179,218,76.93,165.92,89.16
2085.648,1,90,72,157,232,101.50,168.21,108.61
2086.169,0,98,110,178,219,77.90,165.75,88.15
2086.236,1,90,72,158,233,101.66,169.13,108.60
2086.830,0,97,110,177,219,77.79,165.58,88.59
2086.898,1,90,71,157,231,101.57,167.79,109.48
2087.501,0,98,109,176,219,78.89,165.00,88.52
2087.581,1,89,72,156,231,100.93,167.51,109.02
2088.090,0,97,110,177,219,77.79,165.58,88.59
2088.166,1,89,72,157,231,100.75,167.97,109.26
2088.752,0,97,109,178,220,78.48,166.74,89.03
2088.833,1,88,72,157,231,100.35,168.18,109.67
2089.436,0,97,109,180,220,78.03,167.64,89.30
2089.496,1,89,72,158,231,100.58,168.43,109.51
2090.014,0,97,109,180,219,77.63,167.08,89.60
2090.085,1,89,72,158,231,100.58,168.43,109.51
2090.683,0,96,109,182,219,76.84,168.25,90.45
2090.761,1,89,72,158,231,100.58,168.43,109.51
2091.276,0,96,109,183,219,76.63,168.70,90.59
2091.354,1,89,72,157,231,100.75,167.97,109.26
2091.943,0,96,109,181,219,77.07,167.80,90.31
2092.032,1,89,72,158,231,100.58,168.43,109.51
2092.606,0,96,110,181,219,76.53,167.65,89.69
2092.688,1,89,72,157,231,100.75,167.97,109.26
2093.202,0,97,110,180,220,77.50,167.49,88.67
2093.297,1,88,73,156,231,100.12,167.69,108.81
2093.874,0,97,110,180,220,77.50,167.49,88.67
2093.953,1,89,72,156,230,100.59,167.05,109.28
2094.539,0,97,109,180,219,77.63,167.08,89.60
2095.125,0,97,109,181,218,77.00,166.97,90.04
2095.208,1,89,72,156,231,100.93,167.51,109.02
2095.798,0,96,109,179,219,77.51,166.90,90.04
2095.868,1,89,72,156,232,101.27,167.96,108.77
2096.457,0,97,108,179,218,77.98,166.22,90.40
2096.535,1,89,72,156,232,101.27,167.96,108.77
2097.043,0,97,109,179,218,77.45,166.07,89.78
2097.137,1,89,72,157,233,101.43,168.88,108.76
2097.729,0,97,110,178,219,77.56,166.03,88.72
2097.805,1,89,73,157,232,100.68,168.39,108.39
2098.322,0,97,110,179,219,77.33,166.48,88.85
2098.397,1,89,72,156,231,100.93,167.51,109.02
2098.986,0,97,110,179,219,77.33,166.48,88.85
2099.082,1,89,72,156,232,101.27,167.96,108.77
2099.594,0,96,109,178,218,77.34,165.90,90.22
2099.668,1,89,72,157,232,101.09,168.42,109.01
2100.251,0,96,110,178,219,77.22,166.30,89.29
2100.333,1,89,73,157,232,100.68,168.39,108.39
2100.903,0,96,109,178,219,77.74,166.45,89.90
2101.001,1,89,73,157,232,100.68,168.39,108.39
2101.571,0,97,109,178,218,77.68,165.62,89.65
2101.658,1,89,73,157,231,100.34,167.93,108.65
2102.156,0,96,109,178,218,77.34,165.90,90.22
2102.236,1,89,71,157,231,101.16,168.00,109.88
2102.824,0,97,109,179,218,77.45,166.07,89.78
2102.906,1,89,71,157,232,101.50,168.46,109.63
2103.494,0,98,109,178,218,78.02,165.35,89.08
2103.568,1,89,70,158,232,101.73,168.95,110.50
2104.079,0,97,109,179,219,77.85,166.63,89.47
2104.143,1,89,70,158,233,102.07,169.40,110.25
2104.736,0,98,109,179,218,77.79,165.80,89.21
2104.824,1,89,70,157,232,101.91,168.49,110.25
2105.396,0,97,108,180,218,77.75,166.67,90.54
2105.474,1,90,71,157,233,102.25,168.70,108.98
2105.999,0,97,108,181,218,77.53,167.12,90.67
2106.075,1,90,71,157,233,102.25,168.70,108.98
2106.665,0,97,108,180,218,77.75,166.67,90.54
2106.758,1,90,71,157,233,102.25,168.70,108.98
2107.339,0,97,109,180,218,77.22,166.52,89.91
2107.408,1,90,71,157,233,102.25,168.70,108.98
2107.932,0,97,109,180,219,77.63,167.08,89.60
2107.998,1,90,71,157,232,101.91,168.24,109.23
2108.586,0,96,109,179,219,77.51,166.90,90.04
2108.686,1,90,72,157,232,101.50,168.21,108.61
2109.187,0,97,109,179,219,77.85,166.63,89.47
2109.266,1,90,71,157,232,101.91,168.24,109.23
2109.838,0,97,108,179,219,78.38,166.78,90.09
2109.919,1,90,71,156,232,102.08,167.78,108.98
2110.504,0,97,108,179,219,78.38,166.78,90.09
2110.601,1,90,72,156,233,102.02,168.20,108.12
2111.107,0,97,108,181,219,77.94,167.68,90.36
2111.186,1,90,71,156,233,102.42,168.23,108.74
2111.771,0,97,108,180,219,78.16,167.23,90.23
2111.851,1,90,72,157,233,101.84,168.67,108.36
2112.438,0,97,109,180,220,78.03,167.64,89.29
2112.537,1,90,72,157,233,101.84,168.67,108.36
2113.042,0,98,108,180,220,78.91,167.53,89.35
2113.120,1,90,72,156,232,101.68,167.75,108.37
2113.723,0,98,107,181,219,78.81,167.57,90.42
2113.800,1,90,72,157,232,101.50,168.21,108.61
2114.384,0,97,109,181,222,78.63,169.22,88.84
2114.479,1,90,72,157,234,102.18,169.12,108.12
2114.988,0,97,107,182,223,79.88,170.54,89.97
2115.064,1,91,73,157,235,102.54,169.33,106.84
2115.638,0,97,108,182,224,79.76,170.96,89.06
2115.721,1,92,73,157,236,103.30,169.57,106.20
2116.244,0,97,108,185,223,78.73,171.78,89.77
2116.309,1,91,72,157,236,103.29,169.82,107.24
2116.919,0,98,108,184,222,78.87,170.49,89.32
2116.994,1,91,72,156,236,103.47,169.35,107.00
2117.582,0,97,108,183,221,78.32,169.72,90.05
2117.651,1,91,72,157,235,102.94,169.36,107.47
2118.179,0,98,108,182,220,78.47,168.44,89.62
2118.254,1,91,72,157,234,102.60,168.91,107.71
2118.861,0,97,109,181,220,77.81,168.09,89.43
2118.938,1,90,71,157,234,102.59,169.15,108.74
2119.443,0,98,109,183,220,77.71,168.74,89.12
2119.533,1,90,72,157,233,101.84,168.67,108.36
2120.115,0,98,109,182,220,77.93,168.28,88.99
2120.196,1,91,72,157,232,101.91,168.00,108.20
2120.729,0,98,110,182,219,76.99,167.55,88.66
2120.808,1,90,73,156,232,101.27,167.71,107.75
2121.391,0,98,110,181,219,77.21,167.10,88.53
2121.471,1,90,72,156,232,101.68,167.75,108.37
2122.058,0,98,110,181,219,77.21,167.10,88.53
2122.138,1,90,71,156,231,101.74,167.33,109.24
2122.660,0,97,111,0,221,68.98,189.85,95.35
2122.745,1,90,72,156,233,102.02,168.20,108.12
2123.331,0,97,110,181,222,78.10,169.07,88.22
2123.407,1,90,72,155,233,102.20,167.73,107.88
2123.922,0,96,110,179,221,77.79,167.87,88.81
2124.000,1,90,72,155,232,101.86,167.28,108.13
2124.597,0,97,110,178,221,78.36,167.14,88.11
2124.688,1,90,72,155,231,101.52,166.83,108.38
2125.204,0,97,110,179,221,78.14,167.60,88.24
2125.277,1,90,72,155,232,101.86,167.28,108.13
2125.866,0,98,110,178,221,78.71,166.87,87.54
2125.940,1,91,72,156,232,102.08,167.53,107.96
2126.470,0,97,110,179,220,77.73,167.04,88.54
2126.555,1,90,72,157,232,101.50,168.21,108.61
2127.136,0,97,110,179,219,77.33,166.48,88.85
2127.213,1,90,71,157,233,102.25,168.70,108.98
2127.812,0,98,110,178,220,78.31,166.31,87.85
2127.886,1,90,71,157,233,102.25,168.70,108.98
2128.422,0,98,109,179,220,78.60,166.92,88.59
2128.493,1,90,72,158,233,101.66,169.13,108.60
2129.086,0,98,109,178,219,78.42,165.91,88.77
2129.158,1,90,73,157,233,101.43,168.63,107.74
2129.674,0,97,109,177,219,78.31,165.73,89.20
2129.748,1,90,73,157,234,101.78,169.09,107.49
2130.346,0,97,108,178,218,78.20,165.77,90.27
2130.432,1,90,73,157,234,101.78,169.09,107.49
2131.019,0,97,109,178,219,78.08,166.18,89.33
2131.597,0,97,110,178,218,77.16,165.47,89.03
2131.681,1,90,72,157,233,101.84,168.67,108.36
2132.289,0,97,109,178,218,77.68,165.62,89.65
2132.366,1,90,72,157,233,101.84,168.67,108.36
2132.878,0,97,109,177,217,77.51,164.62,89.84
2132.960,1,91,72,158,233,102.08,168.92,108.20
2133.549,0,98,108,177,218,78.77,165.05,89.57
2133.626,1,91,73,157,232,101.50,167.96,107.58
2134.150,0,98,109,178,219,78.43,165.91,88.77
2134.236,1,91,73,157,233,101.84,168.41,107.33
2134.815,0,98,109,179,218,77.79,165.80,89.21
2134.892,1,91,72,156,232,102.08,167.53,107.96
2135.467,0,98,109,179,217,77.39,165.23,89.53
2135.547,1,90,72,157,233,101.84,168.67,108.36
2136.081,0,97,109,178,217,77.28,165.06,89.97
2136.154,1,91,72,157,233,102.25,168.45,107.95
2136.742,0,97,109,182,216,75.97,166.28,90.81
2136.821,1,91,73,157,231,101.15,167.50,107.83
2137.409,0,97,108,181,216,76.73,165.99,91.31
2138.010,0,97,108,181,218,77.53,167.12,90.67
2138.091,1,90,74,159,232,100.32,169.06,107.84
2138.680,0,97,109,180,218,77.22,166.52,89.91
2138.756,1,90,74,161,231,99.63,169.53,108.59
2139.277,0,97,108,180,217,77.35,166.11,90.85
2139.352,1,90,74,161,232,99.97,170.00,108.34
2139.960,0,97,109,178,217,77.28,165.06,89.97
2140.040,1,90,73,160,231,100.22,169.10,108.97
2140.622,0,97,109,174,217,78.22,163.28,89.46
2140.699,1,90,72,159,231,100.80,168.68,109.35
2141.212,0,97,109,172,218,79.09,162.93,88.89
2141.287,1,90,75,159,232,99.91,169.02,107.22
2141.881,0,97,109,171,217,78.95,161.94,89.09
2141.958,1,90,76,159,233,99.84,169.44,106.34
2142.473,0,96,109,172,217,78.36,162.67,89.76
2142.549,1,90,76,161,233,99.49,170.38,106.82
2143.133,0,96,108,174,218,78.78,164.25,90.30
2143.207,1,90,75,163,233,99.57,171.36,107.96
2143.803,0,97,110,181,218,76.47,166.81,89.42
2143.886,1,90,76,162,233,99.31,170.85,107.07
2144.389,0,97,110,180,218,76.70,166.36,89.29
2144.475,1,90,75,162,233,99.73,170.89,107.71
2145.067,0,97,109,179,218,77.45,166.07,89.78
2145.142,1,90,75,160,234,100.43,170.42,106.97
2145.678,0,97,110,177,218,77.39,165.02,88.91
2145.756,1,89,74,160,234,100.43,170.66,108.02
2146.338,0,97,109,177,218,77.91,165.17,89.52
2146.422,1,90,74,160,233,100.49,169.99,107.84
2147.004,0,97,109,179,217,77.05,165.51,90.10
2147.087,1,90,74,159,233,100.67,169.53,107.60
2147.622,0,96,109,179,218,77.11,166.34,90.35
2147.686,1,89,73,157,233,101.02,168.85,108.15
2148.273,0,96,110,179,219,76.99,166.75,89.42
2148.351,1,90,74,158,235,101.54,169.98,106.87
2148.925,0,97,110,182,225,79.11,171.22,87.52
2149.009,1,89,74,158,233,100.43,169.27,107.77
2149.539,0,97,109,180,225,80.07,170.44,87.86
2149.615,1,89,74,159,232,99.92,169.28,108.26
2150.192,0,97,110,179,224,79.36,169.27,87.38
2150.274,1,90,75,158,232,100.08,168.56,106.98
2150.793,0,97,109,179,224,79.88,169.42,88.00
2150.870,1,89,74,157,230,99.59,167.43,108.29
2151.461,0,97,109,179,225,80.29,169.98,87.72
2151.536,1,89,73,156,236,102.23,169.74,107.19
2152.125,0,97,108,180,224,80.19,170.03,88.77
2152.189,1,89,72,156,236,102.63,169.77,107.80
2152.721,0,97,109,0,222,70.94,191.07,97.01
2152.798,1,89,72,157,235,102.11,169.79,108.28
2153.391,0,98,111,179,222,78.36,167.73,86.76
2153.470,1,89,73,157,234,101.36,169.30,107.90
2153.993,0,98,111,179,220,77.55,166.61,87.36
2154.065,1,89,74,158,233,100.43,169.27,107.77
2154.644,0,98,110,179,220,78.08,166.76,87.97
2154.723,1,90,73,157,232,101.09,168.17,107.99
2155.327,0,98,110,179,219,77.67,166.20,88.28
2155.403,1,90,72,157,231,101.16,167.75,108.86
2155.913,0,98,110,179,219,77.67,166.20,88.28
2155.986,1,90,72,157,231,101.16,167.75,108.86
2156.580,0,98,110,179,219,77.67,166.20,88.28
2156.656,1,90,72,157,231,101.16,167.75,108.86
2157.193,0,98,110,179,218,77.26,165.64,88.59
2157.263,1,90,72,157,231,101.16,167.75,108.86
2157.849,0,97,109,179,218,77.45,166.07,89.78
2157.926,1,90,72,157,231,101.16,167.75,108.86
2158.529,0,97,109,178,219,78.08,166.18,89.33
2158.591,1,90,72,156,231,101.33,167.29,108.62
2159.136,0,96,108,177,218,78.09,165.60,90.70
2159.214,1,90,73,156,232,101.27,167.71,107.75
2159.799,0,96,108,177,219,78.49,166.15,90.38
2159.879,1,89,73,157,232,100.68,168.39,108.39
2160.450,0,96,109,177,219,77.97,166.00,89.77
2160.535,1,89,72,157,232,101.09,168.42,109.01
2161.070,0,97,108,178,219,78.60,166.33,89.95
2161.136,1,90,71,157,232,101.91,168.24,109.23
2161.736,0,96,109,178,219,77.74,166.45,89.90
2161.809,1,90,71,157,232,101.91,168.24,109.23
2162.329,0,96,109,177,219,77.97,166.00,89.77
2162.396,1,90,71,157,232,101.91,168.24,109.23
2162.998,0,95,109,177,219,77.63,166.28,90.34
2163.082,1,89,71,156,232,101.68,168.00,109.38
2163.599,0,97,109,178,218,77.68,165.62,89.65
2163.679,1,89,71,156,233,102.01,168.45,109.14
2164.252,0,96,109,179,219,77.51,166.90,90.04
2164.337,1,89,71,155,233,102.19,167.99,108.89
2164.880,0,96,109,178,218,77.34,165.90,90.22
2164.959,1,90,71,156,233,102.42,168.23,108.74
2165.537,0,96,109,179,218,77.11,166.34,90.35
2165.615,1,90,71,157,233,102.25,168.70,108.98
2166.205,0,96,109,179,217,76.72,165.78,90.67
2166.280,1,90,72,156,233,102.02,168.20,108.12
2166.811,0,96,110,178,217,76.42,165.19,89.92
2166.886,1,90,72,157,233,101.84,168.67,108.36
2167.454,0,96,110,179,217,76.19,165.63,90.05
2167.544,1,90,73,158,232,100.91,168.64,108.23
2168.136,0,95,110,178,217,76.09,165.46,90.50
2168.210,1,90,72,157,233,101.84,168.67,108.36
2168.736,0,96,110,179,218,76.59,166.19,89.73
2168.815,1,90,73,157,233,101.43,168.63,107.74
2169.392,0,97,110,178,218,77.16,165.47,89.03
2169.468,1,90,72,158,233,101.66,169.13,108.60
2170.055,0,97,109,179,219,77.85,166.63,89.47
2170.122,1,90,72,158,233,101.66,169.13,108.60
2170.666,0,96,109,179,218,77.11,166.34,90.35
2170.738,1,91,72,158,234,102.42,169.38,107.95
2171.333,0,97,109,179,218,77.45,166.07,89.78
2171.404,1,91,71,157,234,103.00,168.94,108.34
2171.927,0,97,109,179,217,77.05,165.51,90.10
2172.003,1,91,72,158,234,102.42,169.38,107.95
2172.613,0,97,110,179,218,76.93,165.92,89.16
2172.689,1,91,72,158,234,102.42,169.38,107.95
2173.203,0,97,109,179,219,77.85,166.63,89.47
2173.276,1,91,72,156,234,102.77,168.44,107.47
2173.867,0,97,109,179,219,77.85,166.63,89.47
2173.939,1,90,72,157,234,102.18,169.12,108.12
2174.475,0,97,109,179,218,77.45,166.07,89.78
2174.542,1,90,71,157,235,102.93,169.61,108.50
2175.126,0,96,109,178,219,77.74,166.45,89.90
2175.786,0,96,109,177,218,77.57,165.45,90.08
2175.864,1,90,70,158,233,102.48,169.19,109.85
2176.396,0,97,109,178,219,78.08,166.18,89.33
2176.459,1,90,70,158,233,102.48,169.19,109.85
2177.062,0,97,108,176,219,79.06,165.43,89.69
2177.141,1,90,70,158,233,102.48,169.19,109.85
2177.723,0,97,108,175,219,79.29,164.98,89.56
2177.803,1,90,71,158,234,102.42,169.62,108.99
2178.336,0,97,109,175,218,78.38,164.28,89.26
2178.411,1,90,71,157,233,102.25,168.70,108.98
2179.000,0,97,109,176,219,78.54,165.28,89.07
2179.075,1,89,70,157,233,102.24,168.94,110.00
2179.590,0,97,109,177,219,78.31,165.73,89.20
2179.667,1,89,70,157,233,102.24,168.94,110.00
2180.271,0,97,110,177,218,77.39,165.02,88.91
2180.348,1,89,71,157,232,101.50,168.46,109.63
2180.933,0,97,111,177,218,76.87,164.87,88.30
2181.008,1,90,71,158,233,102.07,169.16,109.23
2181.523,0,97,112,177,217,75.95,164.15,88.02
2181.601,1,90,71,157,234,102.59,169.15,108.74
2182.194,0,97,112,175,216,76.04,162.71,88.11
2182.275,1,90,72,158,236,102.70,170.50,107.89
2182.861,0,97,112,174,220,77.87,164.47,86.71
2182.938,1,90,71,158,240,104.49,172.33,107.62
2183.457,0,96,111,174,245,88.16,178.36,81.77
2183.533,1,90,73,159,239,103.17,172.30,106.84
2184.137,0,95,112,175,255,91.17,184.19,80.25
2184.217,1,90,73,159,239,103.17,172.30,106.84
2184.725,0,94,111,176,251,89.39,182.99,82.21
2184.800,1,91,73,159,246,106.07,175.25,105.00
2185.389,0,95,111,174,248,88.98,180.17,81.78
2185.466,1,93,74,158,245,106.37,173.89,103.48
2186.064,0,91,111,179,248,86.33,183.65,84.94
2186.142,1,95,75,159,243,105.95,173.03,102.65
2186.650,0,91,111,180,248,86.14,184.15,85.14
2186.713,1,98,74,159,241,106.95,171.53,102.48
2187.306,0,93,111,179,246,86.34,182.13,84.14
2187.382,1,96,74,160,240,105.53,171.98,103.74
2187.968,0,98,112,180,244,86.84,180.22,81.22
2188.050,1,93,74,162,239,103.54,173.10,105.70
2188.571,0,100,112,179,243,87.43,178.68,80.13
2188.637,1,92,74,162,237,102.39,172.38,106.56
2189.230,0,99,113,180,243,86.30,179.29,80.21
2189.310,1,95,74,161,235,103.11,170.35,105.51
2189.922,0,98,113,180,244,86.32,180.08,80.59
2189.998,1,97,73,160,235,104.54,169.49,105.09
2190.511,0,99,112,178,245,88.08,179.50,80.17
2190.588,1,96,74,159,235,103.88,169.17,104.62
2191.174,0,95,112,178,245,86.43,180.49,82.38
2191.252,1,93,74,158,235,102.79,169.34,105.63
2191.755,0,91,112,179,245,84.61,181.95,84.83
2191.853,1,91,75,157,234,101.37,168.79,105.83
2192.445,0,88,112,178,247,84.40,183.23,86.01
2192.522,1,88,75,157,237,101.16,170.81,106.38
2193.036,0,93,111,177,250,88.36,183.22,83.10
2193.110,1,87,75,157,234,99.73,169.66,107.51
2193.695,0,93,111,178,253,89.40,185.29,82.85
2193.786,1,86,75,158,235,99.48,170.79,107.93
2194.372,0,94,112,178,249,87.68,182.85,82.27
2194.449,1,89,74,158,240,102.86,172.46,106.16
2194.961,0,93,110,180,246,86.65,182.74,84.96
2195.036,1,90,74,159,0,82.31,140.84,130.13
2195.623,0,93,110,180,262,93.22,191.04,82.82
2195.708,1,92,74,157,242,105.02,172.26,104.25
2196.288,0,95,110,180,257,92.05,188.05,82.28
2196.368,1,92,74,159,244,105.40,174.13,104.33
2196.886,0,95,111,181,251,88.86,185.32,82.62
2196.951,1,92,75,159,242,104.27,173.20,104.10
2197.547,0,97,112,180,247,87.70,182.08,81.28
2197.636,1,91,75,158,265,112.28,182.96,100.49
2198.155,0,98,111,180,242,86.51,179.27,82.21
2198.234,1,90,74,159,259,109.87,181.10,102.60
2198.827,0,97,111,181,239,84.64,178.38,83.51
2198.901,1,89,74,160,256,108.17,180.49,103.72
2199.488,0,97,111,179,237,84.21,176.30,83.59
2199.579,1,91,73,160,254,108.77,179.26,103.87
2200.086,0,97,111,179,235,83.38,175.21,84.02
2200.153,1,90,74,159,251,107.01,177.64,103.87
2200.744,0,97,111,180,233,82.33,174.59,84.62
2200.819,1,89,74,158,249,106.01,176.47,104.37
2201.415,0,98,110,180,231,82.40,173.37,85.14
2201.498,1,89,75,158,249,105.61,176.45,103.74
2202.007,0,97,111,180,231,81.50,173.48,85.08
2202.088,1,90,74,157,250,106.98,176.22,103.53
2202.660,0,100,110,181,234,84.22,175.02,83.49
2202.744,1,90,74,0,248,99.46,216.07,149.93
2203.332,0,98,109,179,264,97.02,190.54,80.37
2203.427,1,89,75,158,252,106.68,177.77,103.21
2203.936,0,97,110,181,256,92.34,187.61,81.52
2204.017,1,90,73,157,253,108.44,177.54,103.64
2204.595,0,97,109,179,254,92.36,185.63,82.01
2204.674,1,91,73,157,253,108.90,177.35,103.24
2205.195,0,99,110,179,261,95.72,188.69,79.47
2205.257,1,90,74,158,251,107.17,177.15,103.61
2205.870,0,99,110,180,258,94.26,187.67,80.00
2205.946,1,92,74,159,250,107.55,176.81,103.22
2206.536,0,99,110,181,255,92.80,186.63,80.55
2206.608,1,92,73,159,250,107.95,176.83,103.86
2207.112,0,98,111,180,251,90.33,184.11,80.77
2207.193,1,91,73,159,252,108.21,177.89,103.92
2207.786,0,97,112,180,248,88.12,182.62,81.12
2207.867,1,90,72,160,252,107.99,178.58,105.23
2208.446,0,97,111,181,244,86.75,181.10,82.59
2208.510,1,90,74,159,254,108.08,178.95,103.37
2209.020,0,99,111,181,256,92.72,187.04,79.78
2209.101,1,89,73,160,253,107.50,179.19,104.83
2209.716,0,99,111,182,252,90.82,185.45,80.47
2209.786,1,90,73,160,253,107.95,179.01,104.43
2210.369,0,98,111,180,248,89.06,182.51,81.21
2210.447,1,89,74,160,253,107.10,179.19,104.20
2210.972,0,98,111,180,245,87.78,180.90,81.69
2211.046,1,90,74,159,256,108.79,179.81,103.05
2211.653,0,98,111,180,247,88.63,181.97,81.37
2211.718,1,88,75,158,253,106.58,178.40,103.46
2212.244,0,99,110,181,248,89.80,182.92,81.49
2212.320,1,88,76,157,252,106.00,177.46,102.75
2212.908,0,98,111,181,244,87.16,180.86,82.03
2212.985,1,88,75,157,250,105.69,176.60,103.72
2213.514,0,98,111,179,240,85.87,177.69,82.43
2213.588,1,89,76,156,248,105.20,175.02,102.81
2214.175,0,98,110,180,237,84.92,176.68,83.82
2214.250,1,90,75,157,247,105.52,174.88,103.45
2214.828,0,98,109,180,235,84.60,175.73,84.87
2214.895,1,92,73,158,245,106.32,174.12,104.53
2215.436,0,97,110,180,233,82.86,174.73,85.24
2215.509,1,92,74,157,246,106.45,174.05,103.45
2216.086,0,97,110,180,232,82.44,174.18,85.47
2216.167,1,92,73,157,245,106.49,173.63,104.28
2216.755,0,97,110,181,229,80.98,172.99,86.34
2216.823,1,91,73,156,245,106.22,173.35,104.44
2217.362,0,97,109,181,228,81.10,172.58,87.22
2217.436,1,91,74,156,244,105.47,172.88,104.01
2218.011,0,97,111,185,226,78.36,173.03,87.05
2218.093,1,90,74,157,243,104.51,173.12,104.86
2218.686,0,98,110,184,226,79.46,172.46,86.96
2218.758,1,89,73,157,242,104.13,172.90,106.10
2219.286,0,97,110,183,0,56.03,135.18,120.55
2219.359,1,89,74,157,250,106.53,176.42,103.93
2219.946,0,99,112,188,227,78.32,174.34,85.41
2220.025,1,89,74,158,251,106.72,177.34,104.01
2220.599,0,98,111,186,230,80.20,175.53,85.63
2220.677,1,92,75,158,250,107.32,176.30,102.33
2221.217,0,100,111,185,232,82.01,175.69,83.87
2221.286,1,94,76,159,248,106.93,175.47,101.47
2221.867,0,100,111,184,234,83.07,176.33,83.29
2221.946,1,96,76,159,247,107.47,174.61,100.82
2222.519,0,100,111,182,235,83.91,175.91,82.78
2222.600,1,98,76,158,246,108.18,173.24,99.95
2223.135,0,100,111,186,235,83.11,177.88,83.39
2223.211,1,101,76,159,244,108.61,172.20,99.34
2223.795,0,101,113,184,236,83.24,176.90,81.03
2223.870,1,103,76,159,244,109.53,171.77,98.54
2224.458,0,102,113,183,238,84.72,177.28,79.92
2224.538,1,106,76,160,244,110.74,171.66,97.56
2225.063,0,103,113,184,239,85.35,178.09,79.32
2225.136,1,107,76,161,244,111.04,171.97,97.38
2225.728,0,102,113,184,239,84.95,178.34,79.88
2225.808,1,110,77,160,243,111.80,170.27,95.48
2226.314,0,102,113,181,239,85.57,176.84,79.44
2226.404,1,112,76,161,243,112.99,170.44,95.61
2227.011,0,101,112,183,238,84.86,177.68,81.12
2227.086,1,112,75,161,243,113.41,170.51,96.32
2227.598,0,100,113,181,238,84.35,176.79,80.75
2227.673,1,112,76,161,243,112.99,170.44,95.61
2228.251,0,100,112,179,239,85.72,176.49,80.88
2228.335,1,111,76,160,244,113.09,170.60,95.62
2228.874,0,101,111,180,238,86.00,176.34,81.31
2228.949,1,105,76,160,243,109.89,171.40,98.14
2229.521,0,100,111,180,238,85.61,176.59,81.87
2229.597,1,104,76,160,245,110.21,172.54,98.17
2230.186,0,100,112,178,234,83.80,173.25,81.80
2230.274,1,102,75,160,244,109.31,172.55,99.83
2230.801,0,99,112,177,231,82.38,171.38,82.92
2230.878,1,100,74,159,244,108.97,172.50,101.08
2231.461,0,99,112,179,228,80.68,170.66,83.94
2231.537,1,98,75,159,245,108.04,173.33,101.03
2232.128,0,98,111,179,226,80.01,169.97,85.64
2232.198,1,97,75,159,244,107.21,173.08,101.63
2232.736,0,97,112,179,225,78.72,169.52,85.87
2232.799,1,96,73,159,245,107.94,173.80,103.16
2233.386,0,97,110,178,224,79.58,168.81,87.24
2233.464,1,96,72,159,245,108.34,173.83,103.81
2234.054,0,97,110,177,223,79.40,167.79,87.39
2234.117,1,95,72,158,245,108.06,173.54,103.96
2234.661,0,97,111,177,223,78.88,167.64,86.78
2234.736,1,93,72,157,245,107.33,173.45,104.51
2235.306,1,93,72,158,244,106.81,173.49,104.96
2235.973,0,96,110,177,223,79.05,168.07,87.96
2236.049,1,92,72,157,243,106.18,172.76,105.31
2236.566,0,96,110,184,222,77.10,170.70,89.21
2236.654,1,91,74,157,245,105.65,173.81,104.05
2237.245,0,95,110,187,221,75.71,171.75,90.53
2237.322,1,90,74,156,246,105.74,173.97,104.02
2237.836,0,95,110,186,221,75.92,171.30,90.38
2237.911,1,91,74,156,245,105.82,173.32,103.81
2238.521,0,96,111,184,222,76.56,170.55,88.58
2238.591,1,93,73,156,245,107.10,172.94,103.63
2239.098,0,96,110,183,222,77.31,170.25,89.07
2239.189,1,93,73,157,245,106.93,173.43,103.88
2239.767,0,96,110,182,222,77.53,169.79,88.93
2239.836,1,92,74,157,247,106.81,174.50,103.26
2240.446,0,96,110,182,223,77.94,170.35,88.65
2240.512,1,91,74,158,247,106.19,175.19,103.92
2241.099,0,95,110,180,226,79.24,171.37,88.12
2241.176,1,91,74,158,248,106.55,175.63,103.73
2241.687,0,95,110,179,229,80.67,172.57,87.19
2241.764,1,92,74,158,247,106.64,174.99,103.51
2242.352,0,96,109,179,228,81.15,171.90,87.50
2242.434,1,91,75,159,249,106.34,176.54,103.17
2243.017,0,97,109,178,228,81.73,171.17,86.78
2243.098,1,91,74,158,249,106.91,176.07,103.55
2243.612,0,98,110,178,229,81.99,171.31,85.35
2243.688,1,91,74,157,250,107.43,176.02,103.12
2244.300,0,98,110,178,226,80.76,169.65,86.13
2244.378,1,91,74,156,248,106.89,174.65,103.23
2244.886,0,98,110,180,225,79.90,170.03,86.67
2244.965,1,92,74,155,245,106.44,172.63,103.16
2245.549,0,97,110,179,224,79.36,169.27,87.38
2245.636,1,92,74,157,243,105.38,172.71,104.04
2246.162,0,97,110,179,222,78.54,168.15,87.95
2246.236,1,92,73,174,241,102.47,180.01,109.76
2246.819,0,97,110,178,222,78.77,167.70,87.81
2246.894,1,92,72,172,241,103.16,179.07,109.83
2247.477,0,97,109,200,222,74.86,177.95,91.70
2247.552,1,92,71,176,240,102.69,180.52,111.97
2248.073,0,97,109,204,222,74.16,179.80,92.37
2248.147,1,91,72,174,240,102.10,179.72,111.07
2248.734,0,97,110,200,221,73.82,177.16,91.25
2248.803,1,91,71,171,239,102.57,177.84,111.03
2249.390,0,97,110,200,220,73.38,176.55,91.52
2249.463,1,91,71,170,238,102.35,176.90,110.94
2249.999,0,97,110,201,220,73.19,177.00,91.67
2250.074,1,90,72,168,237,101.45,175.65,110.33
2250.651,0,96,110,198,219,73.00,175.27,92.12
2250.737,1,90,73,166,235,100.62,173.76,109.57
2251.318,0,95,110,193,220,74.07,173.87,91.71
2251.398,1,90,74,164,236,100.88,173.26,108.16
2251.926,0,96,110,190,223,76.27,174.02,89.82
2251.998,1,90,74,163,236,101.04,172.79,107.89
2252.590,0,95,110,187,222,76.13,172.32,90.24
2252.665,1,91,74,162,236,101.62,172.12,107.21
2253.237,0,95,110,184,223,77.16,171.53,89.52
2253.316,1,92,73,161,235,102.27,171.01,107.41
2253.843,0,94,111,183,225,77.31,172.31,88.79
2253.923,1,90,73,161,234,101.09,170.96,108.48
2254.496,0,97,111,184,232,81.09,175.95,85.45
2254.575,1,90,73,160,235,101.60,170.95,107.99
2255.165,0,97,111,185,236,82.58,178.68,84.76
2255.237,1,89,73,159,240,103.09,172.96,107.03
2255.771,0,96,112,187,238,82.13,180.88,84.64
2255.851,1,87,74,159,241,102.18,173.79,107.03
2256.436,0,96,112,188,236,81.08,180.24,85.20
2256.504,1,85,74,158,240,101.17,173.27,107.82
2257.032,0,96,111,187,241,83.94,182.70,84.76
2257.097,1,84,74,159,242,101.26,174.83,108.07
2257.700,0,95,111,185,243,84.76,183.04,84.63
2257.786,1,85,74,159,241,101.34,174.19,107.86
2258.368,0,94,110,188,241,83.51,183.79,86.78
2258.447,1,84,73,158,239,100.82,173.05,109.06
2258.973,0,92,110,190,237,80.71,182.99,89.07
2259.037,1,86,73,158,238,101.31,172.20,108.46
2259.643,0,94,110,187,235,81.18,179.96,87.71
2259.722,1,87,74,159,237,100.81,171.98,107.91
2260.233,0,95,109,188,239,83.59,182.58,87.20
2260.298,1,90,75,159,236,101.30,170.87,106.25
2260.887,0,96,110,201,237,80.40,187.52,88.83
2260.951,1,91,74,159,242,104.25,173.43,105.15
2261.555,0,97,112,198,235,79.21,184.32,86.54
2261.636,1,89,75,159,242,102.98,173.81,105.36
2262.209,0,99,111,193,240,83.62,184.45,84.27
2262.289,1,88,75,159,245,103.60,175.36,105.17
2262.797,0,98,110,189,238,83.61,181.69,85.14
2262.877,1,89,74,158,245,104.60,174.70,105.12
2263.489,0,95,110,188,238,82.63,181.89,86.72
2263.563,1,90,74,157,243,104.51,173.12,104.86
2264.073,0,93,111,186,237,81.29,180.69,87.08
2264.153,1,95,75,157,240,105.20,170.68,102.80
2264.742,0,100,112,185,249,88.87,185.03,80.22
2264.805,1,96,74,158,240,105.87,171.00,103.27
2265.348,0,100,113,182,268,97.15,193.34,77.02
2265.427,1,99,75,158,241,107.16,170.78,101.19
2266.016,0,99,112,181,284,104.14,200.98,77.19
2266.085,1,106,75,159,256,116.06,176.67,96.14
2266.674,0,99,112,186,279,101.21,201.36,78.69
2266.749,1,101,75,158,258,114.54,178.03,97.52
2267.273,0,102,112,183,290,107.92,204.35,76.17
2267.349,1,102,74,157,257,115.20,176.90,97.71
2267.926,0,102,112,181,281,104.41,198.93,75.78
2268.002,1,105,75,159,255,115.17,176.43,96.65
2268.589,0,101,112,179,292,108.89,203.18,75.51
2268.663,1,105,74,159,255,115.57,176.46,97.33
2269.190,0,103,112,177,282,106.04,196.93,74.25
2269.268,1,107,74,158,253,115.92,174.63,96.64
2269.855,0,106,112,177,290,111.08,200.07,72.64
2269.940,1,108,75,158,254,116.41,174.83,95.44
2270.522,0,102,112,176,283,106.13,197.05,74.45
2270.608,1,111,74,158,253,117.90,173.81,95.19
2271.134,0,101,112,178,285,106.11,199.35,75.38
2271.210,1,115,73,158,254,120.71,173.49,94.37
2271.796,0,98,113,181,278,100.62,198.21,77.25
2271.869,1,114,74,157,262,123.26,176.66,92.87
2272.460,0,98,112,184,273,98.49,197.49,78.92
2272.539,1,109,73,157,257,119.06,175.51,95.85
2273.068,0,98,112,183,265,95.25,192.89,79.20
2273.138,1,107,74,157,253,116.09,174.10,96.42
2273.729,0,97,112,183,260,92.66,190.52,80.20
2273.805,1,99,75,157,249,110.33,173.92,99.44
2274.321,0,104,110,189,261,96.33,193.03,79.03
2274.397,1,97,74,162,248,108.62,176.43,102.30
2275.001,0,112,109,181,253,98.28,182.72,74.70
2275.076,1,113,85,152,234,107.66,160.34,89.55
2275.595,0,119,110,169,241,97.81,167.81,70.94
2275.661,1,125,91,144,221,106.83,145.89,84.29
2276.264,0,122,110,158,234,98.64,157.45,70.40
2276.346,1,126,100,138,211,100.83,136.20,81.74
2276.886,0,129,111,151,229,100.80,148.97,68.07
2276.961,1,128,106,135,205,97.47,130.09,79.93
2277.553,0,135,113,148,224,100.92,142.59,66.07
2277.630,1,129,115,134,200,92.13,125.04,76.65
2278.221,0,139,116,145,220,100.16,137.07,64.22
2278.298,1,131,124,134,195,86.74,119.91,73.38
2278.837,0,181,119,143,216,114.12,120.41,50.58
2278.911,1,129,132,135,192,80.85,117.81,71.40
2279.489,0,174,122,143,212,107.32,119.21,52.09
2279.571,1,129,161,136,189,66.04,109.79,59.92
2280.089,0,198,125,143,210,113.26,109.58,43.91
2280.162,1,129,168,137,186,61.32,106.97,58.70
2280.773,0,212,126,143,209,116.98,104.26,39.70
2280.848,1,127,195,137,186,48.90,101.08,50.21
2281.360,0,203,127,141,208,113.32,105.03,42.50
2281.433,1,127,190,139,187,50.31,103.65,51.21
2282.005,0,205,129,139,207,112.97,101.99,41.65
2282.092,1,126,190,140,197,53.04,109.53,46.43
2282.699,0,197,131,141,208,108.79,105.28,41.80
2282.773,1,124,188,142,192,50.50,109.36,50.44
2283.286,0,185,134,142,214,106.14,112.16,41.18
2283.365,1,130,181,141,0,39.37,80.68,86.46
2283.959,0,175,139,143,217,101.08,116.00,40.28
2284.038,1,134,172,140,199,64.26,111.41,48.50
2284.562,0,166,144,147,212,90.67,116.55,41.94
2284.642,1,136,164,139,197,68.25,111.19,51.84
2285.232,0,158,147,148,208,83.93,116.80,44.88
2285.309,1,139,157,141,195,70.62,111.57,54.36
2285.886,0,151,150,150,205,77.78,117.84,47.21
2285.961,1,141,152,141,0,55.05,83.72,92.00
2286.486,0,145,157,151,203,70.99,117.55,47.35
2286.563,1,154,147,139,195,80.77,107.28,53.47
2287.150,0,141,162,154,200,64.52,117.43,48.13
2287.229,1,160,143,138,195,84.99,105.66,53.45
2287.812,0,137,164,153,197,61.61,116.58,50.56
2287.886,1,164,140,137,195,88.15,104.60,53.76
2288.413,0,133,165,152,196,60.10,117.14,52.43
2288.488,1,172,137,138,194,91.09,102.39,53.02
2289.071,0,132,175,150,194,55.21,113.08,50.24
2289.152,1,170,134,137,193,92.03,103.15,55.89
2289.674,0,130,190,151,195,47.46,111.02,45.53
2289.743,1,173,129,136,194,96.48,103.82,57.36
2290.352,0,128,187,149,194,49.03,111.48,47.91
2290.431,1,174,128,135,194,97.77,103.36,57.82
2291.011,0,125,202,148,194,41.90,108.75,44.61
2291.086,1,176,127,133,194,99.82,102.11,58.23
2291.602,0,123,196,147,193,44.29,110.39,47.81
2291.677,1,176,128,133,195,99.81,102.34,57.18
2292.277,0,122,190,146,193,47.28,111.99,50.13
2292.351,1,176,128,132,195,100.26,101.90,57.41
2292.932,0,121,188,146,193,47.92,112.98,51.22
2293.007,1,178,126,132,198,103.49,103.54,56.56
2293.517,0,120,185,145,192,49.19,113.29,53.16
2293.592,1,172,124,134,197,101.18,106.56,59.45
2294.198,0,123,190,143,188,47.42,107.78,52.30
2294.275,1,172,122,132,196,102.59,105.73,61.51
2294.861,0,124,191,144,186,46.01,106.43,52.63
2294.936,1,166,121,128,194,101.89,105.17,65.52
2295.449,0,123,204,145,184,38.79,103.11,50.27
2295.525,1,168,122,123,192,103.33,100.91,66.45
2296.122,0,122,203,143,182,39.46,102.14,52.06
2296.196,1,173,124,126,191,102.13,99.40,63.85
2296.698,0,123,201,142,180,40.52,100.75,53.32
2296.790,1,173,126,130,187,97.40,98.35,63.90
2297.382,0,121,187,147,179,43.14,106.64,59.07
2297.458,1,158,127,134,175,85.68,98.88,73.73
2297.990,0,119,176,156,178,42.74,113.06,64.35
2298.064,1,145,128,137,165,76.82,99.83,83.03
2298.653,0,122,170,153,177,47.46,111.44,65.56
2298.728,1,146,129,138,166,76.45,100.04,81.45
2299.312,0,120,180,156,176,40.44,110.63,63.71
2299.386,1,146,129,136,172,79.43,102.29,77.88
2299.913,0,119,188,156,178,37.11,110.25,60.50
2299.978,1,143,128,133,174,81.17,103.56,78.46
2300.569,0,118,190,157,180,36.06,111.66,59.27
2300.644,1,141,127,131,176,82.67,104.78,78.63
2301.227,0,118,189,157,182,37.18,112.91,58.44
2301.302,1,139,126,130,178,83.70,106.37,78.73
2301.828,0,116,190,158,183,36.05,114.56,58.59
2301.906,1,141,125,129,183,87.01,107.88,76.00
2302.495,0,115,206,159,183,27.85,111.74,54.63
2302.569,1,137,124,129,186,87.34,111.09,76.19
2303.154,0,116,216,157,183,24.65,108.11,51.45
2303.229,1,133,124,128,191,88.34,114.58,75.04
2303.760,0,117,213,158,183,25.66,108.64,51.78
2303.834,1,136,123,127,197,92.51,116.19,71.86
2304.434,0,117,210,158,184,27.34,109.86,51.98
2304.510,1,139,122,126,204,97.26,118.31,68.47
2305.104,0,116,206,158,184,28.95,111.34,53.51
2305.180,1,141,121,127,208,99.75,120.30,66.64
2305.708,0,116,224,156,185,22.26,106.84,48.30
2305.791,1,144,119,128,206,100.52,119.24,67.54
2306.365,0,116,215,158,183,24.53,108.72,51.77
2306.438,1,156,119,127,207,105.84,115.30,63.81
2306.948,0,116,219,157,181,22.69,106.41,51.87
2307.030,1,161,120,124,203,106.56,109.93,64.09
2307.614,0,116,217,156,181,24.16,106.51,52.27
2307.696,1,160,120,123,201,105.68,108.77,65.40
2308.282,0,115,218,157,180,22.62,106.71,53.17
2308.348,1,165,123,124,197,103.71,104.68,64.00
2308.935,0,115,210,157,178,25.62,107.58,56.31
2309.016,1,162,126,123,192,99.46,101.85,65.72
2309.551,0,114,205,159,180,27.16,110.99,57.10
2309.615,1,155,127,127,198,97.56,108.91,63.51
2310.218,0,113,199,157,179,30.48,111.66,59.64
2310.296,1,152,127,127,198,96.55,109.98,64.39
2310.802,0,111,196,157,177,30.82,112.39,62.61
2310.881,1,151,128,128,198,95.31,110.52,64.00
2311.486,0,111,190,156,176,33.80,112.86,64.87
2311.565,1,148,128,127,198,94.73,111.15,65.05
2312.088,0,109,202,156,177,28.18,111.75,61.85
2312.149,1,147,127,129,197,93.58,112.17,66.08
2312.746,0,110,199,160,178,27.92,113.82,61.95
2312.819,1,145,126,129,195,92.54,112.13,68.17
2313.438,0,107,195,163,177,27.29,116.80,65.44
2313.504,1,144,127,129,196,92.15,112.75,67.48
2314.025,0,108,194,161,176,28.71,115.30,65.60
2314.090,1,145,127,129,197,92.91,112.89,66.70
2314.685,0,110,198,160,175,27.51,112.55,63.96
2314.756,1,155,131,130,193,92.13,106.58,63.29
2315.346,0,114,218,159,174,19.54,105.05,57.39
2315.436,1,156,128,125,192,95.69,104.33,65.90
2315.937,0,117,219,158,174,20.29,102.77,55.62
2316.015,1,160,125,129,189,95.30,103.93,67.23
2316.602,0,115,217,158,175,21.04,104.85,56.44
2316.681,1,170,125,128,189,98.85,99.94,64.66
2317.272,0,113,212,157,174,23.13,106.26,59.13
2317.349,1,182,124,130,188,101.59,96.38,62.09
2317.854,0,112,207,157,173,24.88,107.45,61.47
2317.936,1,177,123,130,189,101.10,99.00,63.49
2318.511,0,111,203,157,172,26.20,108.39,63.61
2318.586,1,175,124,129,187,99.48,97.85,64.73
2319.188,0,110,201,158,170,25.80,108.75,65.92
2319.268,1,179,125,131,188,99.71,97.52,62.07
2319.776,0,108,199,162,171,24.45,112.11,67.26
2319.856,1,181,126,132,185,97.83,95.22,62.34
2320.431,0,104,200,163,172,22.96,114.83,68.58
2320.510,1,175,130,133,189,95.49,98.70,59.39
2321.098,0,102,198,167,172,21.44,117.63,70.67
2321.181,1,181,133,135,188,94.19,95.73,56.12
2321.688,0,100,202,169,171,17.92,118.05,71.60
2321.767,1,189,134,134,188,96.34,91.94,53.54
2322.354,0,98,202,171,171,16.55,119.75,73.01
2322.434,1,194,136,134,188,96.60,89.27,51.09
2322.945,0,100,200,168,172,19.63,118.60,71.37
2323.049,1,197,134,134,187,97.92,88.33,51.86
2323.637,0,100,223,169,172,8.50,114.34,66.15
2323.701,1,187,132,136,186,94.86,93.10,55.77
2324.232,0,101,225,167,175,9.63,114.16,63.04
2324.302,1,177,129,136,187,94.20,98.44,59.77
2324.890,0,106,217,164,175,15.85,112.00,61.67
2324.988,1,169,129,133,187,93.31,100.12,62.74
2325.571,0,107,240,162,176,7.20,106.23,55.39
2325.637,1,172,128,132,185,94.24,97.83,63.72
2326.142,0,106,232,160,176,11.67,107.83,57.23
2326.221,1,179,125,130,187,99.69,96.54,62.85
2326.809,0,122,217,155,178,25.18,101.30,51.14
2326.891,1,169,128,133,187,93.82,100.44,63.28
2327.477,0,124,205,153,182,33.41,104.40,50.90
2327.555,1,164,133,136,188,88.90,102.55,61.02
2328.140,0,123,192,149,186,42.60,108.64,52.78
2328.215,1,158,134,137,191,87.52,106.57,60.70
2328.730,0,129,179,144,189,53.79,108.48,52.88
2328.821,1,154,137,142,188,81.23,107.71,61.37
2329.404,0,127,178,143,193,55.68,111.32,52.03
2329.481,1,162,133,136,189,88.77,103.85,61.12
2329.998,0,125,177,142,189,54.67,110.11,55.30
2330.072,1,176,129,132,193,98.74,100.46,57.83
2330.658,0,125,178,143,186,52.65,108.77,56.51
2330.755,1,183,124,128,196,106.91,99.63,58.30
2331.261,0,128,178,143,186,53.44,107.31,55.26
2331.346,1,183,121,125,197,110.36,99.83,60.42
2331.936,0,127,180,142,183,51.77,105.41,56.63
2332.008,1,192,119,124,196,114.35,96.67,60.30
2332.596,0,128,179,141,183,53.00,104.78,56.59
2332.686,1,199,116,122,197,119.87,95.29,60.90
2333.185,0,129,180,142,185,52.97,105.42,54.72
2333.261,1,205,113,121,194,122.37,92.49,63.56
2333.856,0,130,180,141,184,53.42,104.04,54.89
2333.927,1,208,113,119,191,122.50,88.99,65.23
2334.519,0,129,179,142,183,52.73,104.69,56.15
2334.611,1,213,114,118,191,123.99,86.75,63.90
2335.120,0,128,182,145,180,48.51,104.09,57.15
2335.186,1,203,114,117,191,121.16,89.16,66.21
2335.784,0,125,194,147,176,40.03,101.40,56.90
2335.854,1,193,115,117,189,116.26,90.70,68.49
2336.438,0,124,193,148,173,38.76,101.09,59.40
2336.538,1,183,117,119,189,111.07,94.09,68.58
2337.048,0,123,191,147,170,39.08,100.29,62.18
2337.126,1,177,119,119,200,113.46,101.18,63.25
2337.714,0,124,187,146,169,41.33,99.90,63.57
2337.794,1,170,120,120,199,109.57,103.07,64.46
2338.317,0,124,187,144,167,41.85,98.23,64.74
2338.386,1,164,121,120,204,109.32,107.28,63.11
2338.986,0,123,188,145,167,40.63,98.87,64.85
2339.069,1,159,122,122,202,105.26,108.60,64.26
2339.636,0,122,201,149,171,33.62,99.60,59.16
2339.711,1,152,124,122,198,100.10,108.47,66.80
2340.232,0,122,221,163,178,18.70,103.24,50.84
2340.300,1,148,124,122,196,97.88,108.90,68.83
2340.902,0,126,228,166,186,17.11,104.39,42.88
2340.968,1,148,124,121,195,97.90,107.95,69.45
2341.557,0,125,228,171,187,14.22,107.34,43.24
2341.636,1,148,122,122,193,97.55,107.93,71.35
2342.156,0,124,220,173,188,16.94,111.16,45.05
2342.232,1,149,121,122,192,97.94,107.33,72.12
2342.836,0,126,222,174,187,15.47,109.36,44.30
2342.906,1,157,120,122,192,101.08,104.79,70.58
2343.427,0,130,233,174,188,11.45,104.77,39.50
2343.508,1,155,120,122,191,99.99,104.99,71.59
2344.093,0,136,224,169,187,19.66,101.28,38.69
2344.167,1,157,120,123,191,100.22,104.74,70.90
2344.768,0,139,245,169,187,10.72,93.71,33.22
2344.843,1,154,119,123,190,99.27,105.54,72.76
2345.350,0,141,233,169,186,16.25,95.31,35.21
2345.429,1,155,119,122,190,100.04,104.75,72.67
2346.029,0,140,251,171,188,7.28,92.69,31.30
2346.095,1,159,119,122,190,101.36,103.36,71.65
2346.633,0,136,255,171,188,4.61,94.13,32.44
2346.697,1,159,119,122,188,100.52,102.36,72.69
2347.288,0,141,257,172,186,3.51,89.70,31.27
2347.363,1,162,118,123,188,101.53,102.03,72.34
2347.952,0,138,242,172,188,10.26,96.81,33.86
2348.015,1,164,117,121,188,103.54,100.74,72.85
2348.554,0,133,241,172,192,10.99,102.27,33.92
2348.621,1,168,118,122,189,104.36,100.06,70.57
2349.204,0,128,228,172,193,16.32,109.19,38.33
2349.275,1,168,117,121,190,105.73,100.41,70.87
2349.854,0,128,230,173,194,15.12,109.59,37.42
2349.939,1,176,117,123,190,107.49,98.67,68.55
2350.472,0,127,224,176,198,17.46,115.05,37.17
2350.536,1,175,116,123,189,107.20,98.76,69.93
2351.136,0,121,217,176,198,19.57,120.14,41.86
2351.202,1,174,116,123,190,107.34,99.62,69.64
2351.797,0,123,211,178,199,22.24,121.86,41.83
2351.868,1,174,116,123,189,106.87,99.09,70.16
2352.393,0,125,209,178,198,23.30,120.74,41.80
2352.474,1,180,115,123,189,109.34,97.45,69.43
2353.059,0,132,208,175,196,26.27,115.01,39.40
2353.136,1,178,117,122,189,108.11,97.04,68.86
2353.708,0,136,206,175,193,26.98,111.70,39.64
2353.789,1,174,117,122,188,106.35,97.83,70.31
2354.312,0,135,202,175,191,27.98,112.21,42.27
2354.392,1,173,117,122,188,106.03,98.16,70.54
2354.980,0,136,201,174,190,28.88,111.02,42.58
2355.059,1,173,116,122,188,106.52,98.45,71.16
2355.636,0,138,202,175,189,27.84,109.48,42.00
2355.707,1,171,115,121,189,107.26,99.47,71.94
2356.244,0,136,200,175,187,27.66,109.97,44.63
2356.323,1,169,116,122,188,105.22,99.77,72.08
2356.896,0,135,197,176,186,28.00,111.11,46.51
2356.974,1,166,117,121,188,104.19,100.06,72.38
2357.564,0,133,199,175,185,26.79,110.72,47.50
2357.636,1,174,118,122,0,91.41,77.03,97.27
2358.164,0,131,200,176,183,24.60,110.77,49.46
2358.245,1,176,117,121,188,107.44,96.72,70.10
2358.813,0,133,199,175,186,27.16,111.28,46.91
2358.893,1,174,117,122,187,105.89,97.30,70.85
2359.479,0,135,203,175,187,25.96,109.69,44.35
2359.559,1,180,117,122,186,107.33,94.78,70.04
2360.083,0,133,203,175,189,26.29,111.88,44.14
2360.148,1,179,119,122,0,92.12,74.60,96.11
2360.736,0,134,202,174,191,28.33,112.37,42.71
2360.814,1,178,118,122,187,106.66,95.67,69.31
2361.403,0,136,200,173,191,30.33,111.49,42.23
2361.466,1,175,118,123,186,104.80,96.58,70.30
2362.008,0,134,199,174,190,29.45,112.62,44.06
2362.087,1,176,119,123,186,104.61,95.94,69.45
2362.673,0,133,197,173,189,30.41,112.76,45.61
2362.736,1,180,120,124,186,104.87,94.71,67.63
2363.327,0,137,200,173,190,30.16,110.40,42.33
2363.403,1,190,119,124,186,108.42,91.69,65.92
2363.936,0,140,197,181,189,27.34,111.94,42.53
2364.011,1,186,119,122,189,109.62,93.80,65.79
2364.589,0,142,198,178,196,31.85,113.61,37.21
2364.667,1,195,118,119,186,112.80,88.26,67.06
2365.255,0,139,197,177,194,31.44,113.93,40.01
2365.336,1,184,117,122,185,108.09,92.92,69.71
2365.844,0,136,192,173,192,34.76,114.26,43.85
2365.931,1,176,121,123,186,103.60,95.33,68.23
2366.511,0,140,193,169,191,36.98,109.89,42.22
2366.592,1,169,123,122,186,100.93,96.73,68.97
2367.177,0,136,187,166,190,40.32,111.93,46.36
2367.255,1,167,123,122,187,100.74,97.95,68.92
2367.786,0,133,199,163,188,34.69,108.01,45.35
2367.857,1,165,122,123,188,100.58,99.88,69.25
2368.444,0,132,217,160,189,28.12,103.14,40.47
2368.524,1,161,122,123,189,99.73,101.79,69.75
2369.036,0,131,210,157,190,33.22,104.94,42.03
2369.114,1,159,122,124,191,99.50,103.95,69.06
2369.710,0,131,204,155,190,37.14,105.76,43.61
2369.789,1,157,121,125,192,99.31,105.87,69.49
2370.375,0,131,197,153,189,41.14,106.32,46.14
2370.452,1,153,122,125,192,97.52,107.00,70.01
2370.959,0,130,207,151,186,36.42,101.90,45.40
2371.024,1,151,121,125,193,97.74,108.46,70.63
2371.636,0,131,205,150,188,38.84,102.52,44.40
2371.712,1,151,120,125,192,97.78,108.22,71.68
2372.296,0,130,201,150,188,40.40,104.11,45.96
2372.370,1,150,119,126,192,97.49,109.26,72.38
2372.875,0,129,197,149,189,42.87,105.80,47.01
2372.955,1,148,119,127,193,96.81,110.91,72.32
2373.548,0,128,193,147,189,45.54,106.57,48.66
2373.627,1,147,119,127,193,96.47,111.26,72.60
2374.208,0,128,189,147,189,47.36,107.60,49.92
2374.286,1,148,119,126,193,97.23,110.46,72.45
2374.798,0,128,188,147,187,47.11,106.84,51.32
2374.875,1,148,121,127,193,95.88,110.41,71.20
2375.480,0,129,187,146,134,33.94,81.64,84.56
2375.556,1,148,121,127,193,95.88,110.41,71.20
2376.077,0,129,186,145,400,150.44,211.77,12.43
2376.157,1,148,121,127,192,95.47,109.91,71.69
2376.746,0,129,186,145,304,102.88,167.84,13.66
2376.825,1,149,120,129,192,95.43,110.70,71.69
2377.349,0,130,203,146,224,55.85,120.79,27.83
2377.428,1,149,121,128,193,95.79,110.51,70.77
2378.015,0,130,203,145,157,32.99,86.79,63.89
2378.086,1,149,122,127,193,95.75,109.81,70.36
2378.676,0,129,212,145,93,19.47,60.24,107.22
2378.747,1,150,121,127,193,96.55,109.71,70.62
2379.271,0,128,217,146,47,16.83,46.08,139.56
2379.353,1,149,124,127,193,94.82,109.30,69.26
2379.923,0,128,220,145,9,16.30,34.46,158.73
2380.001,1,149,123,128,191,94.03,108.99,70.65
2380.590,0,132,215,145,21,18.62,37.12,154.03
2380.653,1,149,123,127,189,93.64,107.55,71.80
2381.192,0,135,210,145,47,20.94,43.86,140.12
2381.270,1,164,123,126,190,99.31,102.30,67.30
2381.862,0,140,208,148,81,20.77,51.99,115.21
2381.937,1,170,123,124,190,102.12,99.33,66.16
2382.523,0,136,207,151,105,19.96,63.23,98.23
2382.601,1,172,123,127,189,100.93,99.42,65.50
2383.129,0,135,201,150,116,24.00,69.00,91.74
2383.204,1,167,125,126,187,97.94,99.09,66.94
2383.788,0,137,200,153,126,24.39,72.91,84.13
2383.865,1,173,124,124,186,100.73,95.88,66.95
2384.453,0,134,192,151,133,29.66,78.84,82.24
2384.524,1,178,123,122,188,104.60,94.65,65.72
2385.055,0,132,190,153,143,31.03,85.35,76.57
2385.125,1,171,122,121,187,102.93,96.41,68.76
2385.692,0,129,186,153,150,33.85,91.07,74.16
2385.775,1,170,122,121,187,102.62,96.76,69.00
2386.357,0,129,182,151,155,38.01,93.69,72.02
2386.436,1,164,122,121,187,100.73,98.85,70.44
2386.945,0,129,181,150,159,40.07,95.47,69.72
2387.034,1,157,121,120,186,99.00,100.66,73.45
2387.612,0,129,181,149,162,41.46,96.55,67.80
2387.686,1,154,121,121,187,98.00,102.66,73.50
2388.278,0,130,179,148,164,43.69,97.14,66.79
2388.352,1,151,120,120,187,97.92,103.54,74.98
2388.880,0,130,177,148,167,45.49,99.09,65.61
2388.947,1,150,120,120,186,97.20,103.42,75.75
2389.537,0,130,175,147,168,47.24,99.72,65.69
2389.613,1,150,119,120,185,97.27,103.18,76.84
2390.199,0,129,173,147,169,48.23,101.20,66.19
2390.276,1,150,120,121,186,96.77,103.85,75.60
2390.800,0,130,173,148,171,48.55,102.05,64.58
2390.880,1,148,119,121,187,96.95,105.30,76.16
2391.455,0,130,169,145,170,51.65,101.47,66.65
2391.530,1,145,119,120,188,96.78,106.41,76.56
2392.117,0,133,160,139,173,60.52,101.56,67.37
2392.192,1,142,131,120,190,91.26,105.57,70.03
2392.715,0,134,153,136,177,66.80,103.68,67.75
2392.792,1,139,134,121,182,85.61,102.64,73.39
2393.366,0,134,147,135,177,70.02,104.79,70.41
2393.439,1,138,136,121,177,82.71,100.21,75.42
2394.030,0,132,146,137,177,68.98,106.68,71.46
2394.104,1,139,138,121,173,80.80,97.46,76.42
2394.638,0,127,144,139,180,68.64,111.54,72.48
2394.714,1,139,144,121,173,78.21,95.96,73.61
2395.298,0,128,141,136,178,70.99,109.66,74.68
2395.373,1,141,143,122,179,80.75,98.57,70.02
2395.959,0,130,162,140,176,59.34,104.28,65.95
2396.021,1,145,140,123,180,83.09,98.58,69.58
2396.572,0,127,175,159,174,42.14,108.45,63.42
2396.650,1,145,137,132,178,79.41,102.05,71.06
2397.232,0,127,180,160,172,38.57,106.54,63.00
2397.309,1,154,134,134,179,82.74,100.56,68.90
2397.896,0,128,181,163,171,36.37,106.31,62.93
2397.972,1,155,132,135,179,83.51,101.12,69.47
2398.496,0,130,181,164,170,35.91,105.13,62.68
2398.558,1,152,130,136,177,82.41,102.21,72.48
2399.147,0,130,185,168,169,31.48,104.95,62.24
2399.210,1,149,129,137,177,81.62,104.05,73.84
2399.796,0,131,192,166,169,29.43,101.99,59.69
2399.876,1,144,130,138,179,80.04,107.17,73.71
2400.386,0,132,199,166,168,26.03,99.16,57.99
2400.463,1,140,131,139,177,77.27,107.87,75.61
2401.051,0,132,217,170,166,14.79,94.91,55.33
2401.130,1,135,131,137,177,76.78,109.06,77.49
2401.721,0,139,211,170,165,18.52,91.94,54.25
2401.796,1,132,131,137,180,76.98,111.74,76.88
2402.322,0,160,229,168,166,16.08,74.06,41.57
2402.401,1,128,133,136,180,75.34,112.47,77.38
2402.986,0,172,257,167,165,7.28,56.55,33.96
2403.051,1,124,135,137,179,72.51,113.55,78.40
2403.650,0,175,251,165,165,11.78,55.78,33.85
2403.718,1,123,138,136,178,70.97,112.42,77.93
2404.245,0,171,244,162,165,15.86,59.73,35.99
2404.324,1,121,141,136,178,69.05,112.59,77.31
2404.897,0,166,237,160,165,19.04,64.55,38.64
2404.977,1,120,143,134,176,68.15,110.84,77.91
2405.568,0,163,234,158,165,20.99,66.72,40.10
2405.638,1,119,145,135,174,65.91,110.28,78.50
2406.170,0,164,231,159,165,21.77,67.38,40.36
2406.244,1,120,147,135,173,64.97,108.94,77.80
2406.821,0,162,0,158,165,71.87,101.01,76.12
2406.900,1,118,147,137,173,63.52,110.57,78.56
2407.471,0,160,230,158,165,22.01,69.85,41.82
2407.559,1,116,147,139,171,61.49,111.26,80.49
2408.094,0,157,227,158,165,22.64,72.63,43.41
2408.171,1,116,146,138,171,62.39,111.10,80.91
2408.742,0,163,227,157,166,24.88,69.07,40.77
2408.819,1,115,145,138,172,62.88,112.21,81.18
2409.408,0,174,223,157,167,29.20,64.02,37.56
2409.487,1,113,144,137,173,63.55,113.37,81.84
2410.011,0,169,218,157,165,29.61,67.75,41.47
2410.092,1,112,146,139,176,62.39,115.56,79.77
2410.685,0,165,214,155,165,31.78,70.78,43.65
2410.756,1,114,142,138,180,66.41,117.05,78.54
2411.335,0,162,218,155,166,29.77,71.82,43.02
2411.409,1,114,139,141,183,67.45,120.30,78.34
2411.935,0,157,222,159,166,24.41,74.98,43.78
2412.009,1,114,138,147,193,68.85,127.90,73.86
2412.598,0,157,212,158,166,29.37,77.67,46.00
2412.669,1,111,138,149,194,67.53,130.42,74.77
2413.250,0,154,209,157,166,30.70,79.99,47.77
2413.330,1,109,139,151,191,64.62,130.29,76.73
2413.854,0,155,208,157,166,31.34,79.71,47.66
2413.934,1,107,143,151,189,61.46,129.28,76.87
2414.510,0,154,205,156,164,32.45,79.84,50.10
2414.587,1,108,152,149,188,57.98,125.76,72.99
2415.175,0,155,198,157,164,35.13,81.70,51.54
2415.252,1,108,149,148,187,59.48,125.48,74.71
2415.783,0,157,194,161,164,34.88,83.12,51.81
2415.857,1,109,147,148,186,60.36,124.97,75.60
2416.446,0,157,190,161,163,36.39,83.81,53.59
2416.509,1,109,147,148,185,60.04,124.47,76.11
2417.037,0,155,185,160,163,38.91,86.07,55.78
2417.115,1,108,145,148,184,60.38,124.80,77.95
2417.712,0,155,182,160,163,40.31,86.97,56.68
2417.786,1,106,144,147,184,60.73,125.45,79.28
2418.371,0,157,179,160,163,42.10,86.81,56.88
2418.440,1,107,143,148,184,61.05,125.61,79.29
2418.942,0,157,177,159,162,43.30,86.57,58.23
2419.020,1,105,143,147,184,60.93,126.06,80.18
2419.636,0,157,175,159,162,44.24,87.17,58.88
2419.703,1,105,141,148,184,61.45,126.83,81.10
2420.286,0,155,173,159,161,44.48,88.29,60.95
2420.358,1,104,140,147,183,61.74,126.56,82.48
2420.880,0,155,172,158,160,45.21,87.74,62.02
2420.960,1,103,140,147,181,60.86,125.99,83.98
2421.562,0,149,166,159,165,48.03,95.42,62.98
2421.636,1,109,144,148,177,58.91,121.14,81.65
2422.152,0,145,164,157,167,49.97,98.30,64.06
2422.229,1,112,143,147,180,61.52,121.17,79.09
2422.815,0,148,166,157,168,49.96,96.81,61.51
2422.890,1,111,139,145,180,63.97,121.64,81.27
2423.491,0,147,168,159,167,47.34,96.88,61.74
2423.569,1,111,137,141,180,66.57,120.49,82.08
2424.081,0,155,166,159,166,49.57,93.00,60.03
2424.156,1,111,136,140,182,68.08,121.26,81.48
2424.738,0,156,167,159,165,48.92,91.67,59.96
2424.815,1,111,134,138,181,69.49,120.38,82.88
2425.410,0,156,168,158,163,48.31,89.98,61.00
2425.486,1,111,132,137,181,70.81,120.38,83.80
2425.993,0,156,168,158,0,39.96,75.11,83.54
2426.068,1,108,130,137,181,70.84,121.96,85.96
2426.636,0,154,169,159,162,46.54,90.50,62.01
2426.722,1,108,127,136,181,72.57,122.13,87.36
2427.315,0,154,169,158,160,46.45,89.14,63.42
2427.393,1,109,127,136,182,73.18,122.20,86.45
2427.914,0,157,170,158,160,46.54,87.32,61.98
2427.991,1,108,128,134,183,73.54,122.07,85.80
2428.580,0,160,170,157,161,48.01,85.98,60.29
2428.655,1,109,128,133,184,74.54,121.74,84.88
2429.192,0,157,171,156,161,47.53,86.88,61.07
2429.259,1,110,127,131,184,76.09,120.71,84.94
2429.847,0,158,172,154,162,48.74,85.92,59.83
2429.930,1,111,126,130,184,77.23,120.10,85.03
2430.515,0,160,174,154,162,48.19,84.28,58.46
2430.585,1,110,126,130,184,76.92,120.49,85.41
2431.118,0,156,175,155,161,46.04,85.86,60.13
2431.197,1,108,126,129,185,77.01,121.32,85.64
2431.770,0,153,174,155,159,45.29,86.70,62.88
2431.849,1,109,126,130,180,75.40,119.05,87.79
2432.436,0,152,177,156,159,43.12,86.67,62.21
2432.502,1,110,129,131,176,72.80,116.66,88.10
2433.036,0,154,181,154,158,42.52,83.30,60.97
2433.105,1,109,132,132,176,70.79,116.89,87.09
2433.698,0,153,185,156,156,38.74,82.33,61.39
2433.771,1,111,137,129,178,71.05,114.81,82.94
2434.344,0,151,184,156,156,38.81,83.70,62.40
2434.422,1,112,135,131,176,70.75,114.68,84.55
2434.948,0,149,181,162,158,36.91,88.54,62.60
2435.027,1,115,135,133,179,71.67,115.62,81.84
2435.621,0,146,179,162,159,37.60,91.18,63.70
2435.701,1,115,135,132,188,74.99,119.45,77.27
2436.286,0,147,179,161,158,38.06,89.83,64.00
2436.358,1,115,134,134,185,73.61,119.06,79.21
2436.901,0,141,178,162,158,36.86,93.55,66.69
2436.974,1,120,134,134,185,75.11,117.06,77.30
2437.549,0,151,178,163,159,38.42,89.17,62.07
2437.628,1,128,129,131,185,81.06,113.74,76.96
2438.214,0,154,178,163,161,39.60,88.62,59.56
2438.286,1,131,126,128,186,84.97,112.47,77.14
2438.806,0,157,203,160,161,30.50,78.56,51.54
2438.885,1,144,126,129,187,89.00,108.50,72.44
2439.462,0,157,199,162,159,30.43,79.41,53.92
2439.536,1,146,126,131,185,87.96,107.60,72.64
2440.108,0,157,198,161,159,31.50,79.38,54.18
2440.186,1,147,126,131,183,87.48,106.21,73.40
2440.712,0,153,211,163,159,23.73,78.52,52.47
2440.789,1,146,126,131,182,86.80,106.09,74.25
2441.379,0,148,220,164,160,18.49,79.73,51.69
2441.456,1,146,125,130,183,88.09,106.42,74.36
2442.047,0,145,218,163,160,19.42,81.75,53.20
2442.119,1,146,125,129,183,88.54,106.01,74.48
2442.644,0,142,212,164,160,20.86,85.48,55.76
2442.726,1,148,126,129,183,88.68,105.00,73.35
2443.309,0,139,208,165,160,21.48,88.61,57.97
2443.386,1,148,127,131,183,87.31,105.58,72.56
2443.962,0,139,202,166,160,23.60,90.53,59.49
2444.041,1,148,128,132,183,86.39,105.74,71.91
2444.563,0,139,211,166,160,19.53,88.14,57.33
2444.644,1,148,128,133,181,85.16,105.13,72.88
2445.216,0,140,213,168,158,17.04,86.71,57.98
2445.299,1,146,128,132,180,84.65,104.99,74.18
2445.887,0,139,216,206,157,-8.27,97.47,64.05
2445.970,1,145,0,135,180,109.13,117.98,109.84
2446.489,0,140,219,209,157,-11.51,96.99,63.79
2446.552,1,143,128,135,178,81.70,106.35,75.94
2447.150,0,142,219,201,156,-6.50,93.02,61.88
2447.226,1,143,128,137,179,81.17,107.66,75.18
2447.805,0,143,217,194,157,-0.75,91.41,59.71
2447.892,1,143,129,135,179,81.59,106.61,74.85
2448.428,0,142,214,209,156,-9.12,96.51,64.26
2448.500,1,143,128,132,178,83.05,105.15,76.24
2449.086,0,142,210,217,156,-12.15,99.64,66.64
2449.166,1,144,129,134,176,81.23,104.31,76.35
2449.688,0,142,206,224,156,-14.52,102.42,68.91
2449.769,1,144,128,138,176,79.90,106.14,76.48
2450.378,0,143,207,215,156,-9.29,99.27,66.08
2450.446,1,143,128,138,177,79.99,107.04,76.23
2450.956,0,144,209,207,157,-4.90,96.57,62.83
2451.036,1,143,128,143,177,77.76,109.01,75.79
2451.622,0,146,210,203,157,-2.65,94.04,60.98
2451.690,1,142,128,148,176,74.90,110.82,76.34
2452.291,0,146,211,219,156,-13.56,97.59,64.96
2452.354,1,144,128,148,176,75.43,110.04,75.60
2452.937,0,147,207,214,156,-8.27,96.69,63.85
2453.016,1,145,129,148,176,75.18,109.38,74.70
2453.526,0,146,204,225,156,-13.81,100.86,67.31
2453.591,1,145,129,158,176,70.72,113.16,73.91
2454.206,0,145,204,213,155,-6.61,97.80,65.89
2454.281,1,146,130,156,176,71.33,111.75,73.14
2454.795,0,144,207,210,155,-6.34,96.82,65.31
2454.870,1,145,131,154,176,71.45,111.13,73.17
2455.457,0,145,206,206,155,-3.23,95.42,64.20
2455.534,1,147,131,151,176,73.31,109.21,72.65
2456.136,0,144,207,201,155,-0.72,94.36,63.63
2456.201,1,149,132,149,175,73.83,106.84,72.18
2456.726,0,146,207,197,155,2.01,92.08,62.05
2456.800,1,149,133,145,176,75.56,105.57,71.47
2457.391,0,145,205,194,155,4.72,92.33,62.44
2457.468,1,149,133,143,176,76.50,104.80,71.68
2457.987,0,143,205,199,155,1.38,94.89,64.13
2458.066,1,149,133,142,175,76.58,103.89,72.38
2458.650,0,140,203,207,154,-3.16,98.77,68.15
2458.723,1,149,134,137,176,78.82,102.20,71.84
2459.309,0,147,201,200,156,3.51,94.44,62.37
2459.382,1,150,132,133,176,81.93,100.76,73.03
2460.052,1,157,127,130,178,88.44,99.21,72.86
2460.548,0,147,191,189,159,16.11,95.59,60.99
2460.629,1,161,124,128,179,92.35,98.24,73.18
2461.212,0,148,189,184,158,19.93,93.60,61.39
2461.292,1,167,124,126,179,95.01,95.20,71.99
2461.831,0,142,198,180,158,17.03,93.30,61.54
2461.895,1,163,124,130,178,91.59,97.80,72.86
2462.495,0,143,194,182,158,17.92,94.40,62.21
2462.572,1,157,123,131,179,90.31,101.23,74.35
2463.168,0,144,189,182,159,20.82,95.71,62.30
2463.241,1,153,122,131,179,89.62,102.98,76.05
2463.775,0,142,186,183,160,21.73,98.42,63.33
2463.850,1,150,123,132,180,88.20,104.76,75.67
2464.431,0,140,183,183,161,23.24,100.80,64.35
2464.502,1,148,124,131,179,87.20,104.33,76.40
2465.090,0,141,181,183,161,24.40,100.80,64.44
2465.154,1,145,124,131,179,86.32,105.47,77.30
2465.686,0,140,189,183,162,20.55,99.75,62.06
2465.744,1,144,124,132,178,85.22,105.75,78.07
2466.336,0,143,185,183,162,23.01,99.21,61.73
2466.412,1,143,123,131,179,86.20,106.47,78.45
2466.985,0,143,181,183,161,24.71,99.75,63.52
2467.065,1,142,124,132,178,84.63,106.51,78.68
2467.601,0,143,179,182,161,26.30,99.99,64.03
2467.679,1,140,124,131,179,84.84,107.36,78.83
2468.266,0,143,177,181,161,27.88,100.23,64.57
2468.341,1,141,125,132,179,84.23,107.15,77.89
2468.931,0,141,176,180,160,28.32,100.70,66.43
2468.994,1,141,126,133,179,83.32,107.31,77.27
2469.533,0,138,186,179,160,23.42,99.34,64.89
2469.611,1,141,126,132,179,83.76,106.91,77.36
2470.208,0,138,184,179,160,24.41,99.86,65.44
2470.284,1,140,125,132,179,83.94,107.53,78.21
2470.797,0,150,184,179,161,26.63,94.01,59.45
2470.872,1,140,126,132,179,83.47,107.29,77.68
2471.468,0,151,192,179,161,22.87,91.19,56.94
2471.544,1,139,128,133,179,81.80,107.60,76.86
2472.127,0,150,188,178,161,25.25,92.57,58.34
2472.203,1,139,129,134,179,80.89,107.76,76.26
2472.717,0,151,184,179,161,26.79,93.47,59.02
2472.792,1,139,130,134,180,80.79,108.02,75.19
2473.386,0,147,182,179,161,27.14,96.17,61.29
2473.467,1,138,131,134,180,80.03,108.16,75.02
2474.055,0,151,180,178,160,29.04,93.78,60.82
2474.117,1,138,132,135,180,79.12,108.32,74.43
2474.647,0,154,179,178,160,30.02,92.47,59.86
2474.725,1,137,132,134,179,78.92,107.82,75.40
2475.322,0,156,177,177,161,32.27,92.24,58.90
2475.399,1,137,131,135,179,78.94,108.47,75.83
2475.909,0,153,176,177,162,32.62,94.65,59.73
2475.986,1,136,130,135,180,79.48,109.60,76.12
2476.586,0,159,175,178,162,33.52,92.10,57.56
2476.667,1,137,129,136,180,79.79,109.85,76.21
2477.187,0,158,175,179,162,32.77,92.93,57.96
2477.265,1,137,130,137,179,78.52,109.51,76.18
2477.838,0,156,174,180,161,32.03,94.03,59.80
2477.920,1,137,131,145,180,74.88,112.95,74.56
2478.503,0,153,174,180,161,31.56,95.59,61.06
2478.583,1,137,129,143,180,76.73,112.65,75.72
2479.108,0,152,173,180,161,31.91,96.40,61.78
2479.186,1,138,131,142,180,76.47,111.37,74.40
2479.773,0,149,173,181,161,30.87,98.25,63.10
2479.850,1,138,131,143,179,75.66,111.26,74.89
2480.424,0,147,172,182,161,30.51,99.85,64.31
2480.503,1,138,133,143,178,74.32,110.24,74.45
2481.036,0,149,172,183,161,30.24,99.12,63.45
2481.112,1,139,130,142,178,76.50,110.20,75.67
2481.692,0,147,172,181,161,31.07,99.55,64.29
2481.775,1,139,132,144,178,74.63,110.49,74.51
2482.365,0,147,172,182,161,30.51,99.85,64.31
2482.436,1,138,132,142,179,75.62,110.61,74.45
2482.977,0,148,172,181,161,31.23,99.04,63.84
2483.051,1,139,133,142,179,75.41,109.97,73.59
2483.640,0,148,172,180,160,31.46,98.20,64.53
2483.718,1,138,133,141,180,75.95,110.48,73.46
2484.292,0,148,172,181,159,30.57,97.96,65.27
2484.372,1,139,136,141,180,74.78,109.33,71.62
2484.907,0,147,171,181,159,30.93,98.75,66.02
2484.973,1,140,137,140,181,75.41,108.78,70.30
2485.558,0,147,171,181,159,30.93,98.75,66.02
2485.636,1,140,138,140,181,74.93,108.53,69.82
2486.144,0,147,172,180,159,30.98,98.17,65.68
2486.224,1,140,137,139,182,76.24,108.89,69.84
2486.836,0,148,172,179,158,31.38,96.83,65.94
2486.910,1,141,138,139,183,76.42,108.75,68.45
2487.494,0,148,173,179,157,30.55,96.02,66.35
2487.571,1,141,140,140,184,75.39,109.14,66.87
2488.086,0,147,173,179,158,30.72,97.07,66.06
2488.163,1,140,142,139,182,73.86,107.61,67.46
2488.762,0,147,174,179,158,30.21,96.79,65.75
2488.835,1,140,142,138,182,74.33,107.20,67.55
2489.351,0,146,175,179,157,29.23,96.50,66.60
2489.419,1,139,143,138,182,73.59,107.36,67.45
2490.001,0,146,174,180,157,29.17,97.07,66.94
2490.082,1,139,143,138,183,73.96,107.87,66.90
2490.683,0,147,174,181,157,28.75,96.85,66.54
2490.759,1,139,144,138,184,73.87,108.12,65.91
2491.273,0,146,174,180,157,29.17,97.07,66.94
2491.349,1,138,144,139,185,73.50,109.44,65.66
2491.923,0,145,173,178,158,30.97,97.80,66.91
2492.002,1,138,142,139,184,74.06,109.45,67.11
2492.591,0,143,170,174,157,34.10,97.90,69.35
2492.671,1,142,142,136,185,76.98,107.09,65.42
2493.191,0,141,164,169,161,40.77,101.05,69.44
2493.256,1,137,151,138,184,70.04,107.15,63.53
2493.846,0,139,158,162,165,48.41,103.43,69.93
2493.921,1,135,157,139,183,65.87,106.36,62.22
2494.524,0,140,159,159,165,49.67,101.69,69.19
2494.603,1,136,152,138,184,69.30,107.32,63.47
2495.109,0,145,162,158,165,49.73,98.16,66.06
2495.197,1,137,150,135,184,71.96,106.19,64.20
2495.781,0,147,196,158,165,34.13,87.56,54.34
2495.858,1,155,147,133,183,78.92,98.06,60.23
2496.391,0,146,207,165,166,25.02,87.87,51.36
2496.466,1,155,145,133,184,80.27,99.17,60.60
2497.044,0,145,207,164,167,25.75,88.61,51.06
2497.122,1,158,142,132,184,83.01,98.41,61.22
2497.702,0,145,201,161,167,30.29,89.28,52.49
2497.776,1,161,138,132,186,86.60,99.46,61.16
2498.311,0,144,197,163,169,31.37,92.65,52.67
2498.386,1,163,135,131,187,89.54,99.69,61.71
2498.965,0,144,192,161,171,35.54,94.40,52.75
2499.041,1,164,132,131,189,92.18,101.28,61.92
2499.616,0,143,189,159,172,38.23,95.60,53.40
2499.696,1,159,130,130,189,92.11,103.31,64.63
2500.230,0,143,211,158,173,29.11,89.59,46.87
2500.307,1,159,127,130,190,94.00,104.68,65.73
2500.891,0,142,206,158,172,30.82,91.05,49.15
2500.963,1,158,128,130,189,92.78,104.24,66.00
2501.546,0,142,201,157,172,33.67,92.09,50.44
2501.626,1,159,126,128,189,94.95,103.58,67.14
2502.160,0,142,197,158,171,34.57,93.05,52.16
2502.237,1,159,126,129,189,94.50,104.01,66.96
2502.824,0,143,195,159,171,35.11,93.41,52.31
2502.901,1,158,126,130,188,93.31,104.28,67.60
2503.487,0,144,192,175,171,27.36,99.10,52.98
2503.561,1,157,126,130,188,93.00,104.65,67.89
2504.085,0,147,188,177,170,28.36,98.72,53.44
2504.159,1,153,125,129,190,93.52,106.97,68.74
2504.740,0,146,187,175,170,29.84,98.89,54.10
2504.816,1,152,125,129,188,92.37,106.31,70.06
2505.399,0,145,185,172,169,32.03,98.47,55.69
2505.477,1,143,126,128,190,90.29,109.93,71.34
2505.997,0,143,183,169,169,34.36,99.09,57.09
2506.071,1,136,126,126,192,89.65,112.62,72.73
2506.654,0,142,181,168,169,35.71,99.83,58.11
2506.728,1,135,126,126,192,89.32,112.99,73.05
2507.306,0,141,179,168,170,36.84,101.42,58.51
2507.387,1,135,126,127,193,89.28,113.92,72.48
2507.926,0,140,179,166,171,38.10,101.79,58.29
2508.003,1,140,127,126,195,91.70,112.37,69.54
2508.586,0,142,177,165,171,40.03,100.99,58.07
2508.648,1,135,126,127,196,90.43,115.38,71.06
2509.253,0,143,190,166,170,33.04,96.68,54.39
2509.327,1,133,126,128,199,90.51,118.02,70.26
2509.863,0,143,187,168,169,32.99,97.65,55.92
2509.936,1,129,128,127,197,87.90,117.63,71.55
2510.513,0,142,179,164,170,39.27,99.57,58.08
2510.592,1,130,135,129,191,82.02,113.66,70.45
2511.111,0,136,168,160,174,46.95,106.24,61.88
2511.188,1,129,140,140,180,70.59,112.04,73.50
2511.790,0,137,162,151,176,55.46,105.17,62.75
2511.864,1,130,142,149,177,64.77,113.10,73.51
2512.436,0,138,152,147,179,63.60,107.42,64.86
2512.518,1,131,150,150,163,56.07,104.04,78.00
2513.090,0,143,152,136,179,70.34,100.97,63.87
2513.167,1,150,158,142,157,58.74,87.44,72.07
2513.689,0,149,161,123,180,75.05,91.09,59.13
2513.768,1,159,160,137,155,61.90,79.85,70.35
2514.361,0,150,162,126,175,71.49,89.14,60.86
2514.438,1,165,164,121,170,75.42,77.23,59.73
2514.957,0,154,173,130,168,63.14,82.17,59.15
2515.022,1,170,165,108,173,84.75,71.02,59.11
2515.636,0,157,187,134,161,53.34,74.54,57.51
2515.703,1,183,176,102,172,86.91,58.35,54.66
2516.296,0,164,197,135,156,48.68,65.62,55.80
2516.371,1,181,176,101,166,84.97,56.21,59.11
2516.882,0,175,200,134,155,50.21,57.58,53.12
2516.950,1,183,177,102,164,83.80,54.33,59.48
2517.554,0,202,222,128,157,52.69,32.18,42.83
2517.619,1,198,206,99,166,79.87,35.44,48.09
2518.208,0,219,235,129,161,52.90,17.95,35.83
2518.289,1,222,225,100,168,79.91,14.64,40.77
2518.796,0,241,249,134,154,48.74,-5.66,39.18
2518.878,1,232,230,96,192,92.96,16.54,23.86
2519.477,0,269,268,140,147,46.65,-37.76,49.05
2519.557,1,257,233,94,198,102.99,1.67,20.35
2520.071,0,278,277,146,142,42.40,-49.93,56.22
2520.146,1,280,239,93,193,106.94,-20.54,27.47
2520.743,0,299,297,156,137,38.92,-75.86,71.68
2520.818,1,281,241,93,194,107.29,-21.76,26.72
2521.413,0,316,322,157,134,41.17,-97.49,86.69
2521.497,1,277,239,96,184,100.30,-22.56,33.40
2522.017,0,329,321,161,131,45.61,-106.60,100.07
2522.093,1,285,250,94,182,102.04,-35.46,38.47
2522.670,0,340,321,164,128,49.34,-113.33,111.71
2522.745,1,282,250,87,183,106.72,-33.92,40.23
2523.288,0,335,320,167,125,44.11,-110.35,111.77
2523.362,1,275,235,78,182,113.24,-23.85,44.87
2523.945,0,330,320,176,122,33.95,-107.94,112.40
2524.008,1,259,213,75,185,115.89,-1.52,43.09
2524.599,0,326,320,181,118,27.29,-105.38,114.26
2524.674,1,247,193,75,187,118.76,16.72,44.73
2525.200,0,323,318,184,116,23.66,-102.96,114.80
2525.288,1,260,179,74,187,125.87,16.78,48.60
2525.867,0,321,317,186,116,21.11,-101.40,113.43
2525.950,1,246,166,71,187,129.23,29.91,55.05
2526.537,0,322,317,187,115,20.98,-102.11,115.71
2526.597,1,232,152,71,188,132.25,43.21,61.81
2527.135,0,321,316,190,115,18.25,-101.24,115.35
2527.200,1,219,140,73,191,134.65,55.32,66.78
2527.786,0,321,316,191,113,17.51,-101.20,118.01
2527.865,1,209,129,73,190,136.23,62.17,74.98
2528.393,0,319,314,190,115,17.58,-99.33,113.73
2528.466,1,202,122,73,191,137.54,67.10,79.32
2529.072,0,318,315,190,117,16.45,-98.70,109.98
2529.150,1,195,117,72,192,138.14,70.74,82.58
2529.736,0,316,315,186,118,18.41,-97.13,106.52
2529.799,1,193,119,69,187,135.89,67.37,85.01
2530.307,0,313,314,184,118,18.43,-94.55,103.80
2530.388,1,195,129,70,180,129.31,61.06,82.41
2530.990,0,319,312,186,117,21.47,-98.87,111.05
2531.069,1,201,144,88,170,111.18,55.95,72.47
2531.641,0,330,311,183,115,31.63,-106.05,123.77
2531.720,1,212,178,101,157,88.19,35.35,61.33
2532.238,0,339,311,180,118,39.80,-111.40,127.70
2532.310,1,223,199,121,147,67.18,21.14,56.22
2532.912,0,346,311,177,117,45.61,-114.25,132.59
2532.986,1,231,214,135,141,52.80,10.44,54.53
2533.568,0,353,310,179,119,49.14,-118.02,137.02
2533.646,1,237,220,135,135,51.28,0.90,59.51
2534.161,0,352,309,178,117,49.09,-116.66,137.69
2534.236,1,237,220,133,133,52.44,-0.48,61.98
2534.836,0,359,310,191,119,45.31,-122.38,147.18
2534.917,1,235,216,127,130,57.12,-0.15,67.07
2535.430,0,364,313,188,121,48.73,-125.23,145.46
2535.509,1,230,204,117,133,67.19,7.04,69.35
2536.094,0,364,312,186,121,50.39,-124.69,144.85
2536.173,1,234,191,103,157,87.12,17.61,56.05
2536.781,0,362,312,183,124,52.15,-124.31,140.42
2536.856,1,234,178,88,187,112.52,35.13,43.04
2537.365,0,350,312,182,125,46.14,-119.06,130.82
2537.441,1,242,182,76,191,122.14,27.36,44.50
2538.025,0,340,313,180,123,40.27,-113.22,122.93
2538.103,1,237,193,68,196,125.12,24.31,42.70
2538.697,0,332,313,179,121,35.52,-108.00,117.55
2538.777,1,239,199,57,199,132.30,18.36,45.41
2539.288,0,328,314,180,117,31.50,-105.34,118.31
2539.361,1,239,189,50,211,145.15,26.40,45.82
2539.950,0,324,313,182,115,27.67,-102.49,117.59
2540.027,1,242,180,49,208,147.45,27.90,50.79
2540.636,0,320,313,182,114,25.06,-99.70,115.17
2540.710,1,230,168,52,208,146.70,39.11,54.62
2541.225,0,317,314,182,111,22.77,-97.69,115.91
2541.301,1,223,158,51,207,148.34,44.94,60.90
2541.889,0,315,313,182,110,21.86,-96.04,115.54
2541.966,1,221,151,52,206,149.27,48.40,64.52
2542.480,0,311,313,183,109,18.59,-93.17,113.45
2542.576,1,219,143,55,206,150.20,53.38,67.42
2543.155,0,326,314,190,110,22.38,-103.94,126.45
2543.239,1,210,135,56,206,149.90,59.27,71.93
2543.750,0,325,313,190,110,22.12,-103.11,125.82
2543.836,1,205,127,56,204,150.19,62.50,77.66
2544.409,0,321,313,189,109,20.25,-100.32,123.10
2544.508,1,204,120,56,209,154.64,66.83,79.97
2545.086,0,320,312,188,110,20.74,-99.49,121.03
2545.158,1,202,119,56,208,153.75,67.29,80.89
2545.673,0,317,313,185,111,20.76,-97.55,116.46
2545.741,1,198,114,55,206,153.30,68.64,84.85
2546.323,0,313,312,182,110,20.95,-94.41,113.98
2546.427,1,195,114,54,207,152.93,69.39,84.61
2547.006,0,311,331,180,111,15.26,-97.19,109.09
2547.087,1,192,108,55,208,153.63,72.72,87.17
2547.591,0,325,329,180,110,23.66,-105.67,120.07
2547.669,1,188,105,55,206,152.06,73.99,89.29
2548.262,0,337,326,183,109,28.92,-111.72,130.22
2548.358,1,189,128,55,204,144.62,66.42,77.29
2548.867,0,329,323,184,108,24.90,-106.72,126.97
2548.946,1,188,159,55,201,133.04,55.66,63.11
2549.527,0,327,321,184,109,24.63,-105.35,125.04
2549.609,1,190,162,54,201,133.25,53.49,62.13
2550.189,0,330,322,185,110,25.35,-107.52,126.29
2550.284,1,196,154,54,200,137.15,53.81,65.93
2550.792,0,331,321,185,110,26.31,-107.90,127.28
2550.866,1,199,145,51,201,142.96,55.02,71.25
2551.449,0,332,320,183,113,29.06,-108.64,124.83
2551.522,1,198,136,48,203,147.81,57.73,76.43
2552.103,0,327,325,181,111,25.55,-106.25,121.45
2552.197,1,195,133,47,202,147.74,58.80,78.77
2552.778,0,321,323,182,113,22.15,-102.37,115.43
2552.853,1,198,136,46,205,149.55,57.56,76.49
2553.371,0,319,320,180,114,23.57,-100.40,112.89
2553.447,1,204,139,45,206,151.49,54.72,75.07
2554.038,0,320,317,178,116,26.86,-100.46,111.66
2554.131,1,208,147,43,207,151.65,50.30,71.53
2554.641,0,320,316,181,117,24.83,-100.37,110.94
2554.713,1,211,149,43,200,148.82,46.12,73.55
2555.301,0,319,314,180,116,25.67,-99.19,111.49
2555.371,1,202,149,51,198,141.27,51.53,70.54
2555.962,0,317,314,179,117,25.20,-97.72,108.43
2556.044,1,193,140,62,190,132.63,59.03,74.22
2556.559,0,315,313,178,119,25.05,-95.91,104.26
2556.631,1,177,133,86,192,118.90,77.97,68.84
2557.212,0,316,314,178,119,25.37,-96.90,105.03
2557.286,1,161,131,105,208,112.15,100.23,59.85
2557.855,0,320,314,178,119,27.95,-99.86,108.58
2557.949,1,141,138,121,210,95.51,114.29,57.72
2558.459,0,319,312,180,120,26.34,-98.71,106.83
2558.539,1,129,132,135,209,87.58,126.31,63.86
2559.126,0,323,312,180,120,29.03,-101.69,110.62
2559.200,1,121,131,139,205,82.05,129.31,68.93
2559.786,0,337,312,177,122,40.76,-110.76,120.87
2559.880,1,113,130,145,203,76.78,134.14,73.59
2560.390,0,338,308,177,120,42.86,-110.24,125.25
2560.469,1,108,122,147,199,76.71,136.32,81.61
2561.047,0,343,310,176,117,45.04,-112.46,130.58
2561.119,1,102,118,151,195,73.94,138.82,88.43
2561.709,0,345,312,177,114,43.90,-113.24,133.73
2561.803,1,94,117,149,192,71.68,139.54,93.91
2562.321,0,339,314,175,113,40.94,-110.28,129.21
2562.398,1,90,117,151,195,70.78,143.23,94.69
2562.985,0,332,319,174,112,35.71,-107.39,123.65
2563.053,1,88,125,152,196,66.48,143.65,91.43
2563.643,0,325,317,174,114,32.79,-103.28,117.26
2563.736,1,87,128,154,189,62.01,140.92,93.94
2564.247,0,319,324,173,114,27.70,-100.97,111.41
2564.310,1,79,131,157,183,55.87,141.72,100.03
2564.900,0,324,329,172,115,29.67,-105.18,112.90
2564.980,1,73,135,166,182,49.38,146.10,103.54
2565.551,0,316,334,173,114,22.83,-101.24,108.10
2565.649,1,71,135,167,183,48.89,147.68,104.37
2566.158,0,311,330,174,113,20.47,-97.00,106.32
2566.236,1,61,141,177,187,41.91,155.93,107.91
2566.806,0,309,331,172,113,20.67,-95.86,104.73
2566.894,1,43,145,190,193,34.76,168.90,118.16
2567.469,0,309,328,172,113,21.58,-95.16,104.96
2567.564,1,29,149,199,196,29.29,177.28,126.63
2568.086,0,309,325,172,113,22.50,-94.46,105.21
2568.162,1,17,151,205,199,26.01,183.98,133.20
2568.741,0,311,321,174,111,23.18,-94.91,109.40
2568.817,1,9,155,214,202,21.79,189.95,137.61
2569.401,0,307,322,174,112,20.64,-92.35,105.30
2569.497,1,12,150,218,202,23.52,190.15,138.07
2570.006,0,305,328,175,113,16.94,-92.31,102.44
2570.069,1,23,142,212,205,30.79,187.21,132.41
2570.673,0,303,328,175,114,15.86,-90.80,99.93
2570.748,1,41,139,197,202,37.92,176.62,119.85
2571.336,0,302,326,177,116,14.23,-89.30,97.00
2571.428,1,61,139,183,196,43.57,162.67,105.84
2571.934,0,300,325,176,119,14.27,-87.19,92.02
2572.010,1,76,140,171,187,47.27,148.43,97.97
2572.592,0,300,325,174,128,16.16,-85.85,81.10
2572.670,1,95,134,156,182,58.45,134.16,90.72
2573.251,0,302,326,174,131,17.10,-87.22,78.77
2573.345,1,105,136,149,178,61.54,125.22,86.56
2573.855,0,303,323,175,128,17.49,-87.71,83.05
2573.930,1,114,139,144,174,63.33,117.10,83.24
2574.515,0,301,328,175,124,14.95,-88.17,86.67
2574.586,1,123,146,138,165,62.42,105.23,81.73
2575.175,0,298,319,175,121,15.66,-83.68,88.21
2575.267,1,130,159,133,157,58.56,93.52,78.77
2575.772,0,292,315,172,116,16.02,-78.72,90.39
2575.854,1,130,159,132,158,59.35,93.61,78.17
2576.439,0,282,302,168,111,17.73,-68.03,90.27
2576.505,1,146,163,131,153,60.50,82.32,74.85
2577.093,0,271,289,162,108,20.92,-56.32,88.19
2577.174,1,153,161,126,152,65.45,77.29,74.92
2577.686,0,269,285,157,106,25.22,-54.52,90.14
2577.748,1,156,161,124,150,66.71,74.25,75.79
2578.335,0,253,265,150,113,29.72,-34.03,77.37
2578.413,1,154,155,122,150,69.92,76.23,79.09
2579.002,0,229,241,147,127,32.51,-1.83,60.93
2579.095,1,142,156,129,157,64.80,87.21,76.44
2579.604,0,212,223,148,144,36.84,25.07,48.47
2579.680,1,129,150,135,170,65.06,102.88,74.90
2580.264,0,194,208,153,163,40.88,53.52,38.73
2580.341,1,117,151,144,184,61.75,118.16,71.30
2580.931,0,180,189,157,181,50.71,79.92,34.52
2581.011,1,114,144,150,200,67.34,131.48,67.90
2581.536,0,169,171,160,197,62.79,102.52,34.46
2581.614,1,106,137,154,204,68.22,139.78,73.29
2582.208,0,158,158,163,208,70.91,119.78,38.22
2582.284,1,104,132,160,210,70.19,147.19,74.52
2582.788,0,150,148,165,219,78.96,133.75,41.51
2582.875,1,102,128,166,216,71.96,154.48,75.71
2583.477,0,143,139,166,228,86.05,144.83,46.10
2583.550,1,100,124,170,217,72.55,158.15,78.85
2584.135,0,138,132,167,231,89.35,150.68,51.25
2584.209,1,100,121,173,217,73.26,160.00,80.74
2584.723,0,134,124,169,235,93.70,157.30,56.67
2584.797,1,98,119,173,218,74.05,161.51,82.64
2585.385,0,129,119,171,254,103.45,171.63,58.74
2585.462,1,96,118,176,219,73.51,164.16,84.33
2586.036,0,125,115,170,252,102.96,171.83,63.29
2586.116,1,94,115,177,219,74.17,165.66,87.33
2586.638,0,122,113,170,251,102.12,172.44,66.08
2586.712,1,90,115,176,218,72.71,165.82,89.85
2587.300,0,118,111,169,250,101.06,172.74,69.23
2587.386,1,88,114,176,216,71.82,165.45,92.26
2587.967,0,119,108,169,247,101.64,171.38,71.21
2588.045,1,89,112,177,216,72.93,165.87,92.98
2588.566,0,117,106,170,253,104.30,175.91,72.70
2588.641,1,87,111,178,218,73.32,168.08,94.24
2589.236,0,116,105,172,259,106.68,180.52,73.44
2589.313,1,89,111,176,217,74.05,166.12,93.09
2589.900,0,114,104,174,256,104.46,180.69,75.68
2589.976,1,86,110,177,218,73.73,168.06,95.27
2590.469,0,112,103,173,256,104.19,180.73,77.12
2590.550,1,85,110,178,217,72.81,168.22,96.35
2591.153,0,112,103,174,254,103.11,180.25,77.52
2591.223,1,85,108,180,217,73.40,169.32,97.89
2591.804,0,113,101,178,272,112.00,191.59,77.95
2591.886,1,86,108,184,226,76.30,175.75,95.36
2592.393,0,113,100,180,269,110.83,191.37,79.28
2592.455,1,86,108,189,225,74.97,177.43,96.57
2593.060,0,114,100,194,264,107.18,196.73,82.67
2593.140,1,84,108,192,223,72.98,178.11,98.95
2593.727,0,113,100,209,275,110.30,211.33,88.84
2593.805,1,84,107,198,224,72.90,181.46,100.62
2594.316,0,113,100,207,270,108.17,207.62,87.71
2594.393,1,84,107,200,227,73.78,184.10,100.34
2594.996,0,112,99,202,267,107.25,203.37,87.07
2595.069,1,82,107,202,228,73.21,185.99,101.91
2595.658,0,112,98,199,265,107.16,200.69,86.84
2595.730,1,78,107,204,231,72.75,189.37,104.44
2596.236,0,111,97,197,261,105.57,197.72,87.51
2596.313,1,79,107,201,233,74.28,188.96,102.59
2596.912,0,110,96,194,261,105.91,196.27,87.87
2596.980,1,82,107,199,237,77.19,189.71,99.38
2597.558,0,110,96,206,277,111.90,211.13,92.61
2597.635,1,85,106,210,235,76.64,193.39,101.46
2598.208,0,111,98,214,272,108.67,213.19,93.68
2598.301,1,85,105,230,244,79.62,208.97,109.08
2598.819,0,111,97,223,269,107.59,217.14,99.14
2598.889,1,85,105,235,246,80.39,212.84,111.72
2599.474,0,110,98,225,268,106.00,217.86,99.66
2599.553,1,85,104,256,252,84.58,228.04,131.90
2600.072,0,110,96,230,267,106.76,220.51,104.96
2600.148,1,83,105,264,258,85.23,234.63,140.79
2600.744,0,110,96,235,266,106.46,223.08,108.59
2600.824,1,83,104,262,268,88.23,237.73,136.09
2601.419,0,110,95,235,263,105.79,221.66,109.49
2601.490,1,84,104,257,260,86.50,232.12,132.09
2601.995,0,111,96,236,264,106.20,222.69,108.68
2602.086,1,84,106,251,259,84.73,228.63,123.45
2602.686,0,112,97,235,267,107.38,223.46,106.51
2602.746,1,82,106,277,254,83.10,237.04,163.43
2603.270,0,112,96,241,265,107.52,226.32,112.90
2603.346,1,81,108,285,250,79.37,236.34,176.69
2603.932,0,112,96,242,264,107.20,226.49,113.79
2603.996,1,81,107,282,247,79.31,233.48,177.07
2604.602,0,112,96,244,264,107.40,227.78,115.98
2604.679,1,81,106,299,249,76.77,237.82,187.08
2605.186,0,112,97,247,262,106.31,228.77,117.82
2605.265,1,79,106,294,250,77.08,237.64,181.28
2605.856,0,112,97,246,261,105.75,227.63,116.42
2605.929,1,78,106,283,249,78.32,234.89,172.48
2606.531,0,112,97,253,266,108.80,234.42,127.04
2606.595,1,78,106,285,249,77.96,235.27,174.34
2607.117,0,113,98,256,263,108.46,235.29,131.26
2607.205,1,77,106,305,248,72.80,238.54,187.80
2607.786,0,113,100,258,260,106.73,235.57,132.44
2607.868,1,78,106,321,247,69.01,241.10,196.64
2608.400,0,112,99,261,260,108.45,237.00,150.86
2608.473,1,76,106,337,246,63.28,243.92,201.62
2609.050,0,113,97,257,258,108.32,234.01,140.39
2609.135,1,76,107,351,246,58.75,246.98,206.39
2609.720,0,112,95,274,256,107.13,232.57,188.33
2609.786,1,77,107,349,247,60.21,247.17,205.99
2610.316,0,112,95,275,254,106.10,231.03,191.69
2610.403,1,77,106,337,249,64.86,245.86,200.62
2610.987,0,112,95,272,252,105.86,228.86,192.12
2611.063,1,78,106,322,250,69.81,243.33,195.07
2611.652,0,113,95,276,251,105.21,228.36,196.97
2611.731,1,79,106,315,251,72.49,242.50,192.10
2612.257,0,112,97,289,254,102.33,233.71,201.08
2612.335,1,79,107,306,250,73.95,240.16,188.81
2612.923,0,112,97,274,263,109.13,238.66,178.80
2612.998,1,81,107,288,245,77.37,233.02,184.15
2613.510,0,111,98,260,274,110.91,241.34,135.96
2613.591,1,82,108,273,250,81.83,234.43,161.98
2614.186,0,111,98,248,270,108.33,232.97,118.68
2614.258,1,81,108,258,248,78.93,226.96,130.97
2614.845,0,112,97,236,269,108.28,225.05,107.59
2614.924,1,80,108,248,249,77.83,221.65,120.68
2615.436,0,111,96,227,265,106.39,217.62,102.23
2615.511,1,83,108,248,247,78.36,220.55,118.57
2616.099,0,111,96,226,281,113.21,224.60,103.23
2616.186,1,82,108,277,251,81.66,235.75,167.17
2616.762,0,111,96,247,291,116.71,240.34,120.43
2616.836,1,81,108,270,253,81.78,235.20,150.85
2617.405,0,111,96,250,300,119.46,244.90,122.66
2617.485,1,81,107,261,255,81.98,231.88,135.37
2618.011,0,112,97,252,310,122.59,249.31,122.54
2618.092,1,82,106,262,255,83.21,232.40,137.93
2618.671,0,112,97,251,314,123.85,250.08,121.47
2618.745,1,81,107,257,253,81.02,228.82,130.48
2619.329,0,112,99,252,320,124.70,252.85,120.19
2619.406,1,82,108,260,254,81.55,231.11,132.38
2619.936,0,113,98,259,326,126.72,257.50,125.23
2620.010,1,81,108,256,253,80.30,228.30,127.88
2620.598,0,112,100,264,331,125.95,261.60,126.72
2620.665,1,82,108,253,257,81.91,228.67,124.01
2621.190,0,113,99,275,336,126.66,267.15,133.68
2621.266,1,82,107,250,257,82.38,227.01,122.44
2621.867,0,112,98,277,338,126.43,268.09,135.03
2621.944,1,84,107,247,256,82.87,224.91,118.69
2622.530,0,112,97,273,342,128.42,267.32,132.37
2622.594,1,84,108,245,259,83.30,225.32,116.09
2623.115,0,113,98,267,343,130.04,265.57,128.08
2623.186,1,86,109,245,263,85.15,227.35,113.99
2623.789,0,113,98,268,345,130.38,266.51,128.38
2623.864,1,88,108,245,269,88.98,230.33,114.29
2624.443,0,111,99,265,347,129.58,266.08,125.87
2624.514,1,88,108,248,270,89.36,232.44,116.66
2625.030,0,111,98,265,339,127.89,263.59,127.54
2625.105,1,88,108,246,269,88.99,230.88,115.04
2625.690,0,112,98,263,341,129.43,263.35,126.00
2625.774,1,87,107,248,271,89.76,232.82,118.26
2626.360,0,113,98,261,338,129.67,261.72,125.09
2626.437,1,84,107,248,270,87.81,232.22,119.70
2626.950,0,114,98,258,327,127.83,257.39,124.35
2627.017,1,83,109,255,266,84.89,234.12,124.02
2627.619,0,114,97,244,314,125.80,246.77,115.96
2627.699,1,81,109,243,274,86.58,231.44,115.73
2628.286,0,114,96,235,320,128.89,243.96,110.59
2628.365,1,80,108,236,269,85.14,225.48,112.76
2628.881,0,114,96,225,311,126.62,235.71,103.89
2628.955,1,77,108,229,266,82.97,220.51,110.66
2629.545,0,115,96,218,302,124.37,228.43,98.70
2629.625,1,77,107,224,271,85.63,220.43,108.93
2630.198,0,114,97,210,295,121.01,221.08,93.21
2630.277,1,83,106,219,273,90.17,218.57,103.97
2630.792,0,114,97,202,291,119.98,214.65,89.13
2630.852,1,85,106,213,275,92.41,216.29,100.18
2631.459,0,113,97,198,287,118.07,210.65,87.61
2631.536,1,87,106,209,276,94.16,214.50,97.39
2632.110,0,113,98,194,282,115.81,205.96,85.03
2632.190,1,86,107,203,269,91.06,208.03,95.05
2632.700,0,112,96,191,277,114.38,202.13,85.90
2632.779,1,85,107,200,263,88.58,203.60,94.88
2633.386,0,112,96,188,272,112.53,197.99,84.90
2633.450,1,86,106,196,257,87.66,198.39,94.19
2634.038,0,111,97,188,268,109.74,196.12,84.63
2634.122,1,85,106,194,254,86.31,196.00,94.49
2634.638,0,112,96,185,267,110.69,193.82,84.11
2634.714,1,84,108,191,253,84.91,194.00,93.03
2635.318,0,112,97,182,263,108.82,190.02,82.73
2635.387,1,83,107,190,251,84.37,192.74,94.27
2635.971,0,112,98,179,261,107.88,187.22,81.40
2636.037,1,81,107,189,249,82.94,191.59,95.49
2636.546,0,112,100,180,260,106.28,187.05,80.24
2636.624,1,85,108,188,247,83.42,189.19,92.48
2637.212,0,111,100,180,259,105.34,186.75,80.78
2637.298,1,85,107,188,245,83.15,188.22,93.45
2637.886,0,111,99,180,258,105.39,186.35,81.59
2637.958,1,83,108,187,244,81.62,187.53,93.93
2638.484,0,111,100,180,257,104.44,185.72,80.95
2638.544,1,84,109,187,249,83.46,189.86,91.89
2639.163,0,110,102,180,255,102.06,184.65,80.18
2639.239,1,84,107,187,247,83.69,188.99,93.49
2639.751,0,111,102,180,254,102.08,183.91,79.80
2639.826,1,83,107,186,247,83.45,188.71,93.84
2640.416,0,110,101,182,254,101.80,185.35,81.41
2640.495,1,82,107,187,258,87.10,195.02,93.20
2641.098,0,111,103,181,254,101.40,184.33,79.28
2641.176,1,83,107,187,270,92.15,200.74,91.49
2641.688,1,82,107,187,273,92.82,202.33,91.83
2642.336,0,110,103,179,254,101.27,183.45,79.38
2642.422,1,82,108,188,267,89.91,199.91,91.94
2643.019,0,111,103,178,253,101.47,182.15,78.82
2643.095,1,83,108,187,268,90.90,199.72,90.99
2643.609,0,113,102,178,253,102.91,181.84,78.57
2643.684,1,84,108,186,264,89.96,197.08,90.49
2644.265,0,112,101,178,253,102.95,182.19,79.75
2644.336,1,85,108,185,260,89.00,194.39,90.05
2644.936,0,112,101,179,254,103.23,183.27,79.83
2645.010,1,87,109,185,260,89.39,193.93,88.25
2645.519,0,112,101,180,253,102.61,183.30,80.13
2645.599,1,88,109,186,265,91.67,196.77,87.47
2646.171,0,112,102,181,252,101.48,183.18,79.72
2646.252,1,88,110,187,262,89.81,195.70,87.35
2646.855,0,112,101,180,253,102.61,183.30,80.13
2646.919,1,86,110,187,259,87.74,194.55,88.80
2647.446,0,111,101,179,254,102.76,183.48,80.31
2647.522,1,90,110,186,255,88.01,191.18,86.68
2648.112,0,109,99,178,254,102.98,183.60,82.48
2648.189,1,87,109,186,254,86.84,191.37,89.20
2648.713,0,110,98,178,253,103.50,182.99,82.83
2648.786,1,86,109,186,251,85.23,190.01,90.18
2649.361,0,109,99,177,253,102.70,182.54,82.39
2649.448,1,86,110,186,249,83.93,188.87,89.82
2650.030,0,109,97,177,253,103.68,182.77,83.80
2650.096,1,86,109,188,246,82.92,188.36,91.38
2650.635,0,109,98,179,253,102.87,183.75,83.51
2650.712,1,86,109,188,244,82.12,187.29,91.70
2651.287,0,109,98,180,253,102.71,184.29,83.73
2651.363,1,84,109,189,242,80.39,187.12,93.48
2651.955,0,110,97,180,253,103.68,184.20,83.97
2652.033,1,83,109,188,240,79.39,185.78,94.23
2652.552,0,109,96,181,253,103.55,185.06,85.40
2652.641,1,83,109,190,240,79.06,186.72,94.68
2653.231,0,108,96,181,253,103.08,185.26,85.88
2653.295,1,83,109,191,239,78.50,186.65,95.10
2653.895,0,108,98,181,252,101.64,184.53,84.54
2653.959,1,83,109,190,237,77.89,185.09,95.25
2654.501,0,107,98,179,252,101.50,183.65,84.59
2654.576,1,83,110,186,235,77.30,182.04,94.17
2655.157,0,109,97,178,251,102.64,182.28,84.24
2655.228,1,84,109,182,234,78.53,179.54,93.59
2655.801,0,109,98,179,250,101.54,182.19,83.86
2655.881,1,83,110,182,233,77.28,179.13,93.81
2656.402,0,108,98,178,251,101.68,182.38,84.01
2656.474,1,85,111,183,233,77.30,178.99,92.18
2657.059,0,109,98,178,251,102.15,182.17,83.53
2657.134,1,86,110,184,233,77.98,179.33,92.38
2657.715,0,110,97,177,250,102.83,181.01,83.69
2657.789,1,88,110,183,233,78.90,178.39,90.99
2658.295,0,110,97,176,250,103.00,180.46,83.49
2658.373,1,89,109,183,238,81.77,180.98,89.95
2658.961,0,111,96,174,252,105.17,180.30,83.10
2659.040,1,89,108,184,248,86.11,186.91,89.05
2659.645,0,112,96,175,255,106.81,182.16,82.50
2659.708,1,90,107,182,256,90.58,189.93,87.57
2660.246,0,113,98,176,257,107.05,183.30,80.63
2660.334,1,90,108,181,264,93.47,193.36,85.80
2660.908,0,114,97,178,259,108.62,185.34,81.15
2660.988,1,89,107,183,264,93.18,194.67,87.52
2661.514,0,113,97,178,265,110.80,188.55,81.20
2661.586,1,89,107,185,265,93.26,196.21,87.97
2662.182,0,114,97,178,274,115.33,192.71,80.41
2662.246,1,94,107,187,262,94.02,194.80,85.99
2662.820,0,113,96,179,271,113.80,192.13,81.92
2662.905,1,93,107,187,262,93.56,194.99,86.54
2663.486,0,114,96,179,270,113.88,191.46,81.53
2663.562,1,94,106,188,261,93.96,194.90,87.02
2664.087,0,113,97,180,267,111.40,190.68,81.59
2664.164,1,92,105,188,263,94.37,196.37,88.65
2664.751,0,112,96,179,265,110.63,189.41,82.62
2664.817,1,88,106,189,265,92.70,198.53,90.32
2665.412,0,111,97,177,261,108.18,186.40,82.13
2665.486,1,90,106,184,267,95.16,196.55,87.65
2666.004,0,110,96,177,259,107.28,185.70,83.46
2666.088,1,88,107,185,261,91.21,194.40,88.89
2666.673,0,110,95,176,255,106.17,183.24,84.34
2666.748,1,88,107,183,254,88.75,189.83,89.19
2667.339,0,110,95,176,254,105.73,182.73,84.45
2667.402,1,89,107,184,250,87.42,188.06,89.40
2667.941,0,109,94,177,254,105.57,183.59,85.84
2668.019,1,88,106,185,261,91.70,194.47,89.56
2668.606,0,109,95,177,255,105.53,184.00,85.02
2668.670,1,88,106,185,256,89.72,191.95,90.10
2669.186,0,108,94,177,256,105.96,184.80,86.10
2669.259,1,88,105,185,261,92.19,194.54,90.22
2669.858,0,113,94,177,271,115.03,191.14,82.89
2669.935,1,88,106,185,267,94.08,197.44,89.02
2670.516,0,115,93,177,275,118.32,192.71,82.71
2670.588,1,88,106,184,281,99.72,203.56,87.85
2671.168,0,119,93,177,286,125.38,196.95,81.17
2671.235,1,90,106,186,273,97.25,200.52,87.81
2671.764,0,117,93,177,283,122.93,195.99,81.88
2671.847,1,89,107,185,275,97.23,201.07,87.27
2672.423,0,115,93,177,280,120.50,195.01,82.64
2672.502,1,86,107,184,280,97.87,203.40,88.30
2673.087,0,113,93,177,276,117.67,193.55,83.49
2673.164,1,83,107,185,278,95.49,203.49,90.34
2673.694,0,112,93,177,273,115.83,192.34,83.98
2673.769,1,82,107,187,278,94.71,204.67,91.51
2674.352,0,111,93,178,270,113.86,191.69,84.78
2674.416,1,82,106,186,276,94.57,203.26,91.96
2674.949,0,110,93,177,267,112.18,189.88,85.09
2675.028,1,82,106,185,269,92.08,199.45,92.18
2675.606,0,109,92,178,266,111.56,190.23,86.58
2675.686,1,80,106,187,274,92.72,203.14,93.51
2676.272,0,108,92,177,265,110.77,189.38,86.82
2676.336,1,80,106,186,278,94.36,204.49,92.93
2676.936,0,108,92,179,265,110.48,190.49,87.35
2676.999,1,80,106,186,277,93.99,204.03,92.99
2677.540,0,107,92,177,264,109.83,189.09,87.33
2677.604,1,81,106,187,275,93.57,203.46,92.89
2678.186,0,107,93,179,264,109.09,190.13,87.13
2678.266,1,82,106,187,273,93.29,202.36,92.48
2678.840,0,107,91,180,263,109.46,190.34,88.94
2678.917,1,81,105,187,276,94.41,203.94,93.47
2679.442,0,107,92,179,264,109.55,190.20,87.86
2679.532,1,82,105,186,270,92.78,200.47,93.04
2680.117,0,107,93,178,264,109.23,189.57,86.86
2680.186,1,83,105,187,273,94.24,202.24,92.58
2680.769,0,109,94,176,263,109.63,187.50,84.81
2680.847,1,88,104,188,267,94.61,199.11,91.24
2681.372,0,110,93,176,260,109.30,185.92,85.32
2681.454,1,86,105,186,261,91.15,195.42,91.61
2682.034,0,111,93,177,259,109.21,185.79,85.20
2682.108,1,84,105,186,256,88.33,193.28,93.30
2682.686,0,111,93,176,259,109.36,185.23,84.96
2682.762,1,85,105,184,254,88.29,191.09,92.45
2683.286,0,111,94,176,259,108.89,185.14,84.23
2683.351,1,81,107,185,254,85.47,192.21,93.75
2683.937,0,110,94,176,260,108.83,185.83,84.60
2684.000,1,83,108,186,253,85.27,191.73,92.32
2684.591,0,109,93,174,260,109.11,185.01,85.30
2684.667,1,82,108,186,254,85.23,192.43,92.78
2685.189,0,108,92,174,260,109.08,185.30,86.46
2685.268,1,82,108,186,256,86.00,193.45,92.52
2685.853,0,108,92,173,261,109.66,185.23,86.13
2685.935,1,84,108,186,254,86.07,192.05,91.60
2686.530,0,107,92,172,262,109.74,185.36,86.24
2686.599,1,84,109,190,253,84.55,193.43,92.10
2687.141,0,106,91,172,262,109.69,185.63,87.39
2687.215,1,86,108,191,253,85.74,193.63,91.83
2687.802,0,107,92,172,263,110.16,185.84,86.16
2687.870,1,84,109,191,254,84.79,194.44,92.24
2688.393,0,108,93,173,263,110.05,186.11,85.25
2688.468,1,83,110,189,256,84.96,194.59,91.43
2689.064,0,108,94,174,262,109.01,186.10,84.85
2689.139,1,82,110,189,255,84.15,194.27,92.15
2689.717,0,107,94,174,264,109.36,187.27,85.14
2689.793,1,84,110,189,254,84.59,193.37,91.07
2690.304,0,107,93,173,264,109.97,186.79,85.60
2690.383,1,87,110,189,253,85.45,192.26,89.40
2690.979,0,109,93,172,264,111.14,185.83,84.49
2691.059,1,89,109,189,253,86.80,191.95,88.88
2691.631,0,110,95,171,264,110.89,184.90,82.42
2691.712,1,90,108,190,252,87.17,191.83,89.33
2692.230,0,110,98,172,263,108.89,184.70,80.61
2692.294,1,91,107,191,251,87.55,191.72,89.80
2692.899,0,110,99,170,264,109.20,183.97,79.41
2692.978,1,91,105,188,251,89.03,190.39,90.42
2693.567,0,110,98,170,264,109.67,184.06,80.11
2693.644,1,93,105,187,250,89.63,188.95,89.16
2694.151,0,109,98,179,264,107.71,189.32,82.57
2694.230,1,91,103,189,251,89.90,191.08,92.05
2694.814,0,110,99,205,264,104.60,203.86,89.09
2694.896,1,91,104,189,251,89.39,190.99,91.36
2695.492,0,109,99,199,264,104.66,200.55,87.49
2695.565,1,92,104,190,252,90.08,191.83,90.93
2696.078,0,109,100,196,264,104.44,198.74,85.72
2696.146,1,91,104,189,253,90.21,192.03,91.12
2696.766,0,109,101,194,264,104.15,197.49,84.32
2696.842,1,90,103,189,253,90.28,192.30,92.38
2697.353,0,109,100,191,264,105.04,195.89,84.23
2697.415,1,90,103,189,253,90.28,192.30,92.38
2698.003,0,109,99,192,264,105.43,196.56,85.30
2698.082,1,89,103,192,252,89.03,193.49,93.89
2698.673,0,109,99,188,264,105.94,194.29,84.16
2698.757,1,90,103,190,251,89.33,191.77,92.88
2699.278,0,109,98,186,265,107.15,193.76,84.32
2699.353,1,90,105,191,250,87.76,191.57,91.88
2699.933,0,109,98,183,264,107.12,191.57,83.57
2700.010,1,90,105,191,250,87.76,191.57,91.88
2700.601,0,110,97,185,264,107.84,192.60,84.38
2700.686,1,88,105,193,250,86.63,192.95,93.58
2701.204,0,109,96,187,265,108.01,194.50,86.13
2701.281,1,86,105,196,252,86.19,195.86,95.38
2701.867,0,109,95,197,265,107.40,200.26,90.09
2701.936,1,85,105,200,253,85.66,198.55,97.08
2702.476,0,109,94,194,265,108.21,198.63,89.88
2702.549,1,85,104,200,255,86.97,199.67,97.62
2703.140,0,109,94,190,264,108.21,195.86,88.61
2703.214,1,87,104,198,256,88.48,198.88,95.72
2703.804,0,109,93,191,265,109.03,197.00,89.69
2703.879,1,86,104,196,256,88.29,198.02,95.69
2704.405,0,110,93,187,267,110.87,195.55,87.92
2704.480,1,85,104,194,256,88.12,197.17,95.67
2705.065,0,110,95,184,268,110.71,194.18,85.46
2705.142,1,89,104,193,259,91.20,197.54,92.79
2705.731,0,111,94,183,270,112.72,194.47,85.43
2705.807,1,87,104,193,257,89.52,196.85,94.12
2706.336,0,112,95,186,273,113.70,197.39,85.06
2706.412,1,85,105,195,256,87.48,197.61,95.27
2706.998,0,113,95,202,284,117.40,211.71,90.80
2707.077,1,84,105,200,257,86.81,200.79,97.33
2707.586,0,112,95,215,286,116.79,220.30,97.69
2707.663,1,84,106,218,260,85.72,211.49,103.05
2708.264,0,111,95,228,294,118.75,231.08,106.62
2708.336,1,83,107,231,265,85.88,220.87,109.05
2708.925,0,111,96,235,303,121.19,238.32,110.97
2708.991,1,81,107,238,277,88.88,230.16,114.35
2709.519,0,110,95,230,309,123.38,237.67,108.97
2709.593,1,81,107,245,269,85.93,230.07,118.94
2710.197,0,110,96,230,316,125.32,240.20,108.31
2710.276,1,81,107,248,265,84.56,229.75,121.21
2710.786,0,108,97,224,318,124.81,237.98,104.54
2710.862,1,80,106,256,260,83.13,231.38,130.13
2711.449,0,108,97,221,317,124.75,236.06,102.80
2711.532,1,79,105,254,262,83.68,231.08,129.42
2712.137,0,108,96,225,321,126.16,239.35,106.00
2712.213,1,78,104,254,263,83.95,231.30,130.65
2712.735,0,107,97,223,326,126.98,240.17,104.50
2712.811,1,78,105,258,259,82.32,231.55,134.14
2713.404,0,107,99,226,331,127.47,243.63,104.75
2713.481,1,77,105,247,263,82.94,227.94,124.42
2714.011,0,107,99,236,317,121.84,244.11,110.43
2714.093,1,77,104,256,264,83.66,232.55,132.57
2714.686,0,108,100,249,306,117.55,247.09,118.51
2714.756,1,79,104,252,264,84.80,230.89,128.43
2715.272,0,109,99,241,309,120.15,243.95,113.18
2715.348,1,79,105,257,268,85.42,235.12,131.31
2715.940,0,109,99,236,302,118.08,238.90,109.45
2716.021,1,81,105,261,264,85.47,235.52,135.42
2716.592,0,109,99,239,313,121.61,244.29,111.83
2716.675,1,85,105,258,261,86.87,233.30,131.53
2717.195,0,109,99,238,316,122.67,244.78,111.20
2717.279,1,87,106,251,260,86.61,229.28,121.86
2717.887,0,110,98,231,322,126.39,243.01,107.44
2717.958,1,90,106,240,254,85.27,219.85,110.70
2718.478,0,111,97,223,320,127.57,238.01,103.18
2718.557,1,89,106,246,252,84.25,222.29,115.72
2719.146,0,110,95,233,314,124.83,240.89,110.99
2719.221,1,88,107,252,250,82.83,224.76,120.51
2719.751,0,110,96,224,320,127.24,238.43,104.85
2719.826,1,89,106,255,246,82.97,224.64,125.09
2720.412,0,110,96,224,325,128.93,240.07,105.00
2720.485,1,86,106,264,242,83.71,227.03,163.71
2721.077,0,110,97,217,327,129.96,237.23,100.45
2721.156,1,87,106,270,241,83.12,226.12,179.74
2721.685,0,110,97,221,317,126.05,235.97,102.19
2721.765,1,88,106,271,239,82.63,224.23,185.06
2722.351,0,110,98,218,305,121.45,230.05,98.91
2722.428,1,88,106,262,243,84.71,227.94,151.10
2723.018,0,112,99,210,299,120.47,222.98,92.57
2723.090,1,85,105,269,245,83.85,229.52,167.58
2723.633,0,112,97,224,314,126.02,236.43,103.18
2723.704,1,81,105,256,243,79.09,223.23,134.15
2724.276,0,112,96,223,305,123.28,232.55,102.90
2724.359,1,79,104,248,241,77.07,217.42,126.93
2724.869,0,111,97,229,299,119.59,233.73,105.72
2724.949,1,79,106,246,240,75.19,215.59,122.38
2725.551,0,111,98,236,295,117.34,236.17,109.39
2725.628,1,82,105,255,240,78.41,221.14,132.58
2726.221,0,110,99,227,292,115.40,230.01,102.32
2726.296,1,84,106,261,244,81.54,227.14,141.64
2726.808,0,110,98,219,287,114.28,223.24,98.02
2726.883,1,85,106,266,246,83.84,230.24,157.28
2727.488,0,109,99,212,281,111.08,216.51,93.41
2727.562,1,85,107,270,245,83.08,230.11,169.75
2728.066,0,109,100,217,278,108.96,217.98,94.73
2728.147,1,83,107,275,244,80.72,229.99,175.97
2728.728,0,109,100,227,275,107.32,222.48,100.02
2728.799,1,86,106,272,241,82.19,226.53,180.53
2729.400,0,111,99,219,274,108.77,217.10,95.40
2729.486,1,88,106,257,239,80.47,222.18,129.67
2730.002,0,111,98,222,271,107.92,217.47,97.74
2730.085,1,88,105,264,239,84.27,223.47,176.01
2730.674,0,111,98,224,270,107.44,218.18,98.78
2730.745,1,88,105,267,240,84.17,224.61,178.58
2731.288,0,111,98,228,266,105.63,218.60,100.77
2731.366,1,88,105,270,245,85.59,229.32,173.93
2731.947,0,111,99,236,264,104.30,222.48,104.89
2732.026,1,89,106,269,256,88.62,237.02,151.70
2732.615,0,112,98,242,263,105.46,225.89,110.76
2732.692,1,88,106,273,256,87.95,237.88,159.64
2733.226,0,111,98,248,265,106.40,230.76,118.26
2733.304,1,90,106,275,254,88.64,236.96,168.82
2733.885,0,111,98,249,268,107.68,232.73,119.79
2733.959,1,88,107,278,265,89.17,244.05,156.44
2734.486,0,111,96,248,268,108.81,232.05,121.58
2734.547,1,90,107,287,260,88.03,243.04,175.44
2735.149,0,111,97,252,271,109.71,235.73,125.44
2735.237,1,85,106,282,255,84.61,238.71,171.23
2735.749,0,111,97,253,271,109.82,236.31,126.89
2735.815,1,83,106,280,252,82.80,236.38,170.68
2736.412,0,110,98,254,271,108.71,236.93,127.06
2736.488,1,83,106,275,252,83.48,235.50,164.01
2737.089,0,110,98,242,271,107.66,229.70,112.79
2737.166,1,82,106,278,248,81.30,233.31,172.43
2737.673,0,110,99,231,268,105.40,221.45,102.36
2737.749,1,83,106,279,247,81.40,232.69,175.96
2738.340,0,110,99,224,268,105.43,217.19,98.04
2738.415,1,83,105,283,247,81.00,233.14,179.37
2738.949,0,110,100,219,269,105.44,214.61,94.47
2739.025,1,81,106,285,246,78.73,233.07,180.44
2739.607,0,109,99,218,268,105.08,213.69,95.37
2739.684,1,83,106,275,246,81.75,231.35,172.70
2740.264,0,109,99,213,281,111.02,217.09,93.90
2740.347,1,82,105,265,244,81.70,228.15,155.78
2740.871,0,109,100,207,282,111.35,214.02,90.31
2740.959,1,83,105,256,244,80.39,223.94,132.80
2741.536,0,109,98,212,287,114.12,219.26,94.75
2741.613,1,82,104,255,243,80.08,222.73,133.79
2742.200,0,109,96,212,284,113.90,217.94,96.32
2742.265,1,83,104,245,252,82.71,221.77,121.18
2742.803,0,109,95,207,281,113.49,213.71,94.60
2742.870,1,82,104,236,248,80.56,214.72,115.39
2743.455,0,110,94,201,291,119.18,214.57,92.84
2743.535,1,82,104,232,246,79.80,211.48,113.11
2744.106,0,110,95,202,292,119.03,215.58,92.51
2744.195,1,84,104,229,244,79.87,208.62,110.26
2744.725,0,110,95,198,286,116.90,210.65,90.48
2744.803,1,85,105,223,244,79.91,205.28,105.91
2745.392,0,111,95,197,280,115.01,207.22,89.41
2745.469,1,85,105,220,243,79.68,203.15,104.77
2746.060,0,110,98,198,278,112.00,206.86,87.70
2746.135,1,85,105,219,244,80.16,203.22,104.32
2746.659,0,112,97,221,274,110.38,218.31,98.01
2746.740,1,85,106,217,248,81.38,204.36,102.46
2747.324,0,113,96,215,272,110.81,213.70,95.12
2747.401,1,86,106,213,246,81.29,201.07,100.51
2747.911,0,112,95,210,269,109.74,209.42,93.94
2747.991,1,85,106,210,244,80.36,198.57,100.35
2748.595,0,113,96,207,268,109.46,206.95,91.18
2748.660,1,85,106,210,246,81.18,199.69,100.16
2749.261,0,115,96,201,274,113.70,206.11,88.12
2749.336,1,88,105,215,251,84.59,204.73,100.47
2749.836,0,114,97,200,288,118.88,212.14,88.07
2749.913,1,86,105,214,248,82.60,202.79,101.53
2750.515,0,113,96,195,287,118.85,208.92,87.25
2750.595,1,84,106,214,244,79.59,200.71,102.33
2751.176,0,114,97,194,302,125.39,214.62,86.49
2751.253,1,83,106,215,241,77.88,199.63,103.62
2751.764,0,113,95,194,294,122.39,211.41,88.02
2751.835,1,82,106,214,248,80.41,203.21,103.30
2752.457,0,113,95,196,288,119.66,209.98,88.52
2752.535,1,83,105,215,258,85.27,209.04,103.28
2753.051,0,112,95,192,283,117.36,205.54,87.19
2753.127,1,83,104,211,254,84.58,204.96,102.72
2753.716,0,112,97,188,277,114.24,200.32,84.12
2753.792,1,83,104,208,251,83.68,201.85,101.85
2754.313,0,112,97,188,270,111.15,196.94,84.14
2754.405,1,84,104,214,248,82.35,203.12,103.63
2754.990,0,111,96,190,265,108.66,195.86,86.07
2755.065,1,86,104,217,246,82.12,203.30,103.62
2755.639,0,112,96,207,262,106.20,203.99,91.44
2755.717,1,86,105,218,246,81.46,203.72,103.15
2756.223,0,113,96,199,260,106.44,198.13,88.02
2756.319,1,85,104,213,246,82.03,201.39,102.78
2756.893,0,113,96,195,257,105.47,194.25,86.83
2756.972,1,83,104,210,246,81.50,200.14,103.00
2757.559,0,113,96,194,256,105.12,193.15,86.57
2757.638,1,81,104,216,244,79.39,202.26,106.65
2758.162,0,113,97,193,255,104.24,191.93,85.53
2758.255,1,81,103,217,244,79.88,202.83,107.87
2758.842,0,113,97,191,256,104.94,191.33,84.94
2758.917,1,81,103,215,247,81.21,203.49,106.81
2759.434,0,113,97,189,255,104.73,189.67,84.48
2759.507,1,80,103,210,250,82.39,202.74,105.28
2760.093,0,113,96,187,253,104.60,187.60,84.89
2760.201,1,80,103,212,250,82.21,203.72,106.03
2760.705,0,113,96,188,252,104.01,187.63,85.21
2760.790,1,80,104,217,249,80.87,205.61,107.27
2761.371,0,114,96,187,252,104.62,186.88,84.49
2761.447,1,81,104,232,248,80.17,212.64,113.70
2762.036,0,114,96,185,253,105.36,186.29,83.94
2762.132,1,82,104,226,261,85.81,216.34,109.65
2762.642,0,113,98,183,251,103.23,184.07,82.65
2762.717,1,83,104,219,262,87.07,213.19,105.69
2763.301,0,113,99,182,249,101.96,182.32,81.92
2763.380,1,85,104,220,263,88.31,214.07,104.95
2763.954,0,113,98,188,251,102.50,186.84,83.75
2764.051,1,86,103,218,267,91.00,214.98,104.25
2764.574,0,113,98,189,254,103.75,189.01,83.77
2764.653,1,84,103,217,264,88.97,213.12,104.98
2765.235,0,113,98,186,261,107.36,190.98,82.62
2765.313,1,82,103,216,258,85.83,209.72,105.91
2765.825,0,113,99,192,265,107.90,196.37,83.35
2765.889,1,80,104,210,253,83.01,204.27,104.26
2766.509,0,112,98,198,267,108.17,201.14,86.52
2766.585,1,83,104,210,250,83.09,202.32,102.64
2767.157,0,112,98,197,265,107.36,199.53,86.18
2767.236,1,83,104,232,248,81.01,212.54,112.40
2767.764,0,113,99,204,272,109.87,206.94,87.51
2767.839,1,81,104,259,246,81.09,226.31,140.11
2768.428,0,112,99,213,271,108.26,211.91,91.72
2768.509,1,81,105,267,246,81.51,229.71,156.45
2769.099,0,112,98,223,270,108.00,217.50,97.71
2769.172,1,83,105,273,244,81.74,229.34,172.76
2769.690,0,113,98,228,268,107.60,219.48,100.00
2769.765,1,83,105,270,243,81.85,228.18,170.01
2770.365,0,113,97,236,267,107.98,224.05,106.83
2770.439,1,82,104,267,242,81.56,226.83,164.92
2771.019,0,114,96,242,265,108.75,226.95,112.99
2771.093,1,82,104,265,243,81.88,227.21,158.53
2771.601,0,114,96,246,264,108.81,229.11,117.51
2771.681,1,81,105,261,243,80.18,226.01,145.01
2772.283,0,114,97,253,263,109.02,233.34,126.64
2772.362,1,81,105,255,242,78.59,222.12,132.75
2772.883,0,114,97,240,262,106.60,224.10,109.07
2772.958,1,79,105,246,240,75.87,215.67,123.73
2773.547,0,115,95,234,262,108.01,220.32,106.04
2773.624,1,80,105,239,240,75.96,211.79,117.75
2774.155,0,115,94,235,260,107.81,220.03,107.89
2774.228,1,80,105,229,241,76.45,207.11,112.18
2774.812,0,114,93,233,276,114.57,226.38,109.86
2774.887,1,81,104,225,243,78.42,206.21,110.44
2775.462,0,114,93,231,278,115.34,226.05,108.47
2775.537,1,82,104,235,242,78.17,210.79,114.93
2776.133,0,113,94,225,286,117.49,226.02,104.26
2776.199,1,81,103,226,241,78.17,205.66,111.98
2776.714,0,114,94,218,291,120.37,223.99,99.96
2776.786,1,84,102,218,239,79.55,200.25,107.63
2777.365,0,115,93,212,303,126.58,225.20,98.11
2777.446,1,83,102,214,235,77.84,196.08,107.31
2778.049,0,116,94,206,311,130.38,224.77,94.40
2778.125,1,82,102,209,233,77.14,192.67,106.62
2778.637,0,116,96,202,306,127.88,220.65,90.38
2778.713,1,82,102,206,240,80.23,195.17,104.56
2779.304,0,116,95,198,297,125.03,214.63,88.74
2779.379,1,82,103,203,239,79.63,193.10,103.03
2779.909,0,115,95,197,290,121.57,211.17,88.24
2779.978,1,82,104,202,238,78.81,191.98,102.16
2780.565,0,114,96,194,283,117.79,206.37,86.28
2780.647,1,83,104,199,239,79.97,190.93,100.52
2781.215,0,113,96,193,278,115.15,203.61,86.18
2781.295,1,83,103,198,239,80.63,190.54,100.95
2781.898,0,113,96,191,273,113.15,200.05,85.41
2781.973,1,83,104,197,239,80.24,189.98,99.97
2782.470,0,112,96,188,270,111.64,197.02,84.92
2782.549,1,81,104,196,239,79.61,189.86,100.94
2783.137,0,112,95,186,265,110.16,193.49,85.23
2783.210,1,81,105,193,240,79.91,188.91,99.29
2783.804,0,111,95,195,262,107.27,197.28,88.49
2783.881,1,83,105,194,241,80.91,189.54,98.15
2784.390,0,111,95,200,258,104.98,198.07,90.21
2784.457,1,83,105,198,242,80.75,192.00,99.06
2785.056,0,111,96,204,257,103.63,199.73,90.75
2785.136,1,84,106,208,241,78.96,196.03,100.71
2785.659,0,110,95,204,254,102.32,198.37,92.16
2785.745,1,85,106,207,240,79.05,194.82,99.89
2786.340,0,110,95,202,252,101.57,196.14,91.53
2786.407,1,85,105,204,238,79.14,192.33,100.07
2786.992,0,109,94,202,250,100.74,195.32,92.98
2787.078,1,86,105,201,238,79.90,190.70,98.61
2787.611,0,110,95,200,249,100.38,193.37,91.01
2787.688,1,85,105,209,236,77.75,193.61,101.80
2788.263,0,109,94,200,248,100.00,193.10,92.44
2788.343,1,85,105,214,236,77.24,196.05,103.34
2788.932,0,111,93,198,247,101.21,191.23,91.69
2788.993,1,84,104,211,235,77.33,194.27,104.01
2789.532,0,110,94,198,248,100.66,191.82,91.30
2789.599,1,84,103,209,234,77.71,192.83,104.34
2790.186,0,110,94,202,246,99.36,192.95,92.65
2790.263,1,84,103,206,247,83.25,198.64,101.69
2790.836,0,110,95,203,244,97.77,192.25,92.23
2790.924,1,84,103,203,244,82.38,195.53,101.07
2791.464,0,110,96,203,244,97.20,192.11,91.37
2791.537,1,83,104,200,242,81.02,193.05,100.34
2792.133,0,110,95,203,243,97.31,191.68,92.29
2792.210,1,83,104,199,245,82.33,194.19,99.63
2792.734,0,110,95,204,243,97.22,192.23,92.60
2792.809,1,89,105,196,246,85.00,192.12,94.28
2793.418,0,110,95,200,242,97.13,189.44,91.50
2793.495,1,88,104,195,248,86.07,192.98,95.07
2793.998,0,110,95,202,241,96.47,189.97,92.15
2794.077,1,87,104,212,249,84.17,202.28,100.93
2794.677,0,111,96,204,242,96.61,191.35,91.25
2794.743,1,87,104,210,249,84.35,201.26,100.22
2795.281,0,110,96,217,240,94.29,197.68,96.24
2795.346,1,86,104,225,250,83.30,209.73,106.85
2795.940,0,110,95,210,240,95.32,193.85,94.70
2796.013,1,87,104,218,250,84.11,205.95,103.16
2796.599,0,109,96,203,240,94.89,189.97,92.23
2796.676,1,89,105,214,249,84.25,202.97,99.56
2797.201,0,109,96,198,240,95.43,187.25,90.88
2797.286,1,87,105,210,250,84.20,201.72,99.35
2797.866,0,109,95,194,241,96.91,185.79,90.56
2797.947,1,87,105,208,254,86.03,202.86,98.40
2798.471,0,109,96,189,249,100.64,187.34,87.69
2798.547,1,86,105,207,251,84.49,200.87,98.89
2799.150,0,109,95,195,249,100.44,190.76,90.06
2799.233,1,85,105,206,256,86.18,203.17,98.80
2799.736,0,109,96,206,248,98.36,196.22,92.66
2799.815,1,84,104,205,259,87.56,204.40,99.61
2800.418,0,109,96,204,248,98.52,195.10,92.00
2800.489,1,84,103,204,261,88.96,204.96,99.87
2801.086,0,110,96,206,248,98.82,196.07,92.12
2801.157,1,84,104,203,262,88.94,204.91,98.72
2801.674,0,111,96,211,246,97.96,197.63,93.34
2801.747,1,83,104,202,264,89.37,205.53,98.82
2802.334,0,110,95,206,245,97.98,194.50,93.12
2802.407,1,84,104,200,263,89.67,203.89,97.61
2802.951,0,110,95,208,243,96.89,194.48,93.88
2803.028,1,83,104,199,263,89.33,203.52,97.85
2803.608,0,110,94,209,242,96.93,194.60,95.18
2803.681,1,83,103,196,262,89.81,201.56,97.62
2804.265,0,110,93,203,241,97.51,190.80,94.18
2804.345,1,83,103,195,262,89.93,201.05,97.29
2804.890,0,111,93,197,242,99.01,187.89,91.80
2804.964,1,82,103,197,262,89.24,202.20,98.52
2805.553,0,111,93,193,244,100.37,186.80,90.53
2805.630,1,82,103,197,261,88.86,201.70,98.60
2806.217,0,111,92,191,245,101.60,186.37,90.71
2806.293,1,81,103,196,259,87.78,200.35,99.03
2806.826,0,111,91,191,246,102.57,187.03,91.41
2806.902,1,81,102,195,259,88.39,199.89,99.39
2807.488,0,111,90,190,247,103.65,187.12,91.85
2807.567,1,81,102,193,258,88.27,198.41,98.85
2808.077,0,110,91,188,246,102.47,185.56,91.11
2808.156,1,80,103,194,258,87.22,199.01,99.07
2808.759,0,111,92,188,246,102.42,185.27,89.84
2808.833,1,80,103,192,256,86.73,197.03,98.67
2809.418,0,111,94,187,246,101.52,184.49,88.05
2809.493,1,82,104,193,256,86.96,197.16,97.13
2810.010,0,111,93,186,247,102.62,184.59,88.47
2810.087,1,83,103,191,255,87.77,195.56,96.74
2810.689,0,112,92,183,249,104.90,183.92,87.83
2810.765,1,83,103,191,254,87.39,195.05,96.85
2811.273,0,111,92,183,250,104.87,184.64,88.19
2811.354,1,83,104,193,253,86.23,195.46,96.87
2811.950,0,111,92,182,249,104.56,183.57,88.06
2812.026,1,83,104,191,0,56.88,147.96,127.79
2812.565,0,113,92,181,248,105.20,182.10,87.01
2812.641,1,84,105,201,251,84.33,198.15,98.19
2813.231,0,112,93,182,248,104.09,182.74,86.95
2813.310,1,85,105,201,247,83.14,195.85,98.01
2813.826,0,111,95,182,248,102.62,182.71,85.94
2813.896,1,86,105,201,244,82.33,194.04,97.75
2814.513,0,111,95,179,246,102.19,180.02,85.56
2814.589,1,85,104,197,245,83.38,192.88,97.82
2815.108,0,110,94,180,247,102.51,181.41,86.84
2815.183,1,86,105,198,249,84.73,195.27,96.29
2815.761,0,111,95,179,244,101.30,178.96,85.84
2815.837,1,89,104,198,245,84.86,192.68,95.67
2816.434,0,111,94,180,249,103.86,182.26,86.12
2816.513,1,91,104,195,243,85.25,189.72,93.94
2817.091,0,111,94,180,254,106.08,184.84,85.60
2817.166,1,89,104,200,241,82.96,191.47,96.75
2817.677,0,111,96,178,257,106.74,185.05,83.41
2817.751,1,88,104,198,240,82.42,190.10,96.98
2818.350,0,111,96,178,258,107.18,185.55,83.32
2818.418,1,88,104,196,239,82.29,188.57,96.62
2819.015,0,112,97,177,259,107.78,185.19,81.83
2819.086,1,87,103,194,240,83.12,188.44,97.26
2819.614,0,112,96,175,260,109.03,184.67,82.04
2819.688,1,86,104,195,240,82.06,189.02,97.42
2820.289,0,111,97,174,261,108.66,184.72,81.47
2820.363,1,86,104,203,238,80.20,191.78,99.89
2820.876,0,110,96,176,268,111.37,189.56,82.60
2820.949,1,86,105,199,236,79.36,188.61,98.42
2821.534,0,110,96,176,266,110.50,188.60,82.71
2821.611,1,86,104,200,235,79.36,188.64,99.57
2822.213,0,110,97,176,265,109.59,188.02,82.06
2822.290,1,85,104,195,236,80.09,187.01,98.74
2822.807,0,110,96,176,266,110.50,188.60,82.71
2822.885,1,86,104,192,236,80.91,185.39,97.39
2823.470,0,109,97,192,265,106.91,197.25,86.84
2823.538,1,84,104,192,235,79.77,185.24,98.81
2824.077,0,110,96,190,266,108.60,196.53,86.52
2824.147,1,84,105,191,236,79.79,185.22,97.69
2824.726,0,110,96,188,266,108.84,195.39,85.92
2824.805,1,85,106,190,237,80.20,184.99,95.99
2825.393,0,110,97,185,267,109.17,194.10,84.26
2825.472,1,83,106,191,238,79.68,186.41,97.26
2825.997,0,111,97,183,269,110.83,193.76,83.19
2826.077,1,84,107,190,239,80.08,186.17,95.56
2826.673,0,111,97,181,270,111.55,193.10,82.61
2826.744,1,85,105,191,238,80.95,186.10,96.70
2827.336,0,111,96,180,269,111.73,192.12,83.13
2827.413,1,85,104,192,239,81.71,187.22,97.44
2827.936,0,113,96,179,270,113.36,191.65,81.96
2828.015,1,84,103,192,245,84.18,190.71,97.75
2828.602,0,113,96,179,269,112.92,191.17,81.99
2828.677,1,83,102,191,244,84.04,189.95,98.91
2829.186,0,113,97,178,268,112.14,190.02,81.05
2829.253,1,82,102,188,242,83.32,187.66,99.03
2829.861,0,111,96,179,267,111.00,190.58,82.96
2829.933,1,82,102,188,241,82.94,187.14,99.21
2830.506,0,111,96,179,267,111.00,190.58,82.96
2830.586,1,82,103,189,238,81.15,185.94,99.36
2831.173,0,110,96,178,283,117.53,197.71,82.67
2831.237,1,83,104,191,242,82.26,188.74,97.88
2831.774,0,110,96,180,280,115.97,197.50,83.28
2831.854,1,87,103,188,241,84.40,186.07,95.59
2832.436,0,109,96,181,272,111.86,194.51,84.18
2832.506,1,89,104,189,242,84.93,186.60,93.80
2833.029,0,109,96,182,266,109.11,192.17,84.69
2833.102,1,87,104,190,246,85.57,189.61,94.61
2833.706,0,111,96,188,261,107.12,192.70,85.63
2833.785,1,85,104,191,256,88.52,195.67,94.79
2834.365,0,111,96,187,257,105.45,190.08,85.57
2834.440,1,84,104,190,261,90.16,197.84,94.57
2834.959,0,113,95,188,255,105.90,189.33,85.78
2835.033,1,84,105,191,264,90.69,199.78,93.93
2835.635,0,114,95,188,252,105.01,187.56,85.51
2835.710,1,84,105,198,264,89.79,203.33,96.16
2836.297,0,114,94,190,250,104.36,187.74,86.94
2836.371,1,85,106,202,261,88.07,203.66,96.38
2836.885,0,114,93,190,249,104.42,187.32,87.82
2836.960,1,85,106,206,263,88.43,206.73,97.67
2837.573,0,115,93,190,249,104.90,187.14,87.33
2837.649,1,83,107,220,264,86.13,214.63,103.65
2838.164,0,115,93,190,247,103.97,186.05,87.50
2838.242,1,83,107,232,264,85.47,220.89,109.58
2838.832,0,114,93,192,247,103.26,187.35,88.49
2838.905,1,83,106,225,260,84.82,215.20,106.82
2839.440,0,114,93,194,246,102.57,187.92,89.10
2839.518,1,83,106,218,256,83.70,209.47,103.78
2840.105,0,114,93,193,245,102.21,186.81,88.92
2840.173,1,83,106,214,253,82.82,205.82,102.33
2840.770,0,113,92,193,245,102.29,187.12,90.24
2840.844,1,83,106,209,251,82.49,202.21,100.67
2841.372,0,114,92,194,245,102.64,187.50,90.01
2841.446,1,82,106,206,250,82.00,200.32,100.39
2842.024,0,115,92,194,244,102.64,186.77,89.59
2842.099,1,83,105,204,251,83.57,199.79,99.76
2842.675,0,115,91,194,244,103.18,186.90,90.42
2842.750,1,83,105,203,258,86.42,202.96,98.84
2843.276,0,114,91,193,243,102.36,185.97,90.74
2843.353,1,82,104,201,260,87.50,203.15,99.32
2843.925,0,114,93,193,242,100.81,185.15,89.21
2844.002,1,81,104,199,263,88.43,203.78,99.00
2844.605,0,114,93,193,242,100.81,185.15,89.21
2844.681,1,82,105,198,274,92.68,208.44,96.75
2845.220,0,114,93,192,242,100.94,184.60,88.97
2845.294,1,81,104,199,268,90.32,206.23,98.67
2845.876,0,113,92,192,242,101.02,184.91,90.27
2845.953,1,81,105,199,264,88.31,204.24,98.24
2846.462,0,114,92,191,241,101.13,183.62,89.64
2846.543,1,81,105,198,260,86.91,201.75,98.21
2847.144,0,113,92,191,241,100.68,183.81,90.14
2847.222,1,81,106,198,259,86.02,201.20,97.60
2847.803,0,113,92,192,241,100.56,184.36,90.39
2847.880,1,82,106,199,258,85.94,201.04,97.41
2848.396,0,113,92,191,241,100.68,183.81,90.14
2848.471,1,82,106,199,255,84.78,199.49,97.68
2849.060,0,111,92,192,241,99.66,184.72,91.40
2849.141,1,83,106,199,252,84.03,197.77,97.37
2849.729,0,111,92,191,241,99.78,184.18,91.15
2849.806,1,87,106,199,250,84.89,196.05,95.15
2850.313,0,110,92,191,242,99.78,184.92,91.54
2850.386,1,87,106,198,248,84.20,194.47,95.08
2850.979,0,110,92,192,242,99.66,185.46,91.80
2851.057,1,89,105,197,245,84.46,192.08,94.68
2851.643,0,110,92,192,243,100.12,186.01,91.69
2851.721,1,88,106,197,244,83.11,191.61,94.71
2852.232,0,110,92,191,243,100.24,185.46,91.43
2852.296,1,90,105,194,242,84.05,188.76,93.72
2852.906,0,111,92,191,242,100.23,184.73,91.03
2852.982,1,88,106,195,241,82.17,188.98,94.64
2853.572,0,111,92,193,243,100.45,186.38,91.44
2853.642,1,87,106,197,241,81.50,190.14,95.76
2854.150,0,111,93,194,243,99.80,186.80,90.90
2854.229,1,87,105,204,240,80.72,193.12,98.50
2854.835,0,112,92,195,244,101.14,187.85,91.38
2854.895,1,87,105,207,239,79.96,194.03,99.49
2855.486,0,112,92,192,243,101.02,185.65,90.67
2855.561,1,86,105,204,240,80.34,193.29,99.14
2856.069,0,112,92,190,243,101.27,184.55,90.17
2856.149,1,85,104,215,240,79.40,198.99,104.04
2856.737,0,113,91,191,242,101.67,184.49,90.83
2856.821,1,85,105,221,242,79.19,203.09,105.23
2857.410,0,113,91,192,241,101.09,184.49,91.19
2857.486,1,84,105,228,245,79.70,208.57,108.77
2858.003,0,112,91,194,242,100.87,186.32,92.12
2858.067,1,83,104,234,246,80.19,212.49,113.56
2858.671,0,112,92,194,243,100.79,186.75,91.20
2858.760,1,83,104,237,246,80.20,214.11,115.38
2859.257,0,113,91,194,243,101.79,186.70,91.51
2859.337,1,82,104,244,244,79.21,216.88,121.12
2859.936,0,114,91,195,242,101.67,186.52,91.37
2860.011,1,81,105,236,244,77.93,212.45,115.07
2860.606,0,113,91,195,242,101.21,186.69,91.88
2860.686,1,80,107,230,243,75.99,208.60,110.62
2861.197,0,114,91,195,243,102.14,187.08,91.28
2861.273,1,80,107,234,242,75.48,210.10,112.63
2861.861,0,114,91,196,243,102.03,187.63,91.56
2861.936,1,79,107,229,242,75.24,207.59,110.91
2862.480,0,114,89,196,243,103.11,187.88,93.25
2862.555,1,78,108,224,241,74.12,204.50,108.66
2863.140,0,114,89,196,243,103.11,187.88,93.25
2863.215,1,79,108,220,239,73.97,201.25,106.65
2863.808,0,113,89,195,242,102.29,186.94,93.55
2863.888,1,80,108,216,238,74.28,198.59,104.71
2864.428,0,113,90,193,243,102.43,186.26,92.06
2864.505,1,80,108,214,236,73.67,196.46,104.34
2865.089,0,112,91,192,242,101.10,185.22,91.59
2865.168,1,82,108,227,235,72.89,201.95,107.48
2865.685,0,112,92,192,242,100.56,185.10,90.78
2865.762,1,81,107,221,234,73.16,198.62,107.02
2866.366,0,112,92,192,241,100.11,184.54,90.89
2866.446,1,81,107,217,234,73.50,196.68,105.68
2866.953,0,112,91,193,242,100.98,185.77,91.85
2867.029,1,81,107,214,233,73.39,194.66,104.89
2867.624,0,112,90,193,242,101.51,185.89,92.67
2867.701,1,81,107,210,234,74.23,193.35,103.54
2868.303,0,112,90,193,242,101.51,185.89,92.67
2868.377,1,82,107,209,234,74.70,192.71,102.58
2868.885,0,112,89,197,242,101.63,188.21,94.65
2868.949,1,82,106,216,235,74.96,196.76,105.35
2869.548,0,113,89,207,242,101.32,193.70,97.48
2869.626,1,82,108,216,235,73.76,196.53,103.71
2870.217,0,113,88,212,243,102.13,197.28,100.45
2870.295,1,82,108,228,236,73.26,203.07,107.79
2870.819,0,114,88,220,243,102.50,201.95,103.84
2870.887,1,82,108,240,236,73.01,209.40,113.43
2871.486,0,114,88,216,242,102.03,198.96,101.76
2871.564,1,82,108,231,236,73.13,204.61,109.02
2872.072,0,113,88,213,242,101.63,197.30,100.92
2872.177,1,82,108,224,235,73.08,200.45,106.37
2872.752,0,113,88,211,242,101.70,196.13,100.05
2872.844,1,83,108,219,234,73.41,197.23,104.08
2873.363,0,113,89,208,243,101.73,194.84,97.82
2873.438,1,83,108,215,234,73.80,195.29,102.85
2874.026,0,113,89,204,244,102.45,193.11,96.29
2874.111,1,83,107,231,235,73.71,204.02,109.34
2874.628,0,112,90,201,246,102.58,192.55,94.76
2874.702,1,84,107,222,235,74.56,199.31,105.12
2875.286,0,113,90,198,246,103.31,190.70,93.28
2875.364,1,85,105,218,237,77.31,198.63,104.56
2875.954,0,113,90,195,245,103.14,188.47,92.45
2876.050,1,84,106,219,237,76.26,199.14,104.74
2876.554,0,114,90,192,244,103.46,186.08,91.20
2876.636,1,85,107,213,245,79.91,200.54,100.45
2877.216,0,115,90,192,243,103.47,185.36,90.81
2877.302,1,84,106,209,254,84.11,203.69,99.83
2877.892,0,114,90,193,241,101.96,184.98,91.77
2877.982,1,84,107,205,256,84.79,202.66,97.58
2878.486,0,114,89,192,242,103.07,185.11,92.22
2878.564,1,84,106,204,254,84.64,201.17,98.14
2879.154,0,114,89,193,241,102.50,185.11,92.60
2879.230,1,84,106,208,253,83.81,202.65,99.55
2879.744,0,113,89,190,240,101.92,183.09,92.42
2879.825,1,84,106,212,252,83.02,204.14,101.02
2880.415,0,114,89,189,240,102.50,182.36,91.68
2880.486,1,83,106,207,253,83.49,202.28,99.83
2881.068,0,113,89,189,240,102.05,182.54,92.17
2881.149,1,82,106,205,270,89.86,210.06,98.77
2881.721,0,114,90,190,241,102.31,183.33,91.00
2881.814,1,83,107,202,286,96.22,215.89,95.97
2882.323,0,114,91,189,241,101.91,182.66,89.96
2882.389,1,83,106,199,280,94.82,211.62,95.65
2882.975,0,114,91,189,241,101.91,182.66,89.96
2883.056,1,83,105,207,274,92.15,212.91,99.58
2883.646,0,113,91,188,242,102.04,182.85,90.09
2883.736,1,85,106,203,270,91.49,208.69,96.31
2884.258,0,114,91,189,242,102.37,183.21,89.84
2884.323,1,86,105,200,266,91.24,205.07,95.57
2884.910,0,115,91,189,241,102.37,182.47,89.47
2884.991,1,86,104,198,263,90.81,202.60,95.78
2885.513,0,114,91,188,241,102.04,182.11,89.72
2885.595,1,86,104,197,261,90.14,201.08,95.59
2886.195,0,114,91,189,241,101.91,182.66,89.96
2886.265,1,85,104,196,261,89.82,200.72,95.85
2886.852,0,113,91,188,241,101.59,182.30,90.21
2886.930,1,85,104,195,259,89.16,199.20,95.70
2887.439,0,112,92,189,241,100.48,182.91,90.16
2887.502,1,85,103,193,258,89.53,197.75,95.87
2888.104,0,112,91,188,241,101.13,182.49,90.71
2888.183,1,83,104,192,257,87.91,197.00,96.14
2888.761,0,111,92,188,242,100.61,183.11,90.30
2888.836,1,84,104,192,256,87.95,196.33,95.66
2889.405,0,112,91,188,243,102.04,183.58,90.46
2889.503,1,82,104,193,255,86.57,196.65,97.23
2890.007,0,112,91,187,244,102.62,183.58,90.10
2890.090,1,82,104,192,254,86.33,195.65,97.05
2890.672,0,113,92,187,244,102.57,183.27,88.83
2890.758,1,82,104,192,253,85.94,195.14,97.17
2891.271,0,113,92,187,243,102.11,182.72,88.95
2891.341,1,83,104,192,252,85.98,194.46,96.70
2891.956,0,113,92,187,243,102.11,182.72,88.95
2892.021,1,83,104,191,252,86.12,193.96,96.42
2892.614,0,112,92,189,242,100.94,183.46,90.04
2892.687,1,82,104,190,252,85.84,193.65,96.73
2893.192,0,113,93,192,243,100.94,185.34,89.36
2893.272,1,83,104,190,252,86.26,193.47,96.14
2893.861,0,112,94,192,243,99.95,185.39,89.07
2893.936,1,84,104,190,252,86.68,193.30,95.55
2894.514,0,112,92,191,243,101.14,185.10,90.42
2894.586,1,85,104,190,252,87.10,193.12,94.97
2895.166,0,112,93,189,243,100.87,183.88,89.14
2895.247,1,84,104,191,252,86.54,193.79,95.83
2895.769,0,112,93,201,242,99.05,189.93,92.41
2895.836,1,85,103,198,253,86.94,197.69,97.89
2896.421,0,112,95,211,242,97.09,195.29,93.81
2896.502,1,86,104,197,252,86.58,196.44,96.38
2897.081,0,111,93,209,243,98.44,195.17,95.50
2897.183,1,86,103,195,252,87.35,195.51,96.50
2897.691,0,112,93,206,243,99.10,193.32,93.92
2897.770,1,88,104,195,251,87.28,194.57,94.72
2898.348,0,113,92,215,243,99.65,198.52,97.69
2898.422,1,90,103,194,251,88.78,193.80,93.98
2899.012,0,114,92,222,242,99.51,202.01,100.33
2899.111,1,91,103,193,251,89.34,193.12,93.12
2899.629,0,114,92,222,242,99.51,202.01,100.33
2899.695,1,90,102,192,252,89.96,193.39,94.02
2900.286,0,115,92,216,242,100.05,198.26,96.99
2900.367,1,87,102,193,253,88.94,194.93,95.92
2900.869,0,114,92,209,241,99.43,193.71,94.87
2900.949,1,86,102,192,252,88.25,194.08,96.32
2901.541,0,113,92,207,242,99.59,193.30,94.68
2901.619,1,87,102,191,253,89.21,193.93,95.34
2902.193,0,113,92,203,241,99.42,190.46,93.43
2902.280,1,87,102,190,253,89.35,193.42,95.06
2902.789,0,114,93,205,240,98.65,190.70,92.69
2902.861,1,86,101,192,254,89.53,195.17,96.79
2903.464,0,114,92,201,240,99.57,188.59,92.38
2903.542,1,85,101,202,259,89.86,202.90,100.18
2904.133,0,113,92,199,239,98.85,187.08,92.43
2904.195,1,84,101,215,260,88.64,210.13,105.83
2904.729,0,113,92,196,239,99.16,185.42,91.63
2904.806,1,83,101,224,262,88.38,215.80,110.62
2905.414,0,113,91,196,242,101.11,187.25,92.16
2905.489,1,84,101,234,258,87.04,218.96,115.82
2906.007,0,112,90,203,241,100.10,190.88,95.75
2906.085,1,84,102,243,254,85.05,221.74,121.26
2906.686,0,113,91,205,243,100.78,192.87,94.86
2906.762,1,86,101,233,251,85.31,214.76,114.10
2907.283,0,112,92,207,243,99.61,194.02,95.17
2907.359,1,87,101,228,249,85.01,210.92,110.61
2907.942,0,114,94,205,244,99.99,192.87,91.57
2908.006,1,86,103,222,248,83.22,207.11,106.45
2908.609,0,113,95,202,245,99.70,191.76,90.25
2908.684,1,86,104,217,245,81.71,202.74,103.69
2909.214,0,112,95,200,246,99.90,191.37,90.14
2909.288,1,86,104,212,253,85.38,204.59,101.31
2909.879,0,112,95,219,247,99.16,202.92,96.99
2909.955,1,86,103,210,249,84.49,201.47,101.64
2910.476,0,111,94,216,244,97.96,199.66,97.22
2910.543,1,87,103,209,253,86.62,202.99,100.38
2911.162,0,109,93,213,244,97.78,198.32,98.12
2911.237,1,87,103,209,256,87.83,204.58,100.21
2911.750,0,108,92,212,244,97.97,198.00,99.24
2911.825,1,88,102,207,253,87.78,201.90,99.85
2912.411,0,109,93,210,244,97.94,196.60,96.95
2912.488,1,88,102,208,252,87.28,201.89,100.27
2913.086,0,109,92,209,244,98.58,196.16,97.50
2913.163,1,87,103,207,250,85.59,200.35,99.89
2913.679,0,109,92,209,244,98.58,196.16,97.50
2913.756,1,89,104,206,249,85.57,198.92,97.64
2914.348,0,109,91,208,244,99.22,195.71,98.06
2914.424,1,90,104,208,245,84.11,197.58,98.00
2914.950,0,109,93,208,246,99.00,196.60,96.13
2915.030,1,89,104,209,243,82.76,197.11,99.14
2915.621,0,109,94,206,244,97.64,194.21,94.61
2915.696,1,89,105,208,242,81.87,195.92,98.15
2916.281,0,108,92,204,243,98.02,192.93,96.32
2916.358,1,88,106,208,240,80.07,194.82,98.24
2916.891,0,109,92,204,242,98.01,192.21,95.85
2916.965,1,86,107,208,241,79.16,195.61,98.65
2917.557,0,110,91,205,243,99.41,193.31,96.47
2917.634,1,85,108,208,244,79.44,197.36,98.20
2918.136,0,111,91,205,244,100.33,193.73,95.88
2918.214,1,84,108,206,244,79.29,196.54,98.26
2918.830,0,111,94,204,247,100.11,194.48,92.71
2918.896,1,83,108,206,244,78.91,196.70,98.91
2919.497,0,112,95,203,247,100.09,193.62,90.99
2919.573,1,83,109,206,245,78.75,197.16,98.06
2920.097,0,112,94,204,247,100.58,194.32,92.18
2920.174,1,83,108,206,243,78.50,196.14,99.03
2920.764,0,113,94,212,246,100.02,198.22,94.50
2920.851,1,81,107,205,243,78.41,196.07,100.76
2921.368,0,115,95,211,244,99.43,196.03,92.10
2921.449,1,79,106,203,242,78.04,194.97,102.31
2922.035,0,115,95,219,242,98.06,199.56,95.13
2922.111,1,77,106,201,241,77.15,193.81,103.16
2922.646,0,116,95,241,243,100.04,214.36,108.24
2922.721,1,76,106,202,240,76.27,193.89,104.25
2923.305,0,116,95,245,242,100.30,216.75,112.51
2923.380,1,77,106,202,240,76.64,193.73,103.61
2923.972,0,117,96,247,241,99.83,217.34,112.06
2924.043,1,74,106,201,241,76.03,194.28,105.08
2924.569,0,116,96,247,242,99.91,218.04,113.12
2924.648,1,73,106,204,238,74.17,194.18,107.13
2925.231,0,115,96,247,242,99.45,218.10,113.87
2925.310,1,73,106,204,235,73.06,192.54,107.67
2925.886,0,114,96,245,244,99.53,217.82,112.43
2925.972,1,75,105,209,232,72.59,192.89,109.16
2926.501,0,114,97,257,242,104.53,216.24,199.45
2926.564,1,78,104,205,231,74.28,190.12,106.89
2927.154,0,113,96,246,243,106.64,217.01,185.31
2927.224,1,80,103,203,235,77.32,191.20,104.97
2927.805,0,113,96,247,245,107.48,220.50,177.97
2927.886,1,80,102,203,241,80.17,194.58,104.72
2928.409,0,113,95,240,246,100.00,215.66,109.82
2928.487,1,81,103,202,240,79.76,193.33,103.20
2929.057,0,113,95,244,246,100.66,218.53,114.23
2929.137,1,81,103,208,239,78.69,195.64,105.23
2929.710,0,112,94,246,246,101.46,220.28,119.86
2929.791,1,83,104,217,239,78.07,199.67,106.20
2930.311,0,113,94,245,246,101.70,219.49,117.61
2930.394,1,84,105,213,240,78.61,198.03,103.20
2930.986,0,113,95,238,246,99.75,214.27,107.98
2931.056,1,84,105,209,240,79.01,196.06,101.92
2931.643,0,113,95,232,246,99.28,210.29,103.42
2931.733,1,84,105,206,239,78.94,194.03,101.14
2932.261,0,113,95,227,246,99.10,207.11,100.36
2932.337,1,84,104,204,238,79.32,192.60,101.46
2932.923,0,112,95,221,246,98.63,203.53,97.87
2932.999,1,85,104,201,238,80.07,190.98,99.97
2933.496,0,112,96,219,246,98.04,202.18,95.92
2933.575,1,85,106,198,238,79.39,189.34,97.74
2934.182,0,112,96,216,247,98.64,200.99,94.69
2934.245,1,84,105,196,238,79.83,188.67,98.56
2934.835,0,112,95,217,246,98.73,201.14,96.09
2934.911,1,84,104,211,238,78.56,196.00,103.59
2935.491,0,111,97,216,246,97.07,200.39,94.26
2935.563,1,84,104,206,238,79.09,193.57,102.04
2936.089,0,111,98,214,247,97.05,199.65,92.55
2936.152,1,82,104,206,245,81.11,197.76,102.40
2936.737,0,111,98,213,252,99.51,201.95,92.23
2936.817,1,83,103,204,244,81.87,196.17,102.00
2937.405,0,111,98,222,269,107.03,216.47,97.54
2937.486,1,82,103,220,243,79.67,203.67,108.51
2938.023,0,112,97,222,268,107.70,215.95,97.97
2938.100,1,81,102,215,241,79.41,200.24,108.23
2938.687,0,112,97,222,267,107.25,215.44,97.87
2938.765,1,83,102,213,241,80.35,199.01,106.19
2939.294,0,112,98,220,261,103.95,210.99,95.24
2939.365,1,82,102,209,240,79.92,196.63,105.55
2939.979,0,112,98,219,257,102.10,208.20,94.45
2940.047,1,83,102,207,244,82.10,197.72,103.74
2940.560,0,111,99,220,255,100.01,207.67,94.32
2940.636,1,82,102,205,247,83.07,198.49,103.34
2941.217,0,111,100,220,254,98.90,206.96,93.25
2941.299,1,82,102,203,250,84.45,199.10,102.34
2941.830,0,110,99,221,253,98.54,207.25,95.21
2941.904,1,84,102,202,254,86.96,200.42,100.42
2942.483,0,110,100,223,250,96.40,206.55,94.92
2942.556,1,84,102,200,258,88.74,201.47,99.41
2943.143,0,111,100,222,248,95.90,204.64,93.78
2943.219,1,85,102,198,261,90.58,201.83,97.92
2943.765,0,110,99,223,246,95.09,204.33,95.74
2943.839,1,85,102,196,256,88.87,198.30,97.69
2944.426,0,109,99,229,246,94.59,208.09,99.23
2944.508,1,85,102,195,255,88.61,197.29,97.47
2945.027,0,111,97,232,245,96.45,209.51,101.99
2945.091,1,85,102,194,255,88.73,196.78,97.17
2945.694,0,110,96,231,264,105.47,219.63,105.33
2945.774,1,85,102,193,253,88.08,195.26,97.08
2946.363,0,110,95,228,263,105.58,217.35,104.31
2946.436,1,85,102,193,253,88.08,195.26,97.08
2946.953,0,110,95,228,271,109.02,221.26,105.10
2947.017,1,85,101,194,251,87.68,194.79,98.31
2947.621,0,110,95,228,266,106.89,218.85,104.61
2947.699,1,86,101,193,253,89.01,195.16,97.20
2948.273,0,110,94,230,261,105.34,217.62,106.65
2948.338,1,85,102,193,253,88.08,195.26,97.08
2948.930,0,110,95,233,257,103.06,217.33,107.21
2948.992,1,85,101,193,251,87.81,194.30,98.01
2949.536,0,110,95,235,268,107.90,224.07,110.04
2949.599,1,85,102,193,250,86.91,193.71,97.44
2950.196,0,110,95,238,270,108.84,226.80,112.81
2950.277,1,85,103,193,250,86.41,193.64,96.74
2950.805,0,110,95,242,269,108.67,228.77,116.56
2950.882,1,85,103,192,259,90.05,197.74,95.47
2951.488,0,111,95,247,262,107.06,228.79,121.61
2951.558,1,85,103,192,256,88.89,196.23,95.77
2952.078,0,111,95,246,261,106.52,227.69,120.19
2952.153,1,86,103,193,256,89.19,196.57,95.49
2952.739,0,111,95,247,257,105.10,226.48,121.30
2952.814,1,85,102,194,260,90.68,199.31,96.69
2953.414,0,110,94,246,267,108.83,230.26,122.36
2953.490,1,84,103,195,264,91.15,201.90,96.57
2953.998,0,110,95,243,266,107.58,228.04,117.40
2954.072,1,84,102,195,268,93.17,203.88,96.99
2954.650,0,110,95,237,275,110.78,228.42,112.36
2954.726,1,85,102,195,277,97.07,207.98,95.99
2955.334,0,110,96,233,285,114.08,230.38,108.86
2955.410,1,85,102,194,285,100.20,211.08,95.36
2955.915,0,110,96,229,285,114.16,228.10,106.01
2955.990,1,85,103,192,280,98.12,207.80,94.12
2956.575,0,109,96,226,279,111.24,223.81,103.91
2956.646,1,86,102,192,277,97.94,206.31,94.41
2957.257,0,109,96,223,270,107.52,217.83,101.24
2957.331,1,85,102,191,272,95.68,203.60,94.86
2957.849,0,110,96,221,263,105.01,213.04,99.01
2957.924,1,85,103,190,285,100.26,209.02,93.24
2958.515,0,109,99,215,259,101.13,207.16,93.42
2958.592,1,87,104,197,281,98.40,210.59,94.14
2959.116,0,110,100,211,257,100.34,203.47,90.28
2959.196,1,87,104,202,272,94.34,208.97,96.22
2959.784,0,110,99,209,256,100.59,201.88,90.42
2959.859,1,87,104,201,275,95.62,209.88,95.76
2960.443,0,110,101,207,272,106.96,208.96,88.41
2960.522,1,86,105,197,274,94.72,207.42,94.18
2961.048,0,111,101,205,279,110.78,211.11,87.49
2961.127,1,85,104,193,278,96.76,207.39,93.87
2961.699,0,110,101,202,289,114.85,214.17,87.32
2961.778,1,86,104,192,281,98.53,208.11,92.88
2962.345,0,111,101,200,288,115.18,212.41,86.00
2962.423,1,85,105,192,272,94.11,204.02,93.14
2962.947,0,112,102,201,298,119.42,217.29,85.82
2963.025,1,85,104,193,268,92.92,202.65,94.39
2963.610,0,111,103,200,306,121.78,220.22,85.57
2963.690,1,85,104,193,266,92.15,201.67,94.52
2964.288,0,110,103,199,308,122.11,220.59,85.69
2964.365,1,84,104,191,266,91.95,200.81,94.45
2964.900,0,111,103,198,300,119.51,216.51,84.31
2965.571,0,111,102,197,295,118.00,213.76,84.41
2965.646,1,83,105,190,258,88.08,196.45,94.77
2966.153,0,112,102,198,295,118.47,214.21,84.38
2966.238,1,83,105,191,265,90.63,200.43,94.42
2966.839,0,113,103,198,304,122.38,217.93,83.78
2966.904,1,83,104,192,269,92.50,202.91,95.11
2967.492,0,113,104,198,312,125.22,221.23,83.59
2967.569,1,82,104,192,273,93.54,204.95,95.41
2968.064,0,113,104,199,317,127.13,223.81,84.41
2968.152,1,82,104,193,274,93.79,205.93,95.69
2968.761,0,114,103,198,311,125.89,220.68,83.94
2968.838,1,82,104,193,272,93.04,204.99,95.80
2969.351,0,114,102,196,304,123.69,216.61,83.38
2969.427,1,81,104,194,276,93.93,207.49,96.47
2970.009,0,112,101,197,300,121.17,215.81,85.12
2970.090,1,79,103,195,270,91.10,205.45,98.95
2970.616,0,111,100,196,308,124.44,218.67,86.42
2970.696,1,79,103,195,263,88.52,202.10,99.50
2971.292,0,111,101,196,299,120.28,214.93,85.06
2971.369,1,82,104,193,260,88.49,199.16,96.72
2971.958,0,110,101,198,294,117.38,214.07,85.98
2972.025,1,81,104,197,255,85.63,198.77,99.05
2972.566,0,110,99,201,283,113.37,210.91,88.24
2972.645,1,82,104,194,262,89.12,200.66,96.86
2973.236,0,110,97,199,277,111.98,207.02,88.87
2973.311,1,84,103,194,260,89.74,199.41,96.57
2973.828,0,110,97,201,270,108.72,204.77,89.44
2973.902,1,85,103,193,260,90.31,198.75,95.68
2974.503,0,110,97,200,268,107.92,203.19,89.03
2974.574,1,85,104,191,260,90.08,197.68,94.39
2975.158,0,110,98,197,266,106.79,200.36,87.15
2975.238,1,86,104,191,260,90.53,197.52,93.82
2975.759,0,111,99,197,264,105.87,199.08,85.85
2975.833,1,85,104,192,260,89.95,198.19,94.69
2976.438,0,110,99,198,265,105.71,200.33,86.66
2976.521,1,85,104,194,262,90.46,200.20,95.14
2977.028,0,110,99,199,264,105.16,200.39,86.99
2977.110,1,86,104,195,264,91.57,201.56,94.74
2977.703,0,111,99,198,264,105.76,199.65,86.17
2977.773,1,85,102,196,266,92.75,203.28,96.91
2978.310,0,110,100,197,264,104.83,199.14,85.53
2978.388,1,86,103,196,263,91.55,201.62,95.84
2978.984,0,111,100,196,263,104.99,197.88,84.74
2979.050,1,86,104,198,263,90.81,202.60,95.78
2979.637,0,111,100,196,262,104.53,197.35,84.75
2979.716,1,86,105,199,268,92.14,205.55,95.13
2980.244,0,111,102,196,262,103.45,197.13,83.15
2980.323,1,86,105,198,272,93.82,206.98,94.61
2980.908,0,111,103,196,260,101.98,195.94,82.41
2980.986,1,84,107,198,276,93.42,209.10,94.17
2981.570,0,113,102,196,257,102.09,194.08,82.27
2981.636,1,84,108,199,281,94.72,211.94,93.69
2982.164,0,112,101,196,256,101.69,193.85,83.61
2982.241,1,82,109,198,275,91.10,208.82,93.96
2982.836,0,112,100,196,255,101.78,193.43,84.45
2982.911,1,82,109,197,270,89.31,205.89,93.86
2983.428,0,112,100,196,256,102.24,193.98,84.41
2983.502,1,83,108,199,285,95.73,213.90,94.16
2984.093,0,112,101,196,257,102.16,194.39,83.57
2984.185,1,81,108,200,296,98.62,219.46,95.44
2984.775,0,112,100,196,257,102.71,194.52,84.37
2984.851,1,81,109,200,298,98.88,220.34,94.76
2985.364,0,112,101,195,257,102.28,193.82,83.30
2985.441,1,81,110,201,294,96.83,219.16,94.51
2986.036,0,111,100,195,258,102.81,194.66,84.56
2986.110,1,82,110,200,297,98.59,219.84,93.58
2986.686,0,112,100,196,261,104.56,196.66,84.27
2986.763,1,83,109,200,294,98.48,218.43,93.75
2987.276,0,112,100,196,265,106.40,198.75,84.23
2987.356,1,85,108,199,287,97.50,214.57,93.05
2987.959,0,112,100,195,265,106.51,198.17,83.92
2988.033,1,85,106,200,302,103.88,221.54,94.77
2988.605,0,112,99,194,260,104.87,195.10,84.52
2988.687,1,86,104,199,304,106.18,221.66,95.25
2989.192,0,112,98,193,258,104.60,193.59,85.10
2989.271,1,86,105,198,294,102.19,217.01,94.17
2989.889,0,113,98,192,258,105.21,192.84,84.33
2989.962,1,85,106,200,289,99.08,215.99,94.80
2990.472,0,113,96,203,262,107.01,201.51,89.42
2990.554,1,84,105,212,283,95.51,219.56,101.03
2991.145,0,113,96,204,258,105.08,199.97,89.74
2991.222,1,83,106,211,281,93.86,218.22,100.40
2991.828,0,113,94,203,256,105.34,198.54,91.14
2991.902,1,85,106,208,280,94.80,216.05,98.06
2992.415,0,114,96,199,257,105.55,196.38,87.56
2992.488,1,85,106,206,279,94.63,214.55,97.26
2993.058,0,115,95,196,255,105.95,193.53,87.04
2993.138,1,85,105,200,288,99.18,215.53,95.51
2993.741,0,114,94,192,253,105.51,190.47,87.28
2993.820,1,84,104,196,296,102.57,217.01,95.05
2994.322,0,115,95,195,253,105.12,191.88,86.82
2994.392,1,84,106,196,296,101.66,217.06,93.71
2994.980,0,114,95,194,253,104.75,191.49,87.02
2995.044,1,83,105,195,295,101.35,216.21,94.51
2995.648,0,113,96,194,247,100.94,188.26,87.09
2995.727,1,83,104,194,286,98.63,211.77,95.00
2996.237,0,113,96,193,250,102.46,189.35,86.62
2996.314,1,84,104,194,287,99.51,212.10,94.46
2996.905,0,112,96,193,250,101.99,189.53,87.12
2996.979,1,84,105,193,281,96.93,208.88,93.61
2997.586,0,112,97,190,249,101.37,187.20,85.66
2997.661,1,83,106,192,277,94.58,206.64,93.30
2998.176,0,113,97,190,247,100.91,185.91,85.34
2998.247,1,82,105,191,274,93.58,204.89,94.35
2998.835,0,113,98,189,244,99.12,183.56,84.66
2998.910,1,81,105,191,274,93.10,205.03,94.90
2999.515,0,113,99,188,240,96.86,180.63,84.20
2999.586,1,81,104,191,273,93.20,204.59,95.63
3000.088,0,112,99,187,243,97.96,181.98,84.12
3000.168,1,80,104,191,272,92.36,204.26,96.24
3000.755,0,112,99,187,240,96.58,180.31,84.53
3000.818,1,81,104,191,271,92.46,203.65,95.76
3001.421,0,113,99,187,241,97.48,180.66,83.88
3001.507,1,82,104,189,271,93.20,202.49,94.56
3002.007,0,112,99,187,242,97.50,181.43,84.25
3002.086,1,82,104,187,271,93.48,201.48,93.93
3002.680,0,112,99,188,243,97.81,182.52,84.32
3002.751,1,82,104,187,271,93.48,201.48,93.93
3003.273,0,113,98,187,243,98.95,181.92,84.36
3003.355,1,82,104,187,270,93.10,201.01,94.00
3003.941,0,114,98,186,243,99.55,181.17,83.67
3004.022,1,82,104,187,270,93.10,201.01,94.00
3004.614,0,116,99,184,242,99.76,178.95,81.70
3004.687,1,83,104,187,268,92.81,199.90,93.61
3005.206,0,116,99,185,243,100.07,180.05,81.75
3005.296,1,82,104,186,267,92.12,199.08,93.95
3005.876,0,115,100,187,244,99.23,181.76,81.74
3005.952,1,81,103,187,264,90.86,198.34,95.74
3006.524,0,115,100,187,245,99.70,182.32,81.63
3007.112,0,115,102,187,246,99.09,182.57,80.03
3007.213,1,81,103,190,258,88.19,196.89,97.26
3007.796,0,115,103,186,247,99.18,182.42,79.00
3007.859,1,83,104,191,256,87.66,196.00,95.95
3008.454,0,114,102,187,248,99.58,183.89,80.31
3008.526,1,82,104,193,257,87.34,197.66,97.02
3009.035,0,114,103,187,249,99.50,184.29,79.47
3009.133,1,83,104,192,256,87.52,196.50,96.24
3009.701,0,115,102,185,249,100.82,183.13,79.33
3009.786,1,82,104,191,256,87.23,196.17,96.53
3010.372,0,115,103,186,249,100.12,183.53,78.78
3010.448,1,82,104,189,257,87.89,195.68,95.84
3010.963,0,115,103,186,250,100.60,184.08,78.69
3011.048,1,83,104,187,256,88.23,194.02,94.81
3011.636,0,115,105,187,248,98.40,183.21,77.61
3011.714,1,85,103,188,257,89.83,194.73,94.50
3012.223,0,115,104,187,248,98.94,183.37,78.34
3012.302,1,84,103,189,257,89.25,195.40,95.35
3012.890,0,115,103,188,247,98.86,183.52,79.37
3012.970,1,86,102,190,264,93.20,199.10,94.54
3013.560,0,113,103,189,247,97.80,184.49,80.57
3013.637,1,89,102,190,263,94.19,198.13,92.97
3014.146,0,111,103,191,249,97.53,187.12,81.82
3014.223,1,90,102,191,266,95.71,199.96,92.52
3014.797,0,111,102,193,247,96.86,187.25,83.19
3014.893,1,89,102,192,264,94.32,199.66,93.51
3015.469,0,111,102,194,252,99.06,190.58,83.03
3015.545,1,87,102,194,261,91.97,199.50,95.48
3016.132,0,112,101,192,266,106.80,196.85,82.24
3016.209,1,86,103,192,265,92.84,200.56,94.40
3016.717,0,112,99,193,279,113.55,204.05,84.22
3016.813,1,85,102,190,271,95.43,202.61,94.59
3017.402,0,112,98,190,291,119.59,207.85,84.35
3017.474,1,85,102,188,271,95.70,201.59,93.94
3017.986,0,111,100,190,300,121.87,211.86,83.59
3018.064,1,85,102,188,273,96.46,202.53,93.81
3018.651,0,110,101,190,308,124.12,215.33,83.62
3018.749,1,86,101,189,278,99.18,205.23,94.02
3019.321,0,110,100,191,314,126.85,218.29,85.12
3019.399,1,87,102,191,268,95.09,201.40,94.02
3019.909,0,110,101,192,320,128.65,221.20,85.12
3019.993,1,90,103,193,261,92.96,198.46,92.77
3020.576,0,110,99,192,325,131.42,222.95,86.94
3020.656,1,89,102,194,257,91.28,197.17,94.68
3021.247,0,110,100,191,325,131.14,222.44,85.77
3021.326,1,90,102,195,259,92.40,198.55,94.26
3021.835,0,110,101,190,329,132.40,223.37,84.85
3021.914,1,90,102,195,268,96.00,203.04,93.70
3022.501,0,112,100,190,333,135.61,224.44,85.19
3022.586,1,90,102,194,267,95.73,202.02,93.42
3023.109,0,112,100,192,336,136.45,226.63,86.21
3023.184,1,90,102,193,268,96.25,201.99,93.04
3023.773,0,112,101,192,341,137.90,228.40,85.77
3023.836,1,89,101,192,275,99.13,204.99,93.61
3024.443,0,111,100,191,344,138.86,228.88,86.56
3024.537,1,91,101,191,274,99.85,203.70,92.27
3025.036,0,111,99,191,345,139.60,229.10,87.34
3025.117,1,91,101,191,276,100.64,204.64,92.20
3025.700,0,111,98,190,344,139.76,228.11,87.60
3025.768,1,90,100,191,291,106.37,211.51,93.04
3026.350,0,111,97,189,342,139.56,226.80,87.81
3026.447,1,92,101,191,300,110.42,215.07,91.38
3026.953,0,112,98,190,345,140.78,228.30,87.37
3027.016,1,90,101,191,307,111.90,218.14,92.30
3027.604,0,113,98,190,348,142.51,229.12,87.26
3027.685,1,89,101,193,311,112.52,220.86,93.54
3028.255,0,114,97,189,348,143.69,228.30,87.31
3028.350,1,89,101,193,313,113.24,221.63,93.56
3028.873,0,114,96,187,349,144.70,227.37,87.27
3028.940,1,89,101,193,315,113.95,222.40,93.57
3029.537,0,114,95,186,351,145.90,227.32,87.69
3029.603,1,88,101,192,313,112.80,221.22,93.58
3030.193,0,114,95,186,348,144.85,226.38,87.54
3030.288,1,88,101,194,313,112.52,222.25,94.38
3030.795,0,115,96,185,345,144.24,224.81,86.00
3030.858,1,87,101,193,308,110.29,219.90,94.41
3031.450,0,114,97,186,342,141.98,224.66,85.76
3031.530,1,87,101,195,306,109.30,220.15,95.21
3032.111,0,113,98,187,346,142.25,226.78,85.93
3032.205,1,88,101,198,298,106.57,218.37,95.97
3032.714,0,112,98,187,346,141.59,226.92,86.20
3032.790,1,89,101,196,288,103.63,212.97,94.75
3033.381,0,111,99,188,338,137.50,225.09,85.73
3033.445,1,88,101,195,294,105.47,215.14,94.80
3034.019,0,110,99,188,341,137.94,226.24,86.19
3034.116,1,87,101,197,295,105.05,216.70,96.05
3034.639,0,110,99,188,338,136.85,225.23,86.03
3034.716,1,86,101,194,302,107.43,218.13,95.28
3035.298,0,111,98,188,340,138.61,225.67,86.57
3035.373,1,85,102,206,305,105.99,225.56,100.04
3035.958,0,111,98,191,340,138.17,227.36,87.80
3036.057,1,85,103,203,299,103.78,221.70,98.06
3036.569,0,112,97,188,323,133.27,219.54,86.04
3036.636,1,85,103,201,289,100.38,216.45,97.29
3037.235,0,111,96,190,326,133.91,221.84,88.10
3037.313,1,85,102,198,279,97.47,210.44,97.03
3037.823,0,110,94,188,314,129.76,216.35,88.51
3037.902,1,85,102,195,273,95.55,206.12,96.17
3038.510,0,112,95,186,305,127.24,211.44,85.83
3038.579,1,85,103,194,269,93.66,203.68,95.35
3039.152,0,111,95,186,304,126.24,211.19,86.15
3039.232,1,85,103,192,268,93.54,202.17,94.75
3039.738,0,111,95,185,310,128.77,212.98,86.04
3039.817,1,85,104,194,270,93.56,204.13,94.60
3040.420,0,112,94,185,311,130.20,213.19,86.51
3040.499,1,85,103,192,263,91.61,199.73,95.12
3041.086,0,112,94,182,314,131.78,212.60,85.52
3041.149,1,85,103,193,259,89.92,198.25,95.77
3041.673,0,112,94,182,318,133.35,214.09,85.71
3041.737,1,84,103,193,267,92.56,202.35,95.70
3042.348,0,111,94,182,306,127.98,209.65,85.52
3042.419,1,85,103,192,264,91.99,200.23,95.04
3043.014,0,110,98,184,301,123.37,208.95,83.39
3043.088,1,86,103,191,267,93.75,201.03,93.95
3043.593,0,108,97,185,300,122.10,209.44,85.24
3043.670,1,88,102,194,269,95.57,203.29,94.40
3044.269,0,108,97,190,311,125.86,216.74,87.59
3044.357,1,90,103,195,266,94.71,202.00,93.08
3044.880,0,108,98,190,300,121.02,212.32,86.33
3044.951,1,89,103,194,267,94.76,202.12,93.25
3045.547,0,110,100,192,291,117.26,209.27,84.34
3045.620,1,90,105,194,262,92.22,199.35,91.59
3046.151,0,109,99,192,282,113.34,205.36,85.28
3046.223,1,89,105,195,259,90.42,198.50,92.68
3046.811,0,109,100,192,275,109.80,201.96,84.40
3046.886,1,88,104,195,255,88.89,196.67,94.31
3047.469,0,110,99,190,270,108.86,198.27,84.11
3047.543,1,86,104,194,250,86.18,193.89,95.74
3048.075,0,110,98,214,266,105.46,210.26,93.77
3048.152,1,86,104,194,248,85.38,192.83,95.99
3048.743,0,110,98,225,261,102.85,214.22,98.95
3048.819,1,85,104,213,246,82.03,201.39,102.78
3049.407,0,110,98,221,258,101.52,210.18,96.57
3049.483,1,86,104,226,247,82.03,208.57,107.38
3050.009,0,109,97,218,254,99.87,206.40,96.46
3050.087,1,86,104,236,249,82.68,215.13,112.76
3050.675,0,110,97,216,252,99.48,203.98,94.95
3050.754,1,86,104,243,250,83.25,219.62,117.68
3051.275,0,110,98,215,250,97.97,202.12,93.53
3051.351,1,86,103,249,252,85.02,224.13,124.41
3051.942,0,111,98,212,249,98.13,199.66,91.83
3052.029,1,87,103,255,252,86.15,227.63,131.15
3052.611,0,112,98,214,248,97.99,200.10,91.99
3052.691,1,87,104,246,252,84.65,222.41,119.61
3053.198,0,112,97,212,247,98.24,198.50,92.20
3053.263,1,88,105,254,251,84.88,226.65,126.12
3053.873,0,112,97,211,247,98.30,197.92,91.85
3053.948,1,87,105,261,250,85.34,230.26,138.96
3054.469,0,112,96,211,245,97.94,196.91,92.80
3054.536,1,88,105,267,244,85.68,228.28,170.65
3055.135,0,113,96,213,244,97.78,197.33,92.97
3055.211,1,88,105,265,253,87.40,233.73,146.38
3055.748,0,113,96,212,244,97.84,196.75,92.61
3055.823,1,87,105,256,253,85.32,228.76,129.25
3056.401,0,113,96,214,242,96.74,196.72,93.35
3056.481,1,86,104,248,270,90.54,232.12,121.83
3057.076,0,114,95,210,242,98.05,194.42,92.36
3057.147,1,86,104,248,273,91.52,233.43,121.74
3057.694,0,114,96,205,242,97.85,191.41,89.90
3057.773,1,84,104,254,265,87.90,232.81,128.26
3058.350,0,114,96,224,242,96.86,202.53,96.83
3058.436,1,85,104,251,261,87.10,229.55,125.27
3058.954,0,114,96,238,242,97.44,211.54,105.16
3059.037,1,86,104,250,255,85.53,226.20,124.02
3059.632,0,112,97,245,242,96.74,216.44,111.45
3059.706,1,85,105,251,262,86.85,230.07,124.06
3060.290,0,112,97,237,242,95.68,210.82,104.28
3060.368,1,85,105,251,257,85.16,227.70,124.21
3060.887,0,111,99,230,241,92.96,205.37,98.09
3060.964,1,85,105,248,253,83.56,224.01,121.37
3061.560,0,111,100,224,241,92.33,201.53,94.31
3061.647,1,86,104,249,254,85.11,225.14,123.03
3062.162,0,110,100,219,241,92.11,198.74,93.03
3062.238,1,86,104,239,268,89.93,226.51,115.11
3062.827,0,110,99,213,241,93.13,195.49,91.95
3062.897,1,87,104,239,278,93.97,231.06,114.75
3063.438,0,110,98,211,240,93.42,193.93,92.28
3063.513,1,87,104,239,273,92.23,228.84,114.69
3064.095,0,110,98,210,239,93.01,192.77,92.03
3064.175,1,87,104,251,277,93.31,236.68,123.61
3064.761,0,111,97,216,239,93.65,196.18,94.32
3064.836,1,87,104,261,276,92.83,241.01,132.62
3065.369,0,112,96,215,238,94.27,195.01,94.38
3065.443,1,86,104,269,271,90.74,242.31,142.49
3066.036,0,113,96,217,238,94.60,196.02,94.50
3066.109,1,85,104,275,268,89.12,243.09,150.79
3066.615,0,112,96,215,238,94.27,195.01,94.38
3066.704,1,86,104,282,266,88.69,244.33,160.65
3067.297,0,111,96,213,239,94.45,194.63,94.24
3067.380,1,86,104,287,264,87.50,244.46,167.57
3067.948,0,112,95,214,238,94.96,194.61,95.00
3068.036,1,88,104,290,271,90.04,248.89,165.50
3068.560,0,111,96,213,239,94.45,194.63,94.24
3068.633,1,89,104,291,267,89.56,247.11,170.58
3069.229,0,112,96,211,240,95.51,193.94,92.96
3069.299,1,90,103,292,268,90.63,247.60,171.23
3069.887,0,111,95,210,241,96.23,194.28,94.08
3069.966,1,93,103,293,129,31.04,149.79,209.13
3070.494,0,111,96,207,242,96.34,193.03,92.15
3070.569,1,94,104,292,165,46.86,171.22,218.38
3071.110,0,111,95,210,241,96.23,194.28,94.08
3071.186,1,93,105,277,179,55.63,176.91,214.09
3071.774,0,111,95,219,242,96.27,200.08,97.46
3071.849,1,92,106,276,190,60.11,184.60,213.58
3072.433,0,113,96,215,241,96.19,196.70,93.73
3072.511,1,94,107,279,201,65.24,192.93,215.84
3073.038,0,114,96,215,241,96.64,196.55,93.15
3073.112,1,92,106,281,207,67.39,198.73,213.24
3073.698,0,114,95,218,241,97.14,198.49,95.29
3073.761,1,90,106,280,213,69.58,203.71,209.50
3074.369,0,114,95,217,241,97.18,197.90,94.89
3074.443,1,89,106,282,218,71.12,208.47,207.50
3074.983,0,114,95,216,241,97.22,197.31,94.51
3075.057,1,88,105,282,222,73.04,211.99,204.18
3075.650,0,114,95,216,243,98.22,198.51,94.51
3075.721,1,87,105,283,226,74.24,215.70,201.49
3076.236,0,114,95,214,243,98.31,197.33,93.75
3076.318,1,86,105,283,228,74.67,217.55,199.31
3076.925,0,114,96,211,242,97.38,194.83,91.76
3077.000,1,87,105,282,230,76.28,218.76,198.51
3077.506,0,115,96,209,242,97.97,193.52,90.56
3077.587,1,88,104,284,231,77.27,219.79,199.13
3078.169,0,114,96,209,242,97.52,193.68,91.11
3078.248,1,88,105,286,232,76.85,221.05,199.97
3078.849,0,115,95,210,241,98.01,193.67,91.84
3078.913,1,90,106,272,232,80.26,217.66,195.65
3079.439,0,115,96,208,241,97.55,192.35,90.29
3079.504,1,90,107,259,231,81.73,214.41,188.47
3080.090,0,115,96,206,241,97.72,191.22,89.70
3080.171,1,92,106,260,232,83.48,214.91,190.29
3080.706,0,116,96,202,241,98.55,188.78,88.06
3080.770,1,92,106,248,233,77.11,211.75,113.13
3081.364,0,114,97,200,240,96.81,187.28,87.85
3081.438,1,92,106,246,233,76.91,210.47,111.62
3082.027,0,113,99,197,239,95.10,184.92,86.17
3082.106,1,91,106,246,234,77.06,211.24,112.56
3082.636,0,112,98,196,240,95.85,185.31,87.16
3082.713,1,89,107,238,236,76.18,207.81,108.08
3083.297,0,112,98,194,239,95.64,183.65,86.84
3083.369,1,89,105,232,236,77.63,204.82,107.38
3083.961,0,111,98,196,239,94.94,184.92,87.81
3084.036,1,87,104,226,235,77.31,201.38,107.29
3084.571,0,111,100,196,238,93.34,184.03,86.37
3084.646,1,88,105,223,236,77.63,200.16,104.37
3085.221,0,113,101,200,240,94.03,186.81,85.12
3085.299,1,88,104,220,235,78.02,198.15,104.29
3085.873,0,115,102,221,240,92.27,198.11,88.75
3085.953,1,88,104,218,244,82.02,202.44,102.82
3086.462,0,114,103,215,241,92.12,195.23,86.56
3086.543,1,87,104,213,243,81.59,199.43,101.75
3087.130,0,114,103,211,241,92.48,192.96,85.47
3087.192,1,88,104,213,242,81.57,198.72,101.19
3087.786,0,113,104,210,242,92.03,193.00,84.88
3087.859,1,87,104,223,242,80.47,204.01,105.59
3088.393,0,113,103,209,243,93.26,193.23,85.43
3088.460,1,87,104,229,242,80.23,207.19,108.26
3089.053,0,114,102,208,244,94.92,193.28,85.42
3089.125,1,87,104,236,242,80.18,211.04,112.00
3089.711,0,115,103,205,244,95.06,191.22,83.25
3089.792,1,88,104,236,241,80.14,210.37,111.28
3090.328,0,114,104,202,245,94.87,190.15,82.21
3090.401,1,87,104,230,240,79.35,206.54,108.81
3090.982,0,114,105,198,245,94.81,187.76,80.54
3091.059,1,85,106,226,240,77.45,204.38,106.45
3091.644,0,113,105,196,244,94.18,186.29,80.76
3091.723,1,87,106,228,240,78.11,205.21,105.89
3092.243,0,113,103,198,241,93.61,185.96,83.01
3092.316,1,84,106,236,240,76.82,209.81,111.92
3092.903,0,113,102,198,239,93.23,184.95,84.01
3092.985,1,83,105,242,239,76.83,212.73,117.62
3093.505,0,112,101,196,238,93.19,183.66,85.04
3093.568,1,82,104,239,237,76.19,210.01,117.59
3094.186,0,111,100,197,239,93.67,185.15,86.46
3094.255,1,80,104,247,237,75.91,214.59,125.56
3094.852,0,112,99,197,240,95.15,185.69,86.59
3094.927,1,80,104,252,240,77.64,219.21,131.08
3095.440,0,112,99,198,240,95.02,186.24,86.82
3095.517,1,81,104,257,240,79.14,222.27,139.39
3096.114,0,111,100,197,239,93.67,185.15,86.46
3096.187,1,81,103,260,241,80.68,224.15,148.36
3096.773,0,110,100,196,239,93.38,184.81,86.79
3096.852,1,83,103,265,241,82.40,225.54,164.16
3097.371,0,110,101,195,238,92.49,183.54,85.93
3097.446,1,82,103,260,242,81.52,224.83,147.44
3098.047,0,110,102,194,239,92.53,183.42,84.84
3098.122,1,83,103,266,240,82.01,224.89,168.03
3098.632,0,108,102,196,240,91.87,185.48,86.22
3098.705,1,84,104,266,240,82.31,225.03,169.82
3099.286,0,107,102,199,240,91.04,187.27,87.45
3099.362,1,84,104,267,241,82.52,225.95,169.75
3099.961,0,107,103,197,243,92.13,187.78,85.89
3100.037,1,85,103,272,238,81.52,223.80,181.40
3100.547,0,106,103,195,244,92.44,187.48,85.89
3100.625,1,84,103,275,241,81.60,226.83,179.37
3101.211,0,106,102,196,243,92.41,187.59,86.98
3101.286,1,86,103,278,245,83.69,230.21,179.69
3101.890,0,106,102,196,242,91.95,187.02,87.10
3101.966,1,87,102,279,239,82.08,225.38,187.57
3102.476,0,106,102,199,242,91.55,188.62,87.79
3102.552,1,86,102,274,236,81.25,222.21,185.88
3103.142,0,106,101,208,242,91.11,193.64,90.96
3103.217,1,84,103,279,235,78.43,222.73,188.63
3103.748,0,108,100,208,242,92.56,193.46,90.65
3103.823,1,81,104,266,235,78.73,221.13,173.73
3104.406,0,108,98,208,243,94.23,194.36,92.34
3104.483,1,80,104,256,232,76.49,217.40,144.73
3105.073,0,108,97,207,244,95.38,194.52,92.84
3105.148,1,80,104,259,228,76.31,214.29,172.59
3105.676,0,108,97,205,244,95.55,193.41,92.22
3105.751,1,79,104,264,233,77.09,219.43,170.76
3106.333,0,108,99,206,244,94.30,193.68,90.80
3106.412,1,79,104,267,231,75.88,218.16,177.57
3107.000,0,108,100,206,244,93.71,193.53,89.95
3107.077,1,81,104,271,231,76.26,218.52,183.86
3107.613,0,108,101,217,243,91.71,198.95,92.57
3107.688,1,81,105,258,235,77.75,220.40,145.35
3108.273,0,108,101,214,245,92.89,198.44,91.52
3108.348,1,83,105,247,238,76.79,215.05,121.72
3108.866,0,107,101,211,244,92.22,196.32,91.17
3108.936,1,83,105,238,239,76.70,210.49,114.96
3109.537,0,108,99,207,244,94.20,194.23,91.10
3109.612,1,83,105,231,236,75.46,204.91,111.31
3110.190,0,110,98,220,245,95.34,202.12,95.45
3110.268,1,84,106,227,233,74.03,200.74,108.09
3110.794,0,110,99,235,245,94.71,211.15,101.96
3110.856,1,85,106,222,231,73.82,196.85,105.76
3111.461,0,111,99,239,244,94.91,213.06,103.88
3111.538,1,88,106,216,231,75.38,193.42,101.75
3112.111,0,112,99,231,247,96.48,209.62,98.57
3112.193,1,88,105,212,233,77.25,192.81,101.12
3112.764,0,111,100,237,247,95.54,213.38,101.61
3112.836,1,88,105,208,234,78.12,191.44,99.84
3113.377,0,112,100,231,247,95.78,209.43,97.39
3113.452,1,89,104,205,235,79.84,190.51,98.99
3114.032,0,111,101,231,247,94.62,209.35,96.84
3114.108,1,91,105,204,235,80.13,189.53,96.68
3114.621,0,110,100,244,247,95.74,218.20,107.76
3114.700,1,92,104,201,235,81.47,188.00,96.05
3115.286,0,111,99,236,247,96.22,212.93,102.25
3115.365,1,92,106,200,235,80.48,187.25,94.33
3115.950,0,111,100,228,247,95.30,207.68,96.45
3116.024,1,92,105,198,234,80.90,185.83,94.77
3116.599,0,111,100,224,247,95.35,205.24,94.59
3116.686,1,92,104,197,234,81.60,185.47,95.26
3117.204,0,110,99,219,248,96.20,203.15,94.12
3117.286,1,92,104,195,234,81.90,184.50,94.80
3117.871,0,111,100,215,249,96.72,201.10,91.05
3117.936,1,91,104,193,234,81.83,183.74,94.96
3118.527,0,110,99,211,249,97.14,199.08,91.11
3118.603,1,90,104,191,234,81.77,182.99,95.12
3119.124,0,109,99,208,248,96.45,196.95,90.69
3119.187,1,90,104,191,233,81.36,182.43,95.32
3119.776,0,108,99,207,247,95.61,195.97,90.96
3119.856,1,92,103,190,232,82.40,181.09,94.80
3120.436,0,108,100,206,247,95.12,195.27,89.80
3120.508,1,90,103,189,232,81.81,181.04,95.78
3121.033,0,108,101,202,247,94.95,192.90,87.82
3121.108,1,89,103,186,233,82.34,180.39,95.51
3121.690,0,108,100,204,247,95.32,194.15,89.20
3121.763,1,89,104,186,233,81.82,180.27,94.85
3122.351,0,109,101,206,248,95.45,195.53,88.34
3122.423,1,87,103,187,233,81.42,181.29,96.92
3122.955,0,110,102,215,248,94.53,200.33,89.76
3123.033,1,89,103,195,233,80.91,184.66,97.54
3123.603,0,109,100,220,246,94.10,202.52,94.06
3123.696,1,89,105,203,236,79.94,189.99,97.54
3124.283,0,109,100,214,245,93.95,198.45,91.85
3124.347,1,90,107,199,235,79.32,187.03,94.63
3124.890,0,109,99,209,246,95.42,196.36,91.07
3124.966,1,90,107,197,236,80.04,186.63,94.00
3125.540,0,109,101,205,244,93.65,192.65,88.26
3125.610,1,91,107,194,237,81.29,185.54,92.54
3126.193,0,109,102,202,245,93.87,191.42,86.58
3126.272,1,91,106,191,235,81.49,183.09,92.95
3126.787,0,110,101,201,245,95.01,190.84,86.58
3126.861,1,91,106,192,235,81.32,183.57,93.16
3127.448,0,110,102,201,245,94.43,190.69,85.78
3127.521,1,90,107,191,234,80.17,182.62,93.08
3128.110,0,109,101,198,244,94.46,188.81,86.47
3128.186,1,91,106,190,235,81.65,182.61,92.74
3128.729,0,109,101,199,244,94.34,189.36,86.71
3128.794,1,89,105,189,236,81.99,183.23,94.20
3129.386,0,108,101,198,244,94.03,189.00,87.02
3129.471,1,89,104,189,235,82.12,182.79,95.08
3129.986,0,109,99,205,244,94.83,192.96,89.95
3130.068,1,90,105,191,235,81.64,183.42,94.24
3130.672,0,109,98,200,243,95.46,189.77,89.47
3130.746,1,90,105,195,235,81.02,185.35,95.13
3131.331,0,109,99,208,241,93.12,192.86,91.01
3131.397,1,90,105,198,235,80.58,186.80,95.83
3131.923,0,109,99,205,243,94.36,192.37,90.01
3131.997,1,88,105,198,235,79.83,187.19,97.08
3132.598,0,109,98,213,242,93.81,196.42,93.43
3132.662,1,87,107,213,235,76.45,194.39,100.19
3133.186,0,109,98,209,246,96.01,196.50,91.96
3133.250,1,88,106,208,243,81.33,196.54,97.90
3133.841,0,110,97,218,247,97.02,202.28,95.66
3134.519,0,110,97,225,247,96.87,206.46,98.88
3134.599,1,88,106,222,249,82.68,207.20,102.43
3135.104,0,110,97,224,245,95.90,204.67,98.28
3135.188,1,86,105,238,247,81.24,215.03,112.87
3135.779,0,109,98,220,245,94.90,202.25,96.04
3135.859,1,86,105,252,244,81.07,221.61,124.94
3136.385,0,110,97,216,245,96.14,199.93,94.83
3136.464,1,87,104,262,241,84.83,225.49,162.62
3137.055,0,109,97,230,243,94.50,207.23,101.88
3137.129,1,87,104,266,239,83.72,223.69,176.68
3137.706,0,109,97,230,243,94.50,207.23,101.88
3137.791,1,86,105,272,238,81.31,223.82,183.89
3138.304,0,109,97,241,243,95.26,214.39,109.69
3138.388,1,87,105,275,236,80.40,222.39,189.64
3138.981,0,109,96,250,242,97.78,220.89,124.35
3139.049,1,87,105,279,234,78.71,221.45,193.93
3139.635,0,110,96,259,240,101.25,216.33,196.81
3139.720,1,88,105,282,234,78.60,221.85,196.58
3140.252,0,109,96,254,241,102.00,217.02,190.48
3140.330,1,87,105,282,233,77.64,221.23,196.33
3140.917,0,110,96,246,240,103.34,214.95,185.63
3140.994,1,88,105,287,233,77.09,222.08,199.73
3141.503,0,111,96,238,241,95.58,211.17,106.99
3141.588,1,88,105,276,233,79.36,219.80,194.16
3142.194,0,112,96,229,242,96.00,205.86,100.56
3142.270,1,87,106,263,234,81.33,218.81,182.54
3142.851,0,112,96,229,241,95.50,205.24,100.49
3142.933,1,87,107,260,235,81.94,219.72,177.25
3143.450,0,112,96,220,241,95.55,199.77,96.24
3143.526,1,87,105,249,235,77.30,214.32,120.34
3144.133,0,112,97,219,241,94.93,199.00,94.81
3144.209,1,87,105,242,233,75.70,208.73,114.46
3144.723,0,113,96,223,242,96.43,202.05,96.97
3144.798,1,86,105,249,232,75.61,212.44,121.11
3145.383,0,113,96,230,241,95.97,205.76,100.41
3145.454,1,85,103,256,233,81.43,218.45,157.93
3146.060,0,114,96,225,241,96.35,202.53,97.24
3146.139,1,83,103,267,234,79.64,219.99,178.76
3146.655,0,114,97,226,243,96.69,204.19,96.71
3146.728,1,84,103,258,230,79.84,215.15,174.38
3147.322,0,115,97,228,243,97.15,205.32,97.10
3147.396,1,85,103,245,232,76.33,210.38,121.46
3147.904,0,114,97,236,243,97.02,210.59,102.43
3148.013,1,85,103,237,234,76.67,207.00,115.40
3148.586,0,113,97,237,244,97.16,211.98,103.94
3148.665,1,86,103,231,235,77.44,204.26,111.29
3149.195,0,113,97,239,244,97.35,213.33,105.47
3149.269,1,86,104,226,235,76.94,201.49,108.00
3149.864,0,112,96,232,243,96.61,208.38,102.41
3149.958,1,85,104,243,232,75.37,209.01,118.23
3150.467,0,112,97,247,244,98.20,219.19,114.46
3150.536,1,85,104,257,234,81.42,219.65,158.40
3151.116,0,112,96,240,244,97.77,214.32,108.51
3151.204,1,86,104,267,233,80.43,218.59,184.81
3151.785,0,112,95,248,243,99.81,219.97,120.52
3151.882,1,84,104,277,234,77.98,221.60,188.83
3152.389,0,112,96,246,243,98.33,218.08,114.92
3152.453,1,83,103,285,233,75.87,222.51,192.73
3153.042,0,113,97,253,243,100.77,224.01,127.06
3153.122,1,82,103,290,232,73.90,222.94,195.02
3153.706,0,113,98,260,242,103.03,217.18,200.65
3153.801,1,83,105,282,232,75.19,221.18,193.02
3154.311,0,114,98,256,242,104.33,215.99,199.81
3154.389,1,84,104,281,229,75.00,218.33,195.10
3154.976,0,114,97,248,242,106.06,214.87,193.56
3155.043,1,83,105,285,231,74.13,221.00,195.33
3155.644,0,113,97,241,240,105.50,212.70,188.24
3155.724,1,82,105,289,232,73.23,222.82,195.64
3156.241,0,115,96,235,240,96.58,208.15,102.04
3156.313,1,82,105,293,232,72.36,223.67,197.51
3156.898,0,114,97,230,241,95.70,205.44,98.57
3156.985,1,82,105,286,232,73.87,222.18,194.14
3157.552,0,113,98,225,241,94.54,202.26,95.63
3157.647,1,81,105,269,233,77.07,219.95,180.53
3158.158,0,113,98,237,242,95.37,210.49,102.22
3158.236,1,82,106,264,233,78.07,219.19,176.91
3158.822,0,112,99,233,243,94.49,208.41,99.23
3158.901,1,83,106,258,233,79.32,219.16,163.30
3159.491,0,112,99,229,243,94.42,205.89,97.12
3159.584,1,83,106,252,235,75.52,216.21,125.53
3160.090,0,111,99,226,244,94.49,204.80,96.38
3160.164,1,81,106,243,242,76.62,215.03,118.54
3160.745,0,112,98,243,247,98.12,217.81,108.71
3160.823,1,81,106,251,244,78.00,220.77,125.62
3161.403,0,111,97,242,248,98.77,217.96,110.21
3161.498,1,84,105,250,245,80.29,220.88,123.99
3162.014,0,110,96,245,248,99.55,220.31,115.97
3162.091,1,85,105,239,249,81.65,216.76,114.24
3162.677,0,112,96,257,247,106.14,222.42,187.96
3162.754,1,87,105,234,252,83.71,215.56,109.90
3163.268,0,110,96,267,247,103.09,224.30,193.35
3163.337,1,88,105,225,254,85.21,211.69,104.61
3163.956,0,106,95,256,247,102.77,225.14,171.60
3164.019,1,87,104,221,256,86.38,210.79,104.28
3164.617,0,108,95,251,248,101.09,225.00,131.00
3164.685,1,86,103,218,257,87.08,209.89,104.40
3165.203,0,110,96,252,249,102.10,226.26,129.57
3165.279,1,85,103,220,258,86.90,211.54,105.88
3165.874,0,111,96,261,248,105.27,224.18,188.48
3165.938,1,85,102,221,259,87.79,212.61,107.18
3166.526,0,113,96,274,248,103.92,225.44,199.84
3166.605,1,85,102,221,259,87.79,212.61,107.18
3167.112,0,114,95,270,249,106.14,225.25,196.88
3167.192,1,84,101,222,259,87.82,213.22,109.11
3167.802,0,117,94,266,249,109.09,223.48,197.28
3167.873,1,83,102,220,259,86.93,212.23,107.89
3168.396,0,117,94,268,248,108.22,222.91,199.58
3168.474,1,83,102,217,261,87.89,211.71,106.45
3169.057,0,118,94,266,248,109.22,222.17,199.66
3169.146,1,82,101,218,263,88.64,213.29,108.22
3169.676,0,118,95,268,249,108.94,223.49,200.38
3169.752,1,82,101,217,264,89.08,213.27,107.73
3170.343,0,120,95,272,249,109.31,223.54,204.51
3170.418,1,83,101,212,269,91.81,213.10,104.78
3171.007,0,120,95,277,248,107.77,223.73,207.61
3171.082,1,83,101,209,268,91.70,211.10,103.54
3171.592,0,121,94,283,246,106.47,223.06,211.79
3171.674,1,84,101,208,266,91.51,209.54,102.65
3172.247,0,121,93,276,247,108.85,222.29,207.57
3172.324,1,85,101,229,268,91.34,221.21,112.18
3172.911,0,120,95,275,248,108.20,223.29,206.79
3172.990,1,84,101,245,263,88.76,227.08,123.61
3173.499,0,121,95,270,248,109.85,221.84,205.68
3173.579,1,84,101,239,266,89.82,225.40,119.02
3174.180,0,120,95,281,246,105.94,222.92,210.89
3174.257,1,83,102,237,268,89.51,225.34,117.19
3174.849,0,120,96,289,247,104.21,225.65,213.70
3174.925,1,84,102,231,269,90.59,222.75,112.98
3175.447,0,121,97,282,246,105.50,222.80,213.59
3175.526,1,85,101,227,271,92.52,221.59,111.04
3176.115,0,120,97,273,246,106.89,221.03,209.35
3176.193,1,85,101,226,273,93.30,222.00,110.49
3176.699,0,118,97,283,246,103.55,224.03,211.25
3176.786,1,84,101,220,274,93.53,219.44,107.87
3177.394,0,118,97,291,246,101.71,225.91,214.13
3177.473,1,84,100,216,273,93.96,216.93,106.74
3177.986,0,117,96,291,246,101.56,226.20,212.60
3178.068,1,85,101,214,272,93.74,215.40,104.52
3178.647,0,116,96,293,246,100.53,226.95,212.46
3178.729,1,86,101,211,271,94.11,213.31,102.67
3179.316,0,116,97,297,246,99.16,227.90,214.53
3179.392,1,87,102,209,271,94.26,212.17,100.50
3179.906,0,115,96,295,245,99.03,226.89,213.06
3179.966,1,86,102,215,271,93.27,215.37,103.66
3180.554,0,114,96,293,244,98.48,225.89,212.23
3180.636,1,87,103,220,267,91.35,215.96,104.63
3181.248,0,114,96,277,243,101.53,221.38,206.92
3181.315,1,88,104,215,265,90.85,212.21,100.96
3181.836,0,112,94,272,242,101.70,220.06,202.19
3181.915,1,89,104,213,262,90.26,209.52,99.57
3182.506,0,111,94,260,242,103.34,218.08,194.65
3182.586,1,87,104,210,260,88.81,207.13,99.62
3183.122,0,111,94,249,0,86.04,181.92,211.91
3183.198,1,86,106,208,258,86.67,205.05,98.02
3183.790,0,110,94,241,242,97.54,214.35,113.83
3183.861,1,86,106,206,253,84.86,201.36,97.64
3184.451,0,110,93,236,242,97.63,211.10,110.62
3184.515,1,84,106,203,249,82.76,197.99,98.28
3185.055,0,110,92,230,241,97.39,206.78,107.36
3185.119,1,84,107,201,245,80.87,194.74,97.43
3185.711,0,110,93,225,241,96.57,203.52,103.10
3185.786,1,84,106,199,243,80.87,192.76,97.86
3186.357,0,110,95,223,242,95.75,202.59,99.86
3186.437,1,84,106,199,240,79.67,191.11,98.31
3186.976,0,109,96,222,243,95.15,202.55,98.94
3187.040,1,84,105,196,241,81.01,190.32,98.06
3187.635,0,108,95,217,242,95.01,199.31,98.40
3187.714,1,83,105,196,250,84.15,195.31,97.41
3188.218,0,108,96,213,243,95.07,197.46,95.85
3188.295,1,83,105,198,247,82.71,194.70,98.36
3188.898,0,109,97,208,243,95.26,194.34,92.65
3188.979,1,83,104,199,248,83.50,195.80,99.24
3189.551,0,110,97,208,243,95.70,194.18,92.08
3189.640,1,84,105,201,248,83.14,196.55,98.51
3190.139,0,111,96,207,243,96.82,193.61,92.10
3190.217,1,84,105,199,249,83.78,196.09,97.80
3190.821,0,111,96,205,243,96.99,192.49,91.48
3190.904,1,83,105,198,252,84.67,197.34,97.78
3191.472,0,111,96,205,242,96.52,191.91,91.54
3191.552,1,82,105,197,253,84.77,197.53,97.97
3192.061,0,111,97,202,241,95.75,189.51,89.91
3192.142,1,82,105,197,256,85.93,199.08,97.66
3192.745,0,111,97,205,242,95.93,191.76,90.67
3192.821,1,83,105,196,256,86.49,198.43,96.76
3193.397,0,112,96,206,243,97.35,192.89,91.23
3193.476,1,83,106,195,262,88.44,200.91,95.23
3193.986,0,112,96,207,243,97.27,193.45,91.54
3194.062,1,83,107,195,265,89.10,202.36,94.31
3194.666,0,112,96,205,242,96.96,191.74,90.99
3194.746,1,82,108,196,268,89.17,204.45,94.33
3195.337,0,112,97,210,241,95.46,193.81,91.67
3195.412,1,83,109,195,267,88.88,203.25,92.82
3195.926,0,112,96,209,240,95.66,192.81,92.32
3196.003,1,82,109,195,267,88.42,203.40,93.40
3196.609,0,111,96,221,240,94.58,199.88,97.25
3196.686,1,83,109,194,271,90.56,204.70,92.26
3197.206,0,111,95,225,240,95.19,202.46,100.15
3197.281,1,83,108,194,280,94.49,209.02,92.51
3197.861,0,112,95,221,239,95.18,199.31,97.69
3197.951,1,84,109,206,285,94.91,217.41,95.61
3198.482,0,111,95,234,239,94.97,207.47,105.25
3198.554,1,84,108,222,295,97.41,229.99,103.60
3199.139,0,111,95,239,238,94.93,210.18,108.91
3199.217,1,84,108,232,303,99.17,238.16,108.89
3199.799,0,111,95,250,238,97.96,218.96,125.57
3199.874,1,83,108,248,307,98.23,247.05,118.32
3200.406,0,110,94,260,238,100.86,214.68,197.85
3200.483,1,84,108,262,313,98.94,255.18,126.09
3201.079,0,109,95,251,239,101.85,214.59,190.05
3201.143,1,84,107,253,309,99.34,249.84,121.59
3201.669,0,109,95,242,238,94.50,212.44,113.23
3201.746,1,86,107,247,302,99.14,244.83,117.64
3202.347,0,109,95,247,238,95.70,216.27,120.05
3202.436,1,87,107,245,292,96.79,240.15,116.18
3202.964,0,109,95,240,237,93.69,210.40,111.09
3203.050,1,85,107,239,286,94.04,234.66,113.14
3203.643,0,108,95,240,237,93.26,210.47,111.83
3203.719,1,84,108,232,286,93.42,231.19,108.66
3204.248,0,108,95,234,237,92.68,206.49,107.09
3204.323,1,85,109,236,281,91.42,231.08,109.49
3204.899,0,110,93,229,239,95.69,204.77,105.31
3204.978,1,87,109,232,277,91.21,227.11,105.95
3205.566,0,110,92,231,240,96.96,206.81,107.98
3205.638,1,88,109,226,275,91.29,222.90,102.10
3206.158,0,111,93,243,239,97.73,214.18,116.98
3206.238,1,89,109,220,272,91.00,218.11,98.54
3206.830,0,110,93,253,240,103.30,215.49,189.91
3206.900,1,88,111,219,269,88.27,216.03,96.97
3207.486,0,110,93,245,240,104.44,215.66,178.56
3207.567,1,87,111,215,267,87.34,212.97,95.93
3208.111,0,110,93,256,240,102.83,215.90,192.24
3208.188,1,86,111,214,271,88.58,214.60,96.15
3208.706,0,111,93,256,240,103.42,215.50,193.64
3208.781,1,85,111,210,276,90.49,215.09,95.18
3209.375,0,110,93,266,240,101.13,217.70,198.25
3209.453,1,86,111,207,274,90.50,212.41,93.46
3209.971,0,110,93,275,240,99.44,219.59,202.54
3210.052,1,84,110,204,269,88.46,208.66,94.40
3210.643,0,110,94,282,240,97.64,221.17,206.17
3210.717,1,85,111,202,267,87.84,206.42,92.49
3211.298,0,110,93,281,241,98.70,221.75,204.32
3211.377,1,87,110,207,266,88.29,208.30,93.75
3211.902,0,110,92,283,240,98.23,221.36,205.23
3211.963,1,86,109,204,263,87.51,205.39,94.17
3212.551,0,110,92,286,240,97.61,222.05,206.43
3212.635,1,86,109,211,262,86.35,208.50,96.65
3213.218,0,110,92,290,240,96.76,222.97,207.97
3213.286,1,86,109,228,263,85.48,218.02,103.83
3213.835,0,109,92,277,240,98.87,220.29,201.77
3213.899,1,87,108,223,262,86.40,214.80,101.71
3214.488,0,109,91,268,240,100.93,218.37,196.71
3214.569,1,87,108,218,263,87.15,212.66,99.55
3215.160,0,109,91,274,239,99.38,218.79,200.53
3215.236,1,88,108,213,262,87.61,209.38,96.95
3215.775,0,109,92,268,240,100.56,218.40,197.44
3215.848,1,88,107,208,261,88.23,206.29,95.92
3216.444,0,109,92,271,240,100.02,219.01,198.96
3216.520,1,87,106,205,260,88.23,204.41,96.27
3217.034,0,109,92,278,240,98.68,220.51,202.21
3217.110,1,87,106,216,261,87.61,210.68,100.37
3217.708,0,108,92,283,240,97.12,221.88,203.44
3217.770,1,88,106,210,258,87.35,205.83,97.52
3218.367,0,109,92,284,239,97.02,221.05,205.48
3218.441,1,86,107,206,260,87.15,205.00,96.47
3218.955,0,109,91,287,239,96.80,221.71,206.02
3219.021,1,87,107,204,261,88.21,204.35,95.13
3219.633,0,109,91,290,240,96.61,223.18,206.49
3219.709,1,88,107,201,263,89.81,203.68,93.45
3220.289,0,109,90,291,239,96.36,222.60,206.93
3220.365,1,89,107,209,267,91.02,209.80,95.55
3220.885,0,110,90,294,240,96.70,223.83,208.21
3220.961,1,91,107,205,265,91.54,206.39,92.97
3221.560,0,110,90,289,240,97.77,222.67,206.32
3221.641,1,91,108,224,266,89.82,217.11,99.85
3222.147,0,110,91,292,240,96.73,223.40,208.09
3222.225,1,91,108,226,270,91.34,220.26,101.01
3222.811,0,110,91,293,241,96.95,224.41,207.79
3222.898,1,90,108,230,280,94.55,227.35,104.24
3223.431,0,110,91,294,240,96.29,223.87,208.83
3223.506,1,89,107,223,275,93.08,221.27,101.74
3224.090,0,109,92,297,241,95.11,225.61,209.08
3224.154,1,89,109,221,273,91.33,219.15,99.03
3224.742,0,109,92,298,241,94.88,225.85,209.45
3224.807,1,88,109,222,275,91.56,220.75,100.14
3225.349,0,109,92,300,242,94.86,227.07,209.52
3225.425,1,89,109,215,271,91.00,214.92,96.36
3225.996,0,110,92,300,241,94.97,226.08,210.97
3226.078,1,88,110,210,269,89.65,211.29,94.19
3226.662,0,110,92,301,242,95.18,227.08,210.68
3226.736,1,88,110,212,268,89.04,211.84,94.95
3227.276,0,110,92,284,242,98.92,223.19,204.14
3227.353,1,88,109,208,269,90.40,210.29,94.21
3227.936,0,110,91,277,242,100.71,221.62,200.39
3228.005,1,87,109,207,262,87.21,206.28,94.62
3228.605,0,110,90,267,245,104.26,222.12,191.32
3228.678,1,84,108,204,269,89.50,208.75,95.84
3229.214,0,110,91,257,246,106.03,221.90,181.91
3229.291,1,85,108,213,267,88.25,212.29,98.69
3229.880,0,111,91,256,262,110.89,233.23,146.04
3229.960,1,86,107,212,268,89.74,212.22,98.46
3230.464,0,113,92,261,259,111.75,233.12,165.49
3230.542,1,86,107,211,260,86.64,207.58,98.25
3231.146,0,112,92,265,256,109.67,231.07,177.43
3231.226,1,87,106,218,262,87.87,212.25,101.20
3231.797,0,111,92,269,253,107.19,229.18,185.21
3231.883,1,87,106,222,262,87.60,214.38,102.98
3232.386,0,111,93,274,253,105.93,230.03,189.81
3232.465,1,87,105,218,261,88.02,211.79,102.05
3233.068,0,110,94,279,252,103.56,230.41,193.81
3233.147,1,88,104,233,261,88.39,219.82,109.97
3233.667,0,112,94,282,251,103.70,229.65,198.54
3233.736,1,88,105,227,257,86.36,214.40,105.61
3234.319,0,111,93,286,251,102.60,230.59,198.99
3234.400,1,87,105,226,252,83.91,211.21,105.72
3235.000,0,112,93,287,250,102.55,229.76,201.29
3235.088,1,88,105,230,250,83.38,212.18,107.03
3235.588,0,112,92,288,250,102.70,229.88,201.13
3235.675,1,89,104,243,246,82.96,217.33,115.51
3236.257,0,113,93,284,250,103.79,228.90,200.80
3236.336,1,87,104,239,243,80.67,213.33,113.90
3236.865,0,112,92,268,249,106.34,225.34,190.99
3236.940,1,85,104,234,241,78.95,209.48,112.27
3237.520,0,111,93,253,248,107.42,224.36,172.09
3237.591,1,85,104,226,238,77.86,203.42,108.48
3238.191,0,112,93,241,248,102.10,217.89,115.18
3238.264,1,86,104,220,239,78.99,200.81,105.29
3238.789,0,111,93,245,247,101.94,220.24,121.17
3238.851,1,87,104,215,238,79.32,197.55,102.92
3239.439,0,112,93,246,247,102.73,221.00,122.28
3239.518,1,87,103,220,252,85.39,208.17,104.80
3240.112,0,112,94,255,246,106.66,221.20,185.75
3240.187,1,88,103,213,248,84.65,202.21,101.55
3240.711,0,111,96,248,246,99.83,221.43,119.38
3240.797,1,87,104,207,245,83.00,197.52,99.57
3241.393,0,111,96,242,247,99.05,217.56,111.66
3241.468,1,88,104,205,251,86.08,199.65,97.76
3241.990,0,111,96,235,246,97.82,212.23,105.42
3242.059,1,89,104,206,248,85.16,198.37,97.72
3242.675,0,111,96,229,247,98.03,208.99,101.61
3242.751,1,89,105,202,252,86.71,198.41,95.37
3243.268,0,111,95,223,247,98.63,205.44,99.47
3243.348,1,91,104,199,257,90.52,199.29,93.62
3243.923,0,111,96,228,248,98.50,208.95,101.11
3244.003,1,91,105,198,256,89.70,198.16,92.65
3244.613,0,111,96,227,248,98.48,208.33,100.55
3244.687,1,91,104,198,257,90.64,198.77,93.31
3245.194,0,111,94,223,248,99.75,206.17,100.63
3245.275,1,94,103,198,259,93.33,199.41,92.20
3245.859,0,112,93,221,247,100.38,204.41,100.07
3245.923,1,95,105,203,260,92.58,202.28,91.67
3246.533,0,112,94,227,247,99.78,207.95,102.21
3246.607,1,95,105,202,258,91.84,200.68,91.43
3247.115,0,112,94,237,247,100.38,214.42,109.38
3247.185,1,94,104,201,257,91.62,199.87,92.51
3247.774,0,111,95,233,246,98.39,211.10,105.32
3247.841,1,95,105,200,259,92.49,200.15,90.76
3248.444,0,112,94,229,245,98.86,208.03,103.25
3248.525,1,95,104,200,258,92.60,199.71,91.56
3249.036,0,112,95,243,245,99.50,217.26,113.48
3249.118,1,95,105,198,260,93.16,199.60,90.09
3249.715,0,111,94,250,244,101.72,222.61,130.14
3249.792,1,96,105,206,262,93.57,204.81,92.05
3250.302,0,111,95,244,243,98.25,216.86,115.00
3250.397,1,94,105,202,263,93.49,203.47,91.80
3250.987,0,111,94,240,243,98.34,214.18,112.25
3251.062,1,94,105,199,264,94.25,202.37,90.78
3251.637,0,110,93,232,243,97.79,209.08,107.58
3251.716,1,93,104,196,267,95.90,202.52,90.98
3252.227,0,109,94,246,243,98.63,218.65,121.51
3252.316,1,93,104,194,267,96.15,201.45,90.34
3252.901,0,109,94,238,243,97.15,212.92,111.64
3252.971,1,92,104,195,269,96.36,203.13,91.12
3253.505,0,109,95,230,243,95.87,207.58,104.31
3253.579,1,92,104,196,273,97.86,205.62,91.32
3254.148,0,109,95,226,242,95.30,204.51,101.98
3254.268,1,90,103,196,274,97.77,206.42,93.08
3254.855,0,109,95,222,242,95.31,202.11,99.99
3254.933,1,90,104,203,278,98.06,212.00,94.86
3255.437,0,109,94,224,243,96.43,204.06,102.10
3255.521,1,92,104,210,272,95.98,212.64,96.59
3256.100,0,110,94,233,244,97.65,210.16,107.06
3256.186,1,91,104,224,275,95.66,221.73,103.74
3256.769,0,110,93,242,243,98.97,215.84,116.97
3256.848,1,90,104,219,269,93.11,216.18,101.63
3257.356,0,111,92,242,242,99.76,215.42,118.09
3257.422,1,89,105,219,264,90.08,213.70,101.30
3258.005,0,111,93,234,242,97.91,209.71,108.34
3258.100,1,88,104,233,265,89.93,221.84,110.10
3258.672,0,114,94,235,241,98.14,209.32,105.63
3258.752,1,88,105,228,261,87.94,217.06,106.21
3259.261,0,114,93,246,241,100.95,217.64,119.92
3259.342,1,89,104,223,261,89.20,214.34,104.00
3259.928,0,113,92,255,240,105.10,214.54,194.85
3260.023,1,88,105,220,265,89.95,214.83,102.35
3260.608,0,112,93,264,240,102.63,216.62,199.46
3260.672,1,88,104,216,259,88.37,209.65,101.46
3261.199,0,112,92,267,240,102.46,217.24,200.16
3261.275,1,89,104,214,257,88.15,207.43,100.08
3261.849,0,111,92,268,239,101.24,216.91,200.48
3261.955,1,88,104,211,251,85.50,202.74,99.81
3262.470,0,111,92,264,239,101.95,216.07,198.52
3262.545,1,87,105,209,249,83.88,200.66,99.09
3263.137,0,112,93,251,239,104.31,213.29,192.95
3263.212,1,84,105,206,247,82.16,198.48,100.17
3263.786,0,113,94,265,239,102.17,215.56,202.75
3263.888,1,82,105,205,243,79.89,196.09,101.59
3264.393,0,112,93,255,238,103.20,212.97,196.73
3264.468,1,83,104,203,241,80.26,193.95,101.36
3265.058,0,112,93,260,238,102.37,213.97,199.40
3265.137,1,83,104,203,243,81.05,195.05,101.08
3265.726,0,112,93,260,239,102.85,214.89,198.40
3265.807,1,84,103,199,243,82.46,193.03,100.00
3266.313,0,112,93,252,238,103.67,212.43,194.93
3266.386,1,84,103,199,246,83.65,194.65,99.60
3266.965,0,112,93,259,239,103.02,214.69,197.87
3267.044,1,83,102,200,250,85.20,197.48,100.76
3267.630,0,112,92,266,239,102.17,216.15,200.59
3267.709,1,82,103,201,254,85.70,200.14,100.55
3268.232,0,111,92,263,239,102.13,215.87,198.01
3268.297,1,81,103,199,252,84.74,198.27,100.70
3268.886,0,111,93,259,240,102.92,216.01,195.54
3268.962,1,82,103,198,250,84.51,196.59,100.01
3269.557,0,112,93,263,240,102.81,216.41,198.96
3269.651,1,84,102,197,250,85.98,195.85,99.22
3270.161,0,111,92,252,240,104.39,214.96,189.72
3270.236,1,85,102,205,250,85.49,199.69,101.20
3270.822,0,111,93,252,240,104.05,214.93,190.69
3270.895,1,85,102,205,254,87.08,201.80,100.86
3271.479,0,111,93,256,241,103.89,216.49,192.34
3271.576,1,84,102,204,257,87.92,202.97,100.88
3272.080,0,112,93,266,241,102.74,217.92,199.49
3272.155,1,84,102,206,257,87.72,203.98,101.60
3272.744,0,112,92,274,241,101.61,219.60,202.51
3272.818,1,84,102,209,255,86.66,204.47,102.85
3273.402,0,111,92,273,241,101.23,219.69,201.07
3273.492,1,84,102,206,256,87.33,203.47,101.67
3274.000,0,111,92,269,241,101.98,218.85,199.15
3274.082,1,84,103,205,256,86.91,202.91,100.56
3274.663,0,112,93,271,240,101.34,218.11,202.75
3274.743,1,84,103,204,255,86.62,201.89,100.28
3275.314,0,111,93,274,239,99.73,218.23,203.89
3275.409,1,85,102,202,255,87.79,200.80,99.74
3275.918,0,111,93,278,239,98.95,219.14,205.55
3275.999,1,85,102,201,257,88.68,201.33,99.24
3276.586,0,110,92,277,239,98.98,219.19,203.51
3276.664,1,85,102,202,258,88.96,202.35,99.51
3277.245,0,110,92,273,240,100.21,219.14,200.93
3277.336,1,84,101,211,257,87.79,206.56,104.29
3277.837,0,109,91,268,239,100.48,217.52,197.63
3277.905,1,85,102,208,254,86.79,203.32,101.94
3278.499,0,110,91,274,239,99.94,218.50,201.51
3278.571,1,85,104,208,253,85.32,202.66,100.47
3279.155,0,110,92,272,238,99.48,217.24,202.13
3279.239,1,87,104,209,251,85.26,201.84,99.73
3279.756,0,110,92,265,238,100.74,215.72,198.85
3279.825,1,87,104,207,250,85.05,200.27,99.12
3280.422,0,110,91,258,238,102.28,214.34,194.23
3280.498,1,86,104,226,250,83.26,210.26,107.32
3281.081,0,111,91,262,238,102.20,214.77,197.67
3281.173,1,86,104,223,247,82.16,206.99,106.03
3281.685,0,110,92,254,238,102.55,213.64,192.50
3281.762,1,85,104,219,245,81.16,203.88,105.12
3282.348,0,110,93,245,239,103.97,214.06,182.46
3282.423,1,84,104,216,243,80.16,201.34,104.78
3283.011,0,109,94,239,239,95.33,211.19,112.07
3283.106,1,85,105,227,241,78.46,205.62,107.78
3283.613,0,109,95,242,240,95.50,213.69,113.55
3283.687,1,85,105,233,239,77.45,207.61,110.71
3284.274,0,109,95,248,241,97.48,218.89,122.53
3284.342,1,86,105,240,240,78.34,212.04,114.01
3284.922,0,109,100,253,244,95.89,223.34,119.69
3285.027,1,87,105,232,238,77.78,206.28,108.79
3285.541,0,110,100,253,246,97.31,224.49,119.45
3285.617,1,87,105,228,236,77.01,202.90,107.06
3286.202,0,111,100,245,247,96.34,218.84,108.04
3286.278,1,91,105,221,236,78.86,198.71,101.57
3286.792,0,112,101,238,246,94.79,213.11,100.13
3286.867,1,89,106,218,233,76.41,195.48,101.39
3287.471,0,111,100,233,247,95.37,210.80,99.12
3287.548,1,88,106,214,231,75.58,192.44,101.18
3288.132,0,110,99,227,247,95.53,207.35,97.68
3288.207,1,87,106,209,230,75.37,189.60,100.66
3288.712,0,109,99,223,246,94.65,204.46,96.34
3288.790,1,87,105,205,230,76.46,187.83,100.40
3289.394,0,109,99,217,245,94.39,200.34,93.87
3289.468,1,87,105,203,230,76.72,186.89,99.90
3290.050,0,108,99,217,245,93.95,200.48,94.46
3290.123,1,87,104,201,230,77.56,186.07,100.14
3290.629,0,108,99,229,245,93.66,207.59,99.78
3290.701,1,86,104,198,229,77.23,184.29,100.26
3291.303,0,108,98,247,246,96.46,220.30,115.74
3291.379,1,86,103,197,239,81.91,189.53,98.82
3291.960,0,108,96,242,246,97.15,217.11,113.45
3292.036,1,85,104,197,250,85.36,195.55,97.20
3292.547,0,109,97,236,245,95.76,212.26,105.93
3292.620,1,85,104,197,245,83.38,192.88,97.82
3293.217,0,109,97,230,245,95.48,208.45,102.04
3293.292,1,85,103,197,241,82.32,190.80,99.12
3293.880,0,109,97,226,245,95.44,205.99,99.87
3293.954,1,86,104,197,237,80.58,188.32,98.44
3294.466,0,108,96,223,245,95.66,204.45,100.08
3294.540,1,85,103,196,237,80.87,188.13,99.51
3295.136,0,109,97,221,245,95.50,203.00,97.49
3295.214,1,86,103,195,238,81.79,188.02,98.46
3295.801,0,108,96,222,245,95.67,203.86,99.60
3295.876,1,86,103,194,246,85.11,191.86,96.95
3296.386,0,109,95,235,245,97.11,211.96,107.92
3296.458,1,85,104,193,246,84.32,191.46,96.58
3297.061,0,109,95,251,245,100.59,223.67,131.14
3297.141,1,83,103,193,243,82.87,190.31,98.93
3297.719,0,109,94,258,244,103.43,220.54,187.40
3297.794,1,83,102,193,255,88.00,196.60,98.02
3298.366,0,109,94,261,244,102.92,220.88,190.02
3298.463,1,83,102,193,252,86.85,195.08,98.36
3298.970,0,111,92,263,245,104.89,221.32,191.28
3299.036,1,81,103,193,259,88.16,198.87,98.07
3299.636,0,112,92,270,246,104.65,223.07,195.76
3299.707,1,78,103,193,260,87.22,199.80,99.71
3300.229,0,112,92,272,247,104.71,224.29,195.84
3300.307,1,79,103,195,252,84.41,196.62,100.64
3300.905,0,112,91,277,247,104.07,225.17,197.85
3300.979,1,78,103,195,256,85.48,198.79,100.77
3301.558,0,113,93,278,247,103.74,225.23,200.70
3301.640,1,77,102,193,259,86.90,199.48,101.05
3302.155,0,115,92,268,248,107.72,223.52,195.74
3302.229,1,77,103,192,253,84.34,196.00,100.79
3302.833,0,115,92,262,248,108.84,222.59,191.78
3302.908,1,77,104,191,251,83.26,194.47,100.11
3303.490,0,115,90,255,247,110.23,220.77,185.47
3303.564,1,76,104,192,261,86.36,200.06,99.79
3304.076,0,114,91,253,246,109.16,220.12,184.21
3304.151,1,78,104,205,261,85.67,206.12,103.02
3304.745,0,114,92,241,246,102.91,216.87,115.42
3304.818,1,79,105,203,266,87.69,207.46,100.67
3305.399,0,115,93,245,245,103.05,219.10,118.26
3305.466,1,80,104,203,262,87.15,205.40,101.05
3305.986,0,114,92,258,243,106.63,217.56,194.37
3306.064,1,79,104,205,257,84.61,203.99,102.74
3306.673,0,113,92,263,243,105.16,218.80,196.16
3306.751,1,82,103,206,250,83.61,200.52,102.62
3307.337,0,113,93,254,243,106.36,217.41,190.93
3307.411,1,82,104,203,246,81.84,196.84,101.33
3307.922,0,113,92,250,243,107.32,217.14,185.95
3307.997,1,83,104,201,243,81.29,194.08,100.48
3308.592,0,113,92,239,242,100.16,213.17,113.12
3308.668,1,84,104,200,242,81.41,192.89,99.71
3309.186,0,113,93,235,242,98.92,210.22,107.85
3309.254,1,85,104,201,240,80.87,192.10,99.66
3309.842,0,112,91,240,242,100.61,214.12,116.72
3309.912,1,84,105,203,247,82.50,196.99,99.23
3310.515,0,112,91,244,242,101.57,217.13,122.80
3310.586,1,85,107,207,247,81.35,198.65,98.34
3311.105,0,111,92,250,241,105.16,215.88,186.03
3311.173,1,85,107,203,246,81.41,196.11,97.25
3311.762,0,111,91,242,240,99.62,214.47,119.91
3311.842,1,85,108,201,242,79.50,192.80,96.49
3312.437,0,110,90,236,239,98.35,209.83,115.02
3312.510,1,85,108,200,240,78.82,191.20,96.52
3313.096,0,110,90,231,239,97.84,206.53,110.65
3313.159,1,83,109,199,241,78.07,191.54,96.69
3313.677,0,110,90,225,239,97.55,202.78,106.61
3313.748,1,83,108,201,239,77.53,191.49,98.22
3314.348,0,110,89,234,239,98.81,208.65,114.67
3314.416,1,84,108,199,238,77.78,189.79,97.23
3315.001,0,109,89,227,239,97.81,204.24,109.74
3315.064,1,83,107,198,240,78.89,190.72,97.98
3315.590,0,109,89,227,240,98.29,204.83,109.77
3315.653,1,84,106,197,238,79.15,189.05,98.12
3316.260,0,109,89,223,241,98.63,202.97,107.25
3316.339,1,84,105,197,238,79.69,189.15,98.81
3316.923,0,108,89,220,241,98.15,201.27,106.14
3316.988,1,84,105,196,237,79.43,188.12,98.73
3317.506,0,109,90,215,241,98.08,198.12,102.03
3317.579,1,84,105,196,235,78.65,187.02,99.10
3318.168,0,109,89,212,240,98.31,195.94,101.77
3318.252,1,84,105,195,234,78.40,185.99,99.05
3318.820,0,108,90,210,241,97.84,195.39,100.49
3318.907,1,85,105,194,233,78.52,184.77,98.39
3319.489,0,109,91,210,241,97.71,195.13,98.97
3319.586,1,84,105,194,234,78.55,185.53,98.81
3320.101,0,109,90,209,241,98.34,194.69,99.53
3320.172,1,83,105,194,234,78.18,185.72,99.43
3320.758,0,110,91,205,242,98.95,192.75,96.54
3320.844,1,82,106,194,233,76.91,185.27,99.59
3321.350,0,109,91,202,242,98.73,191.23,96.07
3321.428,1,84,105,194,232,77.77,184.42,99.22
3322.032,0,109,93,202,243,98.08,191.55,94.25
3322.093,1,84,105,194,232,77.77,184.42,99.22
3322.687,0,110,93,201,243,98.62,190.83,93.41
3322.759,1,84,105,195,231,77.22,184.32,99.67
3323.267,0,110,92,201,243,99.18,190.96,94.27
3323.347,1,85,107,196,229,75.54,183.21,98.34
3323.938,0,111,92,202,243,99.54,191.35,94.05
3324.017,1,86,107,196,227,75.08,181.86,98.16
3324.586,0,111,92,202,243,99.54,191.35,94.05
3324.665,1,86,107,197,227,74.92,182.31,98.37
3325.241,0,112,92,203,243,99.91,191.76,93.83
3325.339,1,85,107,199,228,74.67,184.01,99.23
3325.852,0,111,92,203,243,99.46,191.91,94.37
3325.925,1,86,108,199,229,74.86,184.25,97.66
3326.512,0,111,91,204,243,99.94,192.60,95.59
3326.588,1,87,108,198,232,76.59,185.31,96.17
3327.158,0,111,91,204,242,99.47,192.03,95.65
3327.253,1,88,108,196,233,77.67,184.73,94.90
3327.762,0,110,89,205,242,100.07,192.99,98.36
3327.845,1,87,108,195,235,78.28,185.60,94.92
3328.423,0,110,89,205,242,100.07,192.99,98.36
3328.491,1,86,108,194,237,78.88,186.45,94.94
3329.086,0,110,89,206,243,100.46,194.11,98.67
3329.179,1,85,108,193,237,78.66,186.19,95.34
3329.682,0,109,89,205,242,99.61,193.13,98.90
3329.747,1,84,108,199,237,77.38,189.23,97.40
3330.336,0,109,90,205,242,99.06,193.01,97.99
3330.401,1,84,107,199,239,78.73,190.45,97.76
3330.976,0,109,91,202,242,98.73,191.23,96.07
3331.073,1,84,107,200,238,78.19,190.37,98.18
3331.584,0,109,92,203,242,98.09,191.66,95.52
3331.655,1,84,106,197,238,79.15,189.05,98.12
3332.229,0,111,92,200,242,99.26,189.68,93.51
3332.296,1,86,105,197,238,80.44,188.77,97.56
3332.897,0,114,92,199,242,100.71,188.62,91.64
3332.990,1,85,104,196,238,80.74,188.59,98.63
3333.573,0,114,93,195,242,100.58,186.25,89.71
3333.636,1,84,103,197,239,81.15,189.89,100.05
3334.161,0,112,93,208,241,98.01,193.29,94.69
3334.239,1,84,103,198,239,81.01,190.37,100.33
3334.824,0,112,94,219,242,97.35,200.12,97.91
3334.904,1,84,104,197,238,80.22,189.25,99.52
3335.414,0,113,95,226,242,97.09,204.07,99.53
3335.492,1,83,104,219,238,77.51,200.09,107.04
3336.081,0,113,96,236,242,96.80,210.28,104.31
3336.156,1,83,105,215,239,77.65,198.58,104.66
3336.738,0,112,96,243,241,96.69,214.59,110.86
3336.836,1,82,105,233,240,76.72,208.45,112.83
3337.349,0,113,97,250,241,98.05,219.79,117.71
3337.415,1,84,104,235,241,78.56,210.09,113.55
3337.988,0,112,98,256,241,102.67,215.87,198.31
3338.074,1,84,104,238,240,78.18,211.15,115.39
3338.656,0,111,99,259,241,101.18,216.79,199.57
3338.752,1,84,105,245,240,77.83,215.03,119.20
3339.324,0,111,97,261,241,101.58,217.25,198.94
3339.408,1,84,104,247,240,78.73,216.34,122.46
3339.913,0,112,97,267,241,101.04,218.08,203.09
3339.998,1,82,103,240,246,80.45,215.84,119.20
3340.586,0,111,97,258,243,103.10,218.72,194.66
3340.680,1,84,103,233,248,82.04,213.09,113.33
3341.195,0,110,97,249,243,104.04,218.79,183.22
3341.256,1,84,102,227,247,82.35,209.41,111.09
3341.859,0,110,97,262,242,101.31,218.77,197.12
3341.924,1,84,103,219,244,80.94,203.52,106.71
3342.516,0,111,96,261,242,102.44,218.23,196.96
3342.606,1,84,104,217,241,79.27,200.70,105.33
3343.114,0,110,97,265,241,100.28,218.39,199.86
3343.186,1,86,104,214,241,80.28,198.93,102.93
3343.765,0,111,98,270,242,99.98,219.96,203.22
3343.835,1,86,104,210,244,81.89,198.62,101.28
3344.417,0,110,97,276,240,97.66,219.83,205.80
3344.497,1,86,104,207,247,83.41,198.78,100.00
3345.025,0,109,97,278,240,96.70,220.59,205.66
3345.088,1,85,104,207,247,83.01,198.92,100.63
3345.684,0,109,97,280,239,95.82,220.19,207.24
3345.761,1,84,105,205,246,81.87,197.44,99.96
3346.350,0,108,98,274,238,95.60,218.27,205.31
3346.445,1,83,105,203,246,81.70,196.61,99.97
3346.951,0,109,99,277,238,95.12,218.62,208.21
3347.020,1,83,104,204,244,81.33,196.09,101.26
3347.618,0,109,99,274,239,96.22,218.81,206.23
3347.695,1,85,105,203,246,82.50,196.29,98.72
3348.276,0,110,100,270,239,97.15,217.54,206.33
3348.368,1,84,105,202,245,81.82,195.41,99.17
3348.876,0,110,101,268,239,97.13,217.05,206.26
3348.941,1,84,105,202,244,81.42,194.87,99.29
3349.536,0,109,100,258,239,98.84,215.38,199.53
3349.611,1,84,105,217,243,79.51,201.75,104.31
3350.196,0,109,99,248,238,100.37,212.79,193.37
3350.290,1,83,106,220,243,78.30,203.29,105.25
3350.797,0,109,98,242,239,92.57,212.32,108.28
3350.876,1,82,106,222,244,78.19,204.99,106.64
3351.458,0,109,97,238,238,92.41,209.21,106.49
3351.530,1,83,107,217,247,79.58,203.95,103.01
3352.119,0,109,97,247,239,94.35,216.27,115.54
3352.212,1,83,107,222,248,79.63,207.07,104.88
3352.728,0,109,95,256,238,100.58,214.28,195.09
3352.804,1,85,106,216,252,83.09,206.07,101.88
3353.389,0,108,95,260,238,99.35,215.39,196.21
3353.463,1,85,106,212,256,85.05,206.17,100.18
3354.036,0,108,95,266,239,98.77,217.47,198.50
3354.136,1,86,107,219,255,83.94,209.08,101.49
3354.652,0,108,95,258,239,100.16,215.99,193.84
3354.728,1,86,107,217,259,85.72,210.19,100.60
3355.302,0,108,95,252,238,100.63,214.10,190.75
3355.392,1,86,107,221,257,84.62,211.22,102.29
3355.968,0,109,94,244,239,103.16,215.30,176.90
3356.065,1,86,108,226,254,82.51,212.15,103.62
3356.578,0,109,94,239,239,95.33,211.19,112.07
3356.652,1,85,108,231,253,81.46,214.36,106.63
3357.225,0,109,94,249,239,98.13,219.02,128.46
3357.310,1,86,108,244,252,81.46,220.99,113.67
3357.893,0,110,95,258,240,101.79,216.18,195.33
3357.994,1,86,108,235,252,81.38,215.92,108.03
3358.495,0,110,94,266,240,100.75,217.70,199.01
3358.573,1,86,108,249,251,81.32,223.37,117.58
3359.165,0,109,95,273,240,98.49,219.48,202.07
3359.239,1,87,108,260,249,82.65,229.26,130.71
3359.755,0,109,95,286,240,95.84,222.38,207.51
3359.832,1,86,107,258,246,81.46,226.40,130.10
3360.440,0,109,95,272,239,98.22,218.41,202.47
3360.510,1,87,108,245,248,80.27,219.27,113.41
3361.025,0,108,97,260,239,99.08,216.29,196.79
3361.096,1,86,108,236,247,79.26,213.59,108.40
3361.687,0,108,98,250,238,99.86,213.65,192.16
3361.761,1,87,108,229,246,79.39,209.08,104.27
3362.372,0,110,96,241,239,94.48,212.05,109.94
3362.442,1,87,107,222,247,80.82,206.06,102.25
3362.952,0,110,97,234,240,93.58,207.78,103.34
3363.038,1,86,107,214,244,79.79,200.33,100.20
3363.618,0,110,96,233,239,93.75,206.72,103.92
3363.693,1,86,107,207,241,79.27,195.11,98.36
3364.225,0,110,95,228,240,94.79,204.40,102.33
3364.297,1,85,106,205,240,79.28,193.84,99.32
3364.886,0,110,96,223,241,94.60,201.81,98.75
3364.965,1,88,106,204,238,79.71,191.69,97.39
3365.536,0,110,95,220,241,95.31,200.20,98.48
3365.615,1,89,105,202,237,80.49,190.08,97.13
3366.138,0,110,96,216,241,94.83,197.71,95.84
3366.219,1,90,106,199,239,81.55,189.43,94.70
3366.819,0,110,94,215,242,96.59,198.03,97.41
3366.897,1,90,106,198,237,80.86,187.81,94.77
3367.494,0,110,93,224,241,96.56,202.91,102.57
3367.569,1,89,106,197,238,81.04,188.09,94.99
3368.100,0,110,93,221,241,96.57,201.11,101.06
3368.163,1,89,106,217,238,78.69,198.02,100.54
3368.754,0,110,93,233,241,96.89,208.53,108.13
3368.836,1,89,108,211,236,77.22,193.53,97.36
3369.349,0,110,92,241,241,98.61,214.15,117.33
3369.426,1,87,108,207,236,76.98,191.92,97.63
3370.022,0,109,91,236,241,98.12,210.90,114.24
3370.097,1,87,108,205,234,76.40,189.79,97.44
3370.686,0,109,92,231,241,96.99,207.49,108.68
3370.760,1,88,108,202,236,78.01,189.32,95.73
3371.273,0,109,91,227,241,97.47,205.14,107.28
3371.346,1,88,107,199,252,85.58,196.86,93.62
3371.950,0,109,92,224,240,96.28,202.57,104.30
3372.015,1,87,107,196,249,84.35,193.91,93.71
3372.611,0,109,93,219,241,96.15,200.04,100.73
3372.686,1,88,108,196,245,82.59,191.45,92.91
3373.202,0,111,92,218,240,97.21,198.77,100.16
3373.280,1,88,108,195,241,81.10,188.75,93.25
3373.886,0,111,92,225,240,97.18,202.97,103.63
3373.967,1,89,108,194,245,83.28,190.27,91.81
3374.484,0,111,93,236,241,97.61,210.43,109.85
3374.546,1,88,108,194,241,81.25,188.27,93.02
3375.150,0,111,92,247,241,100.91,218.87,127.67
3375.226,1,87,109,194,237,78.71,186.13,93.64
3375.737,0,110,92,243,241,99.05,215.62,120.11
3375.818,1,87,109,191,235,78.40,183.59,93.38
3376.403,0,109,93,237,241,96.80,211.24,112.05
3376.477,1,86,109,193,234,77.30,184.19,94.63
3377.057,0,109,93,247,240,98.54,218.04,125.97
3377.136,1,85,109,191,234,77.27,183.47,94.83
3377.721,0,110,94,249,240,98.99,219.55,127.49
3377.799,1,85,109,213,238,75.80,196.25,99.58
3378.316,0,110,93,252,240,103.46,215.38,189.04
3378.390,1,85,109,217,240,76.25,199.41,100.58
3378.980,0,110,93,258,240,102.51,216.21,193.61
3379.052,1,85,108,212,239,76.92,196.47,99.95
3379.646,0,109,93,260,240,101.59,216.92,193.60
3379.720,1,85,107,207,239,78.07,194.13,99.27
3380.247,0,109,95,264,241,100.64,218.56,196.53
3380.311,1,85,106,203,243,80.74,194.54,98.35
3380.905,0,109,94,268,240,99.82,218.43,198.93
3380.980,1,84,106,199,247,82.46,194.94,97.33
3381.506,0,109,94,271,241,99.72,219.91,199.50
3381.586,1,83,106,198,257,86.11,199.87,96.58
3382.169,0,109,94,262,240,100.89,217.27,195.65
3382.249,1,85,105,195,262,89.83,200.66,94.76
3382.823,0,109,92,252,240,103.20,215.85,186.32
3382.903,1,84,104,195,255,87.16,197.32,96.66
3383.427,0,109,93,259,241,102.23,217.70,191.70
3383.491,1,86,104,214,255,86.02,206.69,101.98
3384.083,0,111,93,251,241,104.68,215.91,188.15
3384.145,1,84,103,210,252,84.85,203.34,102.65
3384.736,0,111,93,258,242,104.03,217.77,192.44
3384.815,1,88,103,211,247,84.41,200.62,100.90
3385.348,0,111,93,261,241,103.05,217.31,195.61
3385.412,1,90,104,209,245,84.00,198.09,98.32
3386.009,0,111,93,264,241,102.53,217.87,197.32
3386.077,1,87,104,206,240,81.05,194.21,99.84
3386.665,0,111,94,266,241,101.80,218.26,199.16
3386.745,1,88,104,205,239,81.13,192.99,99.04
3387.278,0,111,93,268,241,101.80,218.66,199.40
3387.344,1,87,105,203,237,79.61,190.93,98.66
3387.940,0,111,93,272,241,101.05,219.49,201.33
3388.016,1,88,106,199,237,79.96,188.69,96.27
3388.614,0,110,94,272,242,100.56,220.68,200.12
3388.691,1,87,106,219,244,80.35,202.86,102.12
3389.224,0,109,95,261,243,102.11,219.95,192.21
3389.298,1,89,105,216,243,81.54,200.58,100.65
3389.879,0,109,94,262,244,102.75,221.01,190.79
3389.958,1,88,104,212,242,81.66,198.21,100.85
3390.473,0,111,95,264,243,102.74,219.72,196.74
3390.549,1,87,104,213,247,83.26,201.69,101.42
3391.148,0,111,93,268,242,102.26,219.54,198.43
3391.224,1,86,105,207,247,82.86,198.69,99.23
3391.810,0,110,92,271,241,101.04,219.57,199.10
3391.887,1,86,105,214,248,82.60,202.79,101.53
3392.407,0,110,92,271,241,101.04,219.57,199.10
3392.478,1,88,104,211,249,84.67,201.64,99.94
3393.086,0,110,92,270,240,100.77,218.50,199.51
3393.161,1,88,104,206,250,85.57,199.62,98.17
3393.658,0,110,92,271,240,100.58,218.72,199.99
3393.744,1,88,104,210,251,85.59,202.22,99.46
3394.339,0,109,93,272,241,99.91,220.10,199.27
3394.400,1,90,103,208,256,89.24,203.69,98.05
3394.944,0,109,92,276,242,99.97,221.73,199.63
3395.019,1,89,102,206,250,87.08,199.64,99.12
3395.594,0,109,93,281,242,98.59,222.84,202.60
3395.673,1,88,103,204,249,85.92,198.14,98.37
3396.259,0,109,93,283,243,98.62,224.08,202.67
3396.339,1,87,102,201,248,85.96,196.32,98.88
3396.932,0,110,93,284,243,98.98,224.04,204.01
3397.003,1,87,102,198,248,86.32,194.82,97.97
3397.514,0,109,94,284,242,97.58,223.53,204.55
3397.586,1,86,102,197,246,85.23,193.42,98.51
3398.178,0,109,93,281,242,98.59,222.84,202.60
3398.256,1,86,102,198,249,86.30,195.51,98.45
3398.786,0,109,94,283,241,97.33,222.49,204.91
3398.857,1,86,102,197,248,86.03,194.48,98.26
3399.443,0,110,92,286,241,98.06,222.84,205.71
3399.531,1,85,103,216,248,83.17,204.11,104.59
3400.122,0,111,92,290,242,98.20,224.29,207.41
3400.186,1,85,103,233,254,84.84,216.31,112.66
3400.733,0,111,91,292,242,98.17,224.71,207.55
3400.804,1,86,103,227,259,87.41,215.68,108.70
3401.390,0,110,90,293,241,97.35,224.36,207.17
3401.469,1,86,102,220,256,87.12,210.46,106.18
3401.986,0,110,92,287,240,97.40,222.28,206.82
3402.055,1,85,102,213,256,87.15,206.92,103.76
3402.661,0,110,92,285,240,97.82,221.82,206.04
3402.735,1,84,102,212,253,85.61,204.94,104.14
3403.311,0,109,91,286,239,97.01,221.48,205.62
3403.386,1,83,102,208,251,84.75,201.98,103.39
3403.961,0,109,91,280,239,98.22,220.12,203.17
3404.050,1,84,102,205,249,84.68,199.29,101.91
3404.568,0,109,90,278,238,98.55,218.83,202.40
3404.645,1,85,101,203,250,86.23,198.75,101.28
3405.233,0,110,89,280,238,99.10,218.99,203.48
3405.302,1,85,101,207,249,85.43,200.23,102.76
3405.886,0,110,90,281,238,98.52,219.25,204.55
3405.963,1,84,102,206,248,84.18,199.25,102.35
3406.494,0,110,90,281,239,98.97,220.05,203.83
3406.565,1,83,103,204,249,83.84,198.86,101.43
3407.152,0,110,89,281,238,98.90,219.22,203.89
3407.229,1,83,103,200,248,83.90,196.36,100.26
3407.748,0,110,88,278,238,99.87,218.50,201.98
3407.819,1,84,104,198,248,84.04,195.15,98.33
3408.439,0,109,89,277,238,99.12,218.57,201.30
3408.513,1,84,103,196,246,84.03,193.18,98.72
3409.027,0,110,91,277,239,99.37,219.17,202.82
3409.100,1,84,102,195,245,84.28,192.24,99.27
3409.683,0,109,91,275,239,99.19,219.01,200.99
3409.756,1,84,102,194,245,84.42,191.75,98.99
3410.354,0,109,91,275,239,99.19,219.01,200.99
3410.436,1,84,102,194,245,84.42,191.75,98.99
3410.942,0,109,90,277,239,99.19,219.41,201.20
3411.022,1,84,102,194,245,84.42,191.75,98.99
3411.610,0,109,89,278,240,99.81,220.39,200.20
3411.686,1,84,102,202,244,83.03,195.12,101.50
3412.290,0,109,90,281,240,98.85,221.10,202.18
3412.364,1,84,102,203,244,82.92,195.61,101.81
3412.864,0,109,92,283,240,97.67,221.63,204.34
3412.951,1,83,102,202,245,83.02,195.81,101.99
3413.545,0,110,93,276,240,99.25,219.81,202.98
3413.618,1,83,102,198,246,83.89,194.39,100.62
3414.151,0,110,93,271,240,100.21,218.73,200.72
3414.227,1,84,102,204,244,82.81,196.10,102.13
3414.819,0,109,93,259,240,101.76,216.75,192.94
3414.894,1,83,102,201,242,81.96,193.70,102.08
3415.481,0,109,92,247,240,103.87,215.96,178.86
3415.558,1,84,104,199,240,80.74,191.31,99.73
3416.099,0,109,91,234,240,97.43,208.99,112.35
3416.176,1,84,104,200,240,80.62,191.79,100.01
3416.762,0,108,91,224,239,95.99,202.22,106.07
3416.837,1,84,104,199,239,80.35,190.75,99.89
3417.352,0,108,92,236,241,96.95,210.80,113.35
3417.426,1,84,103,214,238,78.86,197.58,105.41
3418.024,0,109,92,243,241,98.58,215.64,120.83
3418.101,1,84,103,211,237,78.73,195.53,104.53
3418.686,0,109,92,236,240,96.93,210.14,112.59
3418.762,1,84,104,209,235,77.54,193.30,103.40
3419.283,0,109,92,230,241,96.93,206.86,107.98
3419.356,1,85,103,207,242,81.54,196.24,101.94
3419.963,0,110,91,224,242,98.32,203.80,104.91
3420.042,1,84,102,203,239,80.93,192.87,102.50
3420.555,0,109,90,217,241,98.03,199.28,102.96
3420.636,1,84,103,202,242,81.70,193.95,101.03
3421.229,0,109,91,227,241,97.47,205.14,107.28
3421.300,1,84,103,199,238,80.49,190.30,100.77
3421.822,0,109,91,234,241,97.91,209.58,112.42
3421.901,1,85,104,196,236,79.95,187.48,98.99
3422.489,1,85,105,195,233,78.37,185.24,98.63
3423.138,0,109,93,225,241,96.12,203.62,103.71
3423.228,1,86,105,197,242,82.05,190.98,96.93
3423.764,0,110,93,235,241,97.05,209.84,109.68
3423.837,1,87,105,196,236,80.16,186.99,97.04
3424.419,0,109,94,244,241,97.19,215.98,118.09
3424.499,1,87,104,194,234,80.18,185.03,97.64
3425.086,0,109,93,244,242,98.47,216.77,120.34
3425.162,1,86,104,205,232,77.50,189.31,101.44
3425.686,0,109,95,247,242,97.60,218.64,120.75
3425.765,1,85,104,209,243,81.18,197.70,101.70
3426.351,0,109,95,247,242,97.60,218.64,120.75
3426.436,1,86,104,208,243,81.68,197.06,100.73
3426.952,0,110,94,251,242,104.22,217.53,185.29
3427.016,1,86,104,207,245,82.60,197.67,100.20
3427.620,0,110,93,256,241,103.30,216.89,190.88
3427.700,1,85,104,211,245,81.80,199.82,102.16
3428.280,0,110,93,258,241,102.98,217.18,192.36
3428.364,1,84,103,210,245,82.06,199.54,103.25
3428.878,0,110,94,258,240,102.15,216.20,194.47
3428.941,1,84,103,206,247,83.25,198.64,101.69
3429.553,0,110,95,269,239,99.35,217.44,202.14
3429.624,1,85,104,203,247,83.44,196.92,99.35
3430.197,0,109,94,277,239,97.64,219.50,203.94
3430.276,1,85,104,200,246,83.40,194.90,98.56
3430.786,0,110,93,282,239,97.58,220.34,206.23
3430.863,1,86,103,198,247,84.98,194.37,97.96
3431.467,0,110,92,278,239,98.78,219.41,203.93
3431.545,1,84,102,197,248,85.20,194.80,99.46
3432.052,0,110,91,272,239,100.32,218.07,200.60
3432.141,1,83,102,195,248,85.04,193.99,99.46
3432.720,0,111,90,267,239,102.16,216.68,198.51
3432.799,1,84,102,195,249,85.84,194.35,98.74
3433.401,0,111,90,258,239,103.67,214.91,193.56
3433.487,1,84,102,194,246,84.81,192.28,98.85
3433.990,0,111,90,256,240,104.45,215.51,191.03
3434.068,1,86,102,193,246,85.76,191.45,97.38
3434.655,0,110,89,249,240,105.17,215.23,181.63
3434.736,1,86,101,192,243,85.22,189.45,98.24
3435.262,0,109,88,257,240,103.77,216.30,187.38
3435.338,1,84,101,194,242,83.76,190.24,100.15
3435.926,0,110,89,249,240,105.17,215.23,181.63
3435.990,1,84,102,193,241,83.00,189.14,99.34
3436.586,0,110,88,247,241,106.07,216.60,173.63
3436.654,1,84,103,193,240,82.09,188.52,98.82
3437.194,0,110,89,251,242,105.78,217.43,180.18
3437.270,1,85,103,195,240,82.20,189.30,98.73
3437.841,0,110,89,254,242,105.37,217.56,183.98
3437.920,1,85,103,194,241,82.73,189.36,98.31
3438.505,0,110,90,254,243,105.50,218.63,183.07
3438.586,1,84,104,194,240,81.43,188.91,98.39
3439.121,0,109,90,258,242,103.85,218.40,187.10
3439.204,1,84,104,193,239,81.18,187.89,98.30
3439.790,0,109,90,258,241,103.41,217.46,188.47
3439.867,1,84,105,193,238,80.27,187.25,97.80
3440.384,0,110,90,252,241,104.90,216.44,184.42
3440.454,1,84,104,194,238,80.65,187.82,98.74
3441.071,0,110,90,251,242,105.48,217.49,181.12
3441.144,1,86,104,194,237,81.01,186.89,97.69
3441.723,0,110,91,260,241,103.34,217.46,192.08
3441.800,1,86,103,194,237,81.54,186.99,98.38
3442.306,0,110,91,267,241,102.14,218.73,196.29
3442.387,1,85,104,194,235,79.84,185.98,98.68
3442.989,0,110,91,271,241,101.41,219.54,198.38
3443.054,1,86,103,195,234,80.20,185.81,99.20
3443.642,0,110,91,258,239,102.74,215.27,193.11
3443.721,1,86,103,195,235,80.60,186.37,99.01
3444.217,0,110,90,255,240,104.01,215.75,188.84
3444.295,1,86,103,194,238,81.93,187.54,98.20
3444.899,0,109,90,252,239,103.40,214.79,186.09
3444.977,1,86,103,194,242,83.52,189.71,97.54
3445.564,0,109,90,252,239,103.40,214.79,186.09
3445.643,1,86,103,194,243,83.92,190.25,97.39
3446.152,0,109,89,254,240,103.88,215.97,185.58
3446.231,1,86,103,195,242,83.38,190.20,97.81
3446.838,0,109,90,263,240,102.15,217.38,193.12
3446.912,1,86,102,196,241,83.37,190.23,98.94
3447.486,0,109,89,265,240,102.16,217.71,193.58
3447.563,1,85,102,194,240,82.86,188.91,99.17
3448.076,0,109,89,264,239,101.88,216.66,193.99
3448.140,1,85,102,193,240,83.00,188.43,98.90
3448.744,0,110,89,257,240,104.04,216.00,189.55
3448.823,1,86,104,193,240,82.35,188.05,96.91
3449.395,0,110,90,248,239,104.54,214.09,183.44
3449.471,1,86,104,193,238,81.55,186.96,97.26
3449.986,0,110,90,249,239,104.41,214.12,184.68
3450.058,1,85,105,193,238,80.65,187.06,97.18
3450.659,0,110,89,246,239,105.08,214.19,179.07
3450.742,1,85,106,193,237,79.72,186.40,96.69
3451.328,0,110,91,236,240,98.11,210.26,113.49
3451.412,1,85,105,196,236,79.41,187.38,98.29
3451.930,0,112,93,228,243,98.52,206.37,103.71
3452.005,1,86,105,194,242,82.47,189.52,96.15
3452.547,0,111,94,224,246,98.79,205.62,101.05
3452.623,1,84,106,209,245,80.48,198.78,100.57
3453.210,0,110,94,223,248,99.27,206.27,101.20
3453.283,1,86,107,205,245,81.16,196.38,97.31
3453.879,0,111,95,220,250,100.11,205.37,98.14
3453.956,1,88,107,202,242,81.07,192.86,95.57
3454.492,0,112,94,214,248,100.42,200.67,95.85
3454.566,1,86,107,201,241,80.02,192.17,96.71
3455.154,0,112,95,213,249,100.35,200.52,94.49
3455.230,1,89,106,201,241,81.73,191.74,95.54
3455.813,0,112,95,216,246,98.77,200.55,95.67
3455.890,1,88,106,203,240,80.67,192.34,96.84
3456.419,0,112,94,227,246,99.30,207.37,102.13
3456.498,1,91,106,210,240,81.00,195.32,96.87
3457.081,0,111,95,229,244,97.24,207.36,102.55
3457.145,1,93,105,207,242,83.56,194.75,95.32
3457.666,0,110,95,242,243,97.42,215.45,113.33
3457.736,1,93,106,202,240,82.73,190.93,93.44
3458.360,0,110,95,255,243,103.73,218.83,188.79
3458.436,1,97,106,210,238,82.41,193.10,93.23
3458.953,0,109,95,257,245,103.72,221.55,185.48
3459.022,1,98,105,205,236,83.08,189.31,92.37
3459.623,0,108,95,265,247,102.61,224.61,188.42
3459.701,1,99,105,208,235,82.64,190.05,92.60
3460.218,0,108,95,257,251,105.26,228.73,164.79
3460.304,1,98,106,205,233,81.14,187.35,92.02
3460.907,0,108,95,245,253,101.46,223.10,119.68
3460.982,1,99,106,204,232,81.19,186.04,91.34
3461.559,0,109,96,234,257,101.95,217.92,107.26
3461.636,1,101,105,201,231,82.50,183.69,90.40
3462.157,0,108,95,241,253,100.89,220.43,114.94
3462.239,1,102,105,202,230,82.27,183.38,90.17
3462.828,0,109,94,249,250,102.45,224.56,127.82
3462.905,1,102,104,200,229,82.70,181.94,90.71
3463.487,0,108,94,250,248,101.52,224.32,131.12
3463.555,1,101,105,208,230,81.07,186.60,92.04
3464.080,0,108,92,251,250,104.15,225.89,139.63
3464.174,1,101,106,230,228,77.30,196.54,97.08
3464.745,0,108,93,247,252,102.86,224.09,126.48
3464.824,1,101,105,222,228,78.59,192.50,95.72
3465.344,0,108,93,261,248,104.36,224.95,181.29
3465.411,1,98,106,238,229,76.56,202.16,102.18
3466.006,0,108,93,270,246,101.94,224.29,191.96
3466.095,1,98,107,252,239,81.93,217.71,110.84
3466.685,0,109,93,282,244,99.27,224.67,201.40
3466.761,1,98,107,263,246,92.52,227.91,180.42
3467.268,0,109,93,288,243,97.57,225.17,204.79
3467.350,1,98,107,265,254,93.17,236.37,143.49
3467.920,0,109,93,290,243,97.14,225.62,205.61
3468.014,1,98,106,275,249,91.74,231.46,188.37
3468.598,0,109,92,280,245,100.50,225.00,198.93
3468.679,1,98,105,271,245,91.18,227.16,189.99
3469.189,0,109,91,271,248,103.87,225.68,190.13
3469.253,1,98,105,266,241,90.31,222.65,191.50
3469.845,0,108,91,271,252,104.86,229.14,184.16
3469.939,1,98,105,254,239,91.58,219.86,181.18
3470.513,0,109,91,281,251,103.16,229.83,193.22
3470.594,1,98,105,252,239,83.77,218.33,114.57
3471.103,0,108,92,293,250,99.27,231.79,199.95
3471.186,1,97,105,252,242,84.85,220.31,116.09
3471.767,0,108,92,300,248,96.86,231.81,204.53
3471.865,1,97,105,243,251,87.91,219.76,109.14
3472.442,0,108,94,299,247,95.88,231.00,206.03
3472.510,1,96,105,258,259,92.47,233.56,127.41
3473.038,0,110,94,291,246,98.40,228.01,205.23
3473.114,1,95,105,246,0,84.69,218.36,112.19
3473.700,0,110,94,278,245,100.73,224.45,200.28
3473.797,1,92,104,237,256,88.24,219.29,109.83
3474.300,0,111,94,275,245,101.92,223.56,199.81
3474.384,1,93,103,229,252,87.65,212.55,105.33
3474.970,0,111,93,267,245,103.82,222.02,194.69
3475.048,1,91,104,233,249,84.82,213.16,107.67
3475.634,0,111,97,255,244,104.11,219.42,190.76
3475.729,1,88,104,246,246,82.75,219.15,118.75
3476.237,0,110,98,244,245,96.35,217.43,110.64
3476.320,1,87,104,256,257,87.21,230.58,130.25
3476.903,0,110,98,233,246,95.83,210.67,102.09
3476.985,1,84,104,247,256,84.72,224.94,122.26
3477.489,0,110,98,239,245,95.73,213.97,106.14
3477.567,1,81,107,240,253,80.22,219.47,115.39
3478.170,0,110,97,231,244,95.47,208.37,101.91
3478.259,1,82,107,240,249,79.09,217.25,114.67
3478.853,0,111,98,222,243,94.73,201.96,95.63
3478.927,1,84,107,230,245,78.38,209.43,107.78
3479.448,0,111,97,224,242,94.86,202.72,97.54
3479.513,1,85,107,222,242,77.91,203.38,103.84
3480.117,0,111,97,218,242,95.03,199.17,95.02
3480.201,1,86,106,218,240,78.35,200.14,102.73
3480.716,0,112,98,214,242,95.05,196.53,92.02
3480.794,1,87,105,212,237,78.59,195.34,101.25
3481.386,0,113,97,242,242,96.68,214.18,107.66
3481.459,1,87,104,208,235,78.75,192.32,101.13
3481.985,0,113,97,234,241,95.41,208.11,101.49
3482.059,1,87,105,205,233,77.70,189.59,99.85
3482.636,0,114,96,233,240,96.01,206.94,101.42
3482.711,1,85,105,224,233,75.19,199.23,107.16
3483.299,0,114,97,226,240,95.14,202.31,96.53
3483.362,1,85,104,219,233,76.15,196.85,106.25
3483.967,0,114,97,222,240,95.20,199.89,94.80
3484.036,1,86,103,215,233,77.44,194.86,105.07
3484.555,0,113,96,217,239,95.10,196.64,94.48
3484.616,1,86,104,211,230,75.98,190.99,103.48
3485.215,0,112,96,212,239,94.95,193.91,93.33
3485.286,1,85,104,208,228,75.14,188.56,103.68
3485.823,0,112,97,205,238,94.44,189.22,90.42
3485.896,1,85,104,206,227,74.98,187.03,103.35
3486.467,0,112,97,200,238,94.98,186.48,89.13
3486.555,1,86,104,205,226,75.04,185.79,102.65
3487.139,0,112,97,197,238,95.34,184.85,88.42
3487.223,1,85,104,201,225,74.85,183.56,102.54
3487.752,0,112,97,193,238,95.86,182.69,87.53
3487.831,1,90,103,199,225,77.40,181.75,99.58
3488.401,0,114,99,189,238,96.20,179.83,84.16
3488.487,1,94,104,196,225,78.70,179.36,95.69
3489.066,0,114,96,188,238,97.99,179.75,86.24
3489.150,1,92,104,196,226,78.41,180.38,96.70
3489.681,0,114,97,184,239,98.54,178.02,84.59
3489.757,1,94,104,193,227,80.03,179.11,94.63
3490.335,0,114,95,184,239,99.59,178.31,86.08
3490.413,1,94,105,190,226,79.58,176.98,93.60
3490.988,0,113,96,183,239,98.79,177.84,85.64
3491.068,1,89,104,191,226,78.18,178.72,97.52
3491.606,0,114,96,184,239,99.07,178.16,85.33
3491.682,1,88,103,194,226,77.88,180.44,99.48
3492.270,0,113,97,185,240,98.40,179.32,85.12
3492.348,1,87,104,193,226,77.15,180.07,99.18
3492.871,0,113,97,186,240,98.25,179.86,85.32
3492.950,1,89,104,193,227,78.25,180.21,97.70
3493.538,0,113,96,184,239,98.63,178.38,85.83
3493.615,1,87,103,193,228,78.48,181.32,99.39
3494.140,0,113,97,190,239,97.19,181.45,86.25
3494.220,1,86,104,205,228,75.86,186.97,102.22
3494.804,0,113,97,198,239,96.13,185.78,88.01
3494.875,1,84,104,220,249,82.32,206.74,105.95
3495.476,0,112,97,201,252,101.50,195.02,88.46
3495.552,1,83,105,219,246,80.19,204.58,105.50
3496.073,0,111,96,199,252,101.78,194.17,89.21
3496.147,1,83,105,214,245,80.17,201.50,103.70
3496.733,0,111,96,195,269,109.89,200.73,87.63
3496.801,1,83,105,208,242,79.54,196.85,102.00
3497.406,0,111,96,193,264,107.87,197.07,87.01
3497.483,1,84,106,204,236,77.41,191.26,100.29
3497.990,0,111,96,191,260,106.30,193.88,86.52
3498.056,1,83,105,200,233,76.92,187.96,101.14
3498.642,0,110,96,189,258,105.15,191.90,86.53
3498.720,1,83,106,198,232,76.27,186.36,100.13
3499.336,0,111,97,189,255,103.77,190.04,85.45
3499.399,1,82,106,195,231,75.98,184.62,100.26
3499.925,0,111,96,188,252,103.06,188.01,86.18
3499.998,1,82,106,194,229,75.36,183.05,100.47
3500.586,0,111,96,188,250,102.15,186.94,86.35
3500.660,1,83,105,192,227,75.79,180.93,100.54
3501.198,0,112,96,187,249,102.30,185.66,85.72
3501.272,1,83,105,192,225,75.03,179.82,101.04
3501.856,0,112,96,187,247,101.39,184.58,85.92
3501.933,1,85,105,191,225,75.87,178.93,99.57
3502.518,0,112,96,187,247,101.39,184.58,85.92
3502.591,1,84,104,191,225,76.06,179.26,100.87
3503.119,0,111,96,186,246,100.62,183.70,86.30
3503.198,1,83,105,191,224,74.81,178.81,101.09
3503.768,0,111,97,186,245,99.64,183.02,85.66
3503.858,1,84,106,191,222,73.85,177.35,100.34
3504.450,0,111,96,187,244,99.57,183.15,86.75
3504.514,1,84,105,190,223,74.94,177.59,100.52
3505.037,0,111,96,190,243,98.69,184.23,87.54
3505.116,1,84,105,190,223,74.94,177.59,100.52
3505.702,0,110,97,189,242,97.40,183.20,87.19
3505.786,1,84,104,190,221,74.71,176.59,101.74
3506.306,0,110,96,192,244,98.44,186.06,88.42
3506.383,1,84,104,211,222,71.99,186.52,106.51
3506.971,0,110,96,189,248,100.65,186.61,87.28
3507.059,1,87,105,208,236,78.59,192.79,100.20
3507.642,0,110,97,188,246,99.36,184.85,86.49
3507.717,1,87,104,205,237,79.93,192.01,99.97
3508.225,0,111,96,187,249,101.84,185.86,86.21
3508.301,1,87,104,202,237,80.29,190.55,99.14
3508.901,0,111,98,186,249,100.94,185.06,84.47
3508.974,1,86,104,200,235,79.36,188.64,99.57
3509.544,0,111,97,185,248,101.15,184.10,85.10
3509.628,1,86,104,200,231,77.75,186.37,100.33
3510.212,0,111,97,184,248,101.30,183.55,84.89
3510.286,1,85,104,198,229,76.88,184.49,100.90
3510.805,0,111,97,184,247,100.85,183.02,85.00
3510.886,1,84,105,197,227,75.34,182.98,101.05
3511.466,0,111,96,184,246,100.91,182.61,85.86
3511.547,1,84,106,196,224,73.77,180.69,100.87
3512.063,0,111,97,183,245,100.10,181.40,85.04
3512.139,1,85,105,194,222,74.20,178.57,101.01
3512.747,0,111,96,183,244,100.16,180.99,85.91
3512.820,1,85,105,192,221,74.15,177.12,100.87
3513.402,0,111,97,183,243,99.19,180.32,85.31
3513.482,1,84,104,190,219,73.95,175.47,102.33
3513.988,0,111,97,183,243,99.19,180.32,85.31
3514.067,1,85,104,188,221,75.39,175.48,100.70
3514.655,0,111,98,183,242,98.22,179.64,84.72
3514.736,1,85,104,187,221,75.58,175.04,100.50
3515.322,0,111,98,183,243,98.68,180.18,84.58
3515.404,1,85,105,187,221,75.05,174.92,99.85
3515.909,0,111,98,180,243,99.17,178.58,84.01
3515.989,1,84,105,186,219,74.16,173.62,100.85
3516.586,0,112,98,180,243,99.62,178.36,83.53
3516.656,1,84,104,186,220,75.05,174.29,101.20
3517.245,0,111,98,179,243,99.34,178.04,83.83
3517.324,1,84,104,185,220,75.24,173.85,100.99
3517.831,0,111,98,179,244,99.79,178.58,83.68
3517.894,1,83,104,185,221,75.28,174.64,101.30
3518.518,0,110,97,180,243,99.23,178.93,85.22
3518.593,1,84,105,186,220,74.53,174.17,100.55
3519.103,0,110,96,181,243,99.58,179.59,86.14
3519.179,1,83,104,187,219,74.17,174.41,102.32
3519.762,0,110,95,182,243,99.93,180.25,87.07
3519.845,1,84,104,187,219,74.49,174.17,101.70
3520.446,0,110,96,182,243,99.42,180.12,86.34
3520.520,1,84,104,188,219,74.31,174.60,101.91
3521.018,0,110,96,181,243,99.58,179.59,86.14
3521.099,1,83,105,188,218,73.09,174.16,102.18
3521.692,0,110,97,182,244,99.35,180.53,85.47
3521.769,1,83,105,188,218,73.09,174.16,102.18
3522.295,0,110,97,183,243,98.75,180.53,85.81
3522.375,1,83,105,187,218,73.27,173.74,101.98
3522.955,0,110,96,182,242,98.97,179.58,86.48
3523.036,1,83,105,187,217,72.90,173.18,102.29
3523.623,0,110,96,180,242,99.30,178.52,86.09
3523.700,1,81,105,188,217,72.08,174.09,103.73
3524.233,0,110,95,181,241,99.20,178.64,87.16
3524.310,1,81,105,188,217,72.08,174.09,103.73
3524.886,0,110,95,182,242,99.48,179.71,87.21
3524.965,1,81,106,188,217,71.56,173.97,103.09
3525.556,0,110,95,182,241,99.04,179.17,87.36
3525.623,1,82,106,188,216,71.50,173.17,102.79
3526.145,0,111,95,183,240,98.88,178.95,87.22
3526.226,1,81,107,189,217,70.84,174.28,102.66
3526.818,0,110,95,183,241,98.88,179.70,87.56
3526.895,1,81,107,188,216,70.67,173.30,102.78
3527.473,0,110,95,183,241,98.88,179.70,87.56
3527.550,1,82,107,188,216,70.98,173.05,102.15
3528.075,0,111,94,183,241,99.84,179.62,87.81
3528.139,1,84,107,188,216,71.60,172.56,100.90
3528.729,0,110,94,183,241,99.40,179.83,88.30
3528.806,1,83,107,188,216,71.29,172.81,101.53
3529.386,0,110,95,183,241,98.88,179.70,87.56
3529.459,1,82,106,188,217,71.87,173.73,102.47
3529.988,0,110,94,184,241,99.25,180.36,88.51
3530.047,1,82,106,188,217,71.87,173.73,102.47
3530.637,0,111,95,183,241,99.33,179.49,87.07
3530.719,1,82,107,188,218,71.71,174.17,101.52
3531.303,0,110,95,183,241,98.88,179.70,87.56
3531.384,1,83,107,188,217,71.66,173.36,101.21
3531.912,0,110,95,182,241,99.04,179.17,87.36
3531.987,1,84,107,188,217,71.97,173.12,100.58
3532.558,0,110,95,182,241,99.04,179.17,87.36
3532.642,1,84,107,187,217,72.17,172.69,100.39
3533.223,0,110,96,181,241,98.69,178.51,86.44
3533.302,1,85,107,187,217,72.48,172.44,99.77
3533.810,0,110,95,182,241,99.04,179.17,87.36
3533.890,1,85,108,187,217,71.95,172.31,99.14
3534.477,0,110,96,182,241,98.53,179.04,86.63
3534.542,1,84,108,187,218,72.01,173.12,99.44
3535.142,0,110,98,184,240,96.72,179.29,85.71
3535.221,1,84,107,187,218,72.54,173.25,100.08
3535.756,0,110,97,183,240,97.40,178.89,86.25
3535.824,1,85,107,187,217,72.48,172.44,99.77
3536.399,0,110,96,183,241,98.37,179.57,86.83
3536.476,1,84,107,187,216,71.79,172.13,100.71
3537.066,0,110,96,182,240,98.08,178.50,86.79
3537.136,1,83,106,188,215,71.45,172.37,102.49
3537.668,0,111,96,182,240,98.52,178.29,86.29
3537.745,1,83,106,187,215,71.64,171.95,102.30
3538.328,0,111,95,182,240,99.03,178.42,87.02
3538.400,1,83,106,188,216,71.82,172.93,102.17
3538.986,0,110,96,184,239,97.32,179.01,87.33
3539.068,1,83,107,188,216,71.29,172.81,101.53
3539.589,0,111,94,183,240,99.39,179.08,87.96
3539.670,1,82,107,188,218,71.71,174.17,101.52
3540.253,0,110,95,184,241,98.73,180.24,87.77
3540.333,1,83,106,188,217,72.19,173.49,101.85
3540.920,0,111,95,184,240,98.72,179.48,87.42
3540.985,1,82,105,188,215,71.67,172.74,103.76
3541.508,0,111,95,183,240,98.88,178.95,87.22
3541.588,1,83,106,188,216,71.82,172.93,102.17
3542.164,0,111,95,183,241,99.33,179.49,87.07
3542.241,1,83,105,188,215,71.98,172.49,103.14
3542.831,0,111,95,183,241,99.33,179.49,87.07
3542.910,1,83,104,188,215,72.50,172.61,103.79
3543.421,0,112,96,182,241,99.41,178.62,85.64
3543.501,1,82,104,187,216,72.74,172.99,103.87
3544.088,0,112,96,181,241,99.57,178.08,85.45
3544.152,1,82,104,187,216,72.74,172.99,103.87
3544.739,0,112,96,181,240,99.12,177.54,85.61
3544.819,1,82,104,188,217,72.92,173.96,103.76
3545.342,0,112,96,181,240,99.12,177.54,85.61
3545.421,1,82,104,188,217,72.92,173.96,103.76
3546.010,0,112,96,182,240,98.96,178.07,85.79
3546.089,1,83,104,188,216,72.87,173.17,103.46
3546.678,0,113,96,181,240,99.57,177.32,85.12
3546.753,1,82,104,187,216,72.74,172.99,103.87
3547.276,0,113,96,182,240,99.40,177.86,85.30
3547.352,1,82,104,187,216,72.74,172.99,103.87
3547.937,0,112,96,182,241,99.41,178.62,85.64
3548.013,1,82,104,187,217,73.11,173.54,103.55
3548.596,0,112,96,182,240,98.96,178.07,85.79
3548.670,1,83,105,188,216,72.35,173.05,102.81
3549.191,0,111,96,182,240,98.52,178.29,86.29
3549.272,1,83,104,188,216,72.87,173.17,103.46
3549.853,0,112,96,183,240,98.80,178.60,85.98
3549.928,1,81,104,188,217,72.61,174.20,104.38
3550.502,0,112,96,182,240,98.96,178.07,85.79
3550.585,1,82,104,190,219,73.30,175.93,103.58
3551.102,0,111,96,182,240,98.52,178.29,86.29
3551.186,1,83,104,189,218,73.43,174.71,103.04
3551.766,0,111,99,183,241,97.25,178.95,84.14
3551.847,1,83,104,189,218,73.43,174.71,103.04
3552.435,0,111,99,183,241,97.25,178.95,84.14
3552.510,1,83,104,189,218,73.43,174.71,103.04
3553.047,0,111,98,183,242,98.22,179.64,84.72
3553.119,1,82,105,189,218,72.58,174.83,103.01
3553.702,0,112,96,184,242,99.55,180.23,85.89
3553.786,1,82,105,188,218,72.77,174.40,102.80
3554.351,0,111,96,184,242,99.11,180.44,86.38
3554.435,1,82,105,188,218,72.77,174.40,102.80
3554.965,0,111,96,182,242,99.42,179.37,85.99
3555.036,1,83,105,187,219,73.64,174.29,101.67
3555.605,0,111,95,182,241,99.48,178.96,86.87
3555.685,1,83,105,186,220,74.20,174.41,101.16
3556.276,0,110,96,184,241,98.21,180.11,87.03
3556.354,1,83,106,186,220,73.68,174.29,100.53
3556.875,0,108,97,187,256,103.05,190.01,86.34
3556.940,1,85,106,190,225,75.51,178.36,98.70
3557.527,0,111,99,176,242,98.91,175.78,82.77
3557.606,1,86,107,184,229,77.97,177.51,95.22
3558.186,0,117,110,170,222,88.02,158.35,76.52
3558.259,1,96,111,167,218,78.99,160.68,87.65
3558.792,0,121,132,163,219,78.60,147.52,62.81
3558.861,1,112,115,153,206,81.95,142.41,80.79
3559.444,0,130,141,157,203,72.02,130.49,60.52
3559.524,1,123,120,144,196,82.49,128.53,77.63
3560.108,0,136,147,151,188,67.07,115.89,62.70
3560.186,1,133,123,135,189,85.15,116.85,76.05
3560.714,0,137,155,149,173,58.78,104.74,67.39
3560.786,1,137,123,125,188,90.23,110.57,76.07
3561.364,0,139,160,146,160,54.22,94.97,72.84
3561.437,1,140,121,119,187,94.30,106.84,77.42
3562.017,0,140,164,143,148,50.91,86.80,79.08
3562.097,1,144,118,113,183,98.06,101.62,80.89
3562.686,0,140,0,141,139,84.24,98.45,125.99
3562.766,1,146,118,109,180,99.42,97.81,82.63
3563.266,0,141,168,139,131,47.81,76.62,89.45
3563.338,1,148,118,104,178,101.63,94.07,84.12
3563.921,0,142,172,138,124,45.62,71.95,92.84
3563.993,1,149,118,100,176,103.10,91.16,85.71
3564.607,0,142,174,138,118,43.85,69.12,96.62
3564.683,1,151,118,97,176,105.12,89.17,85.95
3565.186,0,143,176,135,113,44.23,65.33,99.39
3565.253,1,153,118,95,174,106.03,86.76,87.16
3565.847,0,145,178,134,110,43.99,62.37,100.47
3565.918,1,158,120,95,169,105.20,82.29,88.36
3566.522,0,152,173,128,116,51.71,60.36,96.49
3566.600,1,159,120,92,168,106.62,80.32,89.45
3567.095,0,159,166,123,125,60.39,60.53,91.54
3567.177,1,156,117,94,170,106.56,83.83,89.84
3567.763,0,159,160,122,140,66.46,68.04,82.92
3567.835,1,154,114,99,196,114.19,98.63,77.20
3568.436,0,154,156,119,148,70.63,74.03,80.42
3568.512,1,151,113,100,192,111.52,98.58,79.93
3569.164,1,165,116,101,191,114.43,93.14,76.26
3569.670,0,166,152,108,165,86.27,73.27,70.42
3569.737,1,170,115,95,218,131.36,101.09,66.32
3570.337,0,183,146,103,188,104.82,77.06,57.65
3570.420,1,169,116,90,220,133.48,99.38,66.58
3570.993,0,196,140,97,196,118.10,75.78,56.23
3571.066,1,170,114,86,239,145.24,105.23,63.29
3571.590,0,207,138,93,210,132.04,78.07,50.82
3571.653,1,173,112,82,236,147.40,101.40,66.37
3572.256,0,214,134,90,218,142.72,80.05,50.70
3572.320,1,173,113,80,233,146.35,98.87,67.19
3572.921,0,227,135,85,218,149.46,73.68,50.88
3572.988,1,175,114,76,230,146.97,94.71,68.65
3573.511,0,248,135,81,217,158.77,66.01,51.13
3573.586,1,177,114,72,224,146.59,89.69,71.80
3574.185,0,256,136,78,218,163.57,62.78,51.22
3574.258,1,178,112,70,219,146.20,86.95,75.36
3574.836,0,265,136,75,216,167.04,58.43,52.84
3574.904,1,178,113,69,218,145.79,85.81,75.44
3575.493,0,285,136,77,215,174.23,54.62,50.16
3575.556,1,177,111,69,216,145.17,85.84,77.36
3576.098,0,297,135,71,216,212.98,25.78,143.96
3576.158,1,179,111,69,216,146.00,85.27,77.36
3576.750,0,295,133,69,219,214.31,29.53,139.63
3576.812,1,183,111,70,217,147.76,85.03,76.65
3577.410,0,294,133,70,218,213.49,29.40,141.04
3577.487,1,184,111,70,215,147.27,83.98,77.36
3578.005,0,293,133,69,215,210.79,28.05,141.38
3578.086,1,183,113,69,214,146.08,82.85,76.82
3578.669,0,297,133,70,215,212.10,26.57,142.97
3578.735,1,183,112,70,213,145.60,83.23,77.45
3579.323,0,307,133,68,217,215.90,23.73,141.30
3579.400,1,184,113,69,212,145.59,81.80,77.56
3579.938,0,315,133,65,215,215.92,19.42,140.13
3580.008,1,187,113,67,209,146.23,78.80,79.46
3580.592,0,314,133,64,214,214.74,19.22,139.54
3580.664,1,188,113,66,208,146.57,77.65,80.23
3581.244,0,317,132,63,213,214.62,18.20,139.13
3581.324,1,189,113,67,207,146.14,77.46,80.27
3581.850,0,319,132,62,213,214.92,17.38,138.37
3581.914,1,190,112,66,208,147.72,77.35,80.91
3582.502,0,318,132,62,213,214.67,17.76,138.29
3582.564,1,188,112,64,208,147.68,76.96,81.59
3583.151,0,324,130,61,214,216.73,17.28,137.16
3583.236,1,199,111,63,208,152.83,73.69,83.11
3583.756,0,325,129,61,216,218.38,18.56,136.24
3583.836,1,197,111,63,208,152.01,74.24,82.98
3584.424,0,318,130,60,215,215.72,19.99,135.32
3584.507,1,195,109,61,209,153.02,74.76,84.49
3585.022,0,308,131,58,214,211.95,22.54,132.92
3585.091,1,217,115,59,207,159.69,65.46,83.96
3585.691,0,311,137,58,208,208.11,14.28,136.51
3585.773,1,234,122,57,203,162.43,56.34,83.41
3586.362,0,312,156,62,199,199.08,-3.82,142.74
3586.438,1,260,129,54,196,178.55,35.57,115.75
3586.950,0,294,163,70,187,183.31,-6.98,148.92
3587.022,1,250,140,58,186,148.08,36.41,78.53
3587.618,0,274,179,83,174,162.02,-15.05,153.45
3587.691,1,240,148,70,173,129.61,33.27,75.68
3588.262,0,258,181,89,165,146.83,-12.48,150.19
3588.343,1,237,152,78,165,119.70,30.84,75.82
3588.932,0,243,182,94,163,99.54,16.95,57.42
3589.005,1,231,153,80,162,116.00,32.31,76.77
3589.524,0,227,181,105,164,89.82,30.47,52.29
3589.586,1,222,151,80,163,115.30,37.95,76.80
3590.172,0,218,199,111,161,76.98,28.16,48.14
3590.258,1,211,150,83,165,112.18,45.26,74.49
3590.839,0,213,202,115,159,71.55,30.17,48.03
3590.923,1,196,150,95,168,102.79,57.42,68.59
3591.455,0,209,224,128,158,53.93,27.34,40.98
3591.534,1,186,152,98,169,98.24,62.60,67.25
3592.123,0,204,239,132,156,44.26,25.16,39.51
3592.187,1,177,154,101,170,93.86,67.42,66.17
3592.695,0,203,239,136,156,41.09,27.10,38.94
3592.779,1,169,154,103,171,91.03,72.14,66.42
3593.377,0,201,236,140,155,38.46,30.38,39.83
3593.443,1,163,154,105,172,88.68,75.99,66.49
3594.028,0,209,234,138,148,40.63,21.84,45.20
3594.111,1,159,148,104,170,89.88,78.21,71.40
3594.686,0,219,224,133,150,50.42,18.37,45.62
3594.761,1,157,144,103,174,92.82,81.57,71.53
3595.286,0,224,219,116,155,66.77,14.53,46.82
3595.357,1,168,145,87,183,107.33,74.14,68.28
3595.935,0,236,223,105,164,79.13,6.03,42.79
3596.011,1,190,153,71,194,123.95,61.10,61.96
3596.590,0,257,256,103,184,85.00,-14.40,25.03
3596.670,1,212,163,68,210,135.89,55.09,48.75
3597.192,0,279,257,106,212,101.60,-14.93,3.91
3597.270,1,232,174,71,235,151.10,55.89,30.60
3597.870,0,298,267,110,237,116.85,-18.15,-14.56
3597.938,1,261,197,82,256,161.39,47.90,6.29
3598.533,0,314,270,118,257,129.81,-15.95,-30.33
3598.603,1,289,227,93,277,170.71,32.66,-16.87
3599.143,0,327,287,121,274,140.72,-24.29,-40.84
3599.228,1,309,240,104,289,178.09,25.12,-29.89
3599.747,0,337,280,126,287,155.31,-15.58,-48.92
3599.823,1,327,253,114,301,185.96,17.24,-41.20
3600.396,0,344,286,132,298,161.81,-14.49,-57.30
3600.475,1,342,262,121,311,195.20,10.78,-48.15
3601.074,0,349,283,137,307,170.98,-6.62,-63.05
3601.140,1,354,270,129,318,199.73,5.05,-55.19
3601.729,0,355,277,140,313,181.86,-0.06,-64.77
3601.805,1,364,275,135,325,206.71,2.00,-59.72
3602.316,0,359,274,143,318,189.53,5.10,-66.55
3602.385,1,372,279,140,330,211.71,-0.93,-63.19
3602.986,0,364,272,144,324,200.58,8.63,-66.30
3603.064,1,379,282,149,343,224.04,6.88,-69.76
3603.585,0,366,270,137,328,213.79,8.37,-59.04
3603.661,1,382,281,144,343,231.22,2.42,-63.17
3604.255,0,363,263,126,326,222.47,8.96,-47.00
3604.330,1,389,283,155,359,248.37,15.08,-68.35
3604.871,0,352,253,106,314,221.14,5.55,-28.77
3604.948,1,377,276,138,338,229.40,3.25,-57.66
3605.530,0,336,237,99,293,201.80,11.27,-21.88
3605.609,1,369,273,124,331,227.19,-1.44,-46.59
3606.202,0,311,225,99,276,177.33,24.11,-19.51
3606.280,1,344,259,123,301,185.70,5.18,-47.12
3606.797,0,283,209,119,258,144.46,47.70,-20.77
3606.876,1,315,247,123,275,151.00,14.91,-39.98
3607.453,0,254,197,125,248,127.98,66.22,-11.83
3607.529,1,278,228,130,260,127.34,44.07,-31.79
3608.119,0,228,184,133,247,120.25,88.71,-3.61
3608.186,1,244,217,137,270,123.67,79.83,-28.55
3608.719,0,207,172,139,248,116.44,106.99,5.37
3608.794,1,222,201,152,267,112.63,105.22,-20.44
3609.380,0,196,161,145,267,128.59,130.24,9.47
3609.456,1,203,185,159,265,109.15,123.99,-8.37
3610.042,0,181,150,150,262,122.35,139.59,20.13
3610.118,1,182,173,169,259,98.65,139.43,4.66
3610.664,0,171,142,153,260,119.71,146.15,28.01
3610.738,1,165,164,174,256,93.01,150.24,16.24
3611.302,0,161,135,154,260,118.38,151.95,35.54
3611.382,1,151,157,175,269,98.81,166.14,24.04
3611.938,0,153,130,155,260,116.81,156.29,41.32
3612.015,1,140,151,177,271,97.77,173.87,32.28
3612.543,0,145,125,158,258,113.52,160.54,47.52
3612.616,1,130,146,179,265,92.18,175.99,40.74
3613.188,0,143,122,160,257,113.04,162.44,50.33
3613.261,1,124,141,181,261,89.72,177.83,47.30
3613.823,0,138,119,162,255,110.58,164.58,54.46
3613.898,1,116,138,182,259,86.67,180.27,53.58
3614.483,0,135,117,163,250,107.35,163.72,57.67
3614.550,1,109,135,184,281,95.37,196.14,57.59
3615.119,0,131,114,165,253,108.02,168.15,60.90
3615.202,1,103,132,186,280,93.20,198.72,63.21
3615.769,0,127,112,166,252,106.41,169.62,64.08
3615.849,1,100,129,188,272,89.37,196.72,67.63
3616.448,0,124,110,170,255,106.56,174.59,66.68
3616.524,1,97,127,189,265,85.79,194.47,71.33
3617.022,0,123,107,170,252,106.18,173.75,69.51
3617.107,1,95,127,190,258,81.64,191.62,73.39
3617.704,0,120,105,170,251,105.29,174.28,72.31
3617.775,1,92,125,189,253,79.54,189.35,76.86
3618.352,0,118,104,169,249,104.13,173.32,74.02
3618.432,1,88,124,191,250,76.84,189.79,80.73
3619.004,0,118,104,170,248,103.46,173.35,74.29
3619.079,1,87,124,191,246,74.79,187.79,81.97
3619.639,0,117,103,169,251,105.07,174.76,74.86
3619.718,1,86,123,191,243,73.72,186.49,83.71
3620.209,0,115,102,169,248,103.26,173.82,76.85
3620.297,1,87,123,192,241,73.06,185.59,83.61
3620.863,0,115,102,169,252,105.07,175.89,76.28
3620.936,1,86,121,191,240,73.58,185.07,85.46
3621.509,0,114,102,169,256,106.39,178.17,76.23
3621.572,1,85,122,192,238,71.66,184.52,86.06
3622.162,0,114,102,168,252,104.79,175.58,76.58
3622.232,1,85,122,192,237,71.25,183.95,86.26
3622.802,0,113,102,168,250,103.43,174.80,77.31
3622.873,1,84,121,191,237,71.65,183.87,87.33
3623.450,0,112,102,168,248,102.08,174.01,78.07
3623.540,1,84,122,192,237,70.91,184.20,86.91
3624.109,0,112,101,168,247,102.12,173.63,78.90
3624.180,1,84,122,191,237,71.11,183.74,86.74
3624.745,0,111,102,167,246,100.95,172.68,78.71
3624.818,1,83,122,192,235,69.76,183.31,87.98
3625.408,0,111,101,167,245,100.99,172.30,79.54
3625.480,1,85,121,192,235,70.99,182.95,87.28
3626.039,0,110,101,167,244,100.11,172.03,80.18
3626.118,1,85,121,192,235,70.99,182.95,87.28
3626.678,0,110,100,167,243,100.16,171.65,81.02
3626.752,1,84,120,192,235,71.19,183.33,88.53
3627.270,0,110,99,167,242,100.20,171.26,81.86
3627.343,1,83,120,191,234,70.65,182.56,89.21
3627.914,0,109,100,173,242,98.09,174.52,82.57
3627.988,1,83,120,192,234,70.45,183.01,89.39
3628.555,0,110,99,178,241,97.67,176.52,83.76
3628.630,1,83,120,193,235,70.65,184.03,89.36
3629.203,0,110,99,175,241,98.21,174.94,83.26
3629.281,1,82,120,190,235,70.91,182.91,89.47
3629.853,0,110,98,174,241,98.90,174.55,83.79
3629.918,1,83,120,192,234,70.45,183.01,89.39
3630.488,0,109,99,173,241,98.15,174.13,83.43
3630.566,1,81,118,192,233,70.47,183.19,92.12
3631.154,0,110,99,172,241,98.78,173.37,82.79
3631.227,1,83,118,193,234,71.35,183.73,90.79
3631.788,0,109,99,169,241,98.93,172.03,82.81
3631.863,1,84,118,193,235,72.10,184.06,89.93
3632.438,0,109,99,170,242,99.16,173.08,82.78
3632.512,1,83,118,193,235,71.75,184.30,90.58
3633.029,0,109,99,170,241,98.73,172.56,82.96
3633.106,1,84,118,192,234,71.89,183.04,89.96
3633.671,0,109,99,170,240,98.30,172.03,83.15
3633.748,1,83,119,191,234,71.19,182.69,89.81
3634.306,0,110,99,170,240,98.73,171.79,82.67
3634.378,1,82,119,192,234,70.66,183.39,90.65
3634.940,0,109,100,169,239,97.58,170.85,82.53
3635.019,1,82,119,194,234,70.27,184.29,91.02
3635.591,0,109,100,168,239,97.78,170.34,82.39
3635.663,1,82,119,191,233,70.46,182.37,90.68
3636.232,0,110,100,168,239,98.22,170.09,81.92
3636.306,1,81,119,191,231,69.34,181.49,91.80
3636.893,0,110,100,168,238,97.79,169.56,82.13
3636.951,1,81,118,191,229,69.10,180.50,92.88
3637.525,0,110,100,168,236,96.92,168.51,82.55
3637.594,1,81,118,191,229,69.10,180.50,92.88
3638.164,0,110,99,167,235,97.19,167.61,83.29
3638.239,1,81,119,189,228,68.58,178.92,92.18
3638.829,0,109,100,170,234,95.22,168.72,83.73
3638.896,1,81,118,189,227,68.73,178.49,93.03
3639.461,0,109,100,170,233,94.79,168.19,83.95
3639.541,1,80,119,188,227,68.08,178.19,92.92
3640.098,0,109,99,170,233,95.28,168.33,84.61
3640.175,1,80,119,190,227,67.67,179.05,93.27
3640.764,0,110,100,170,235,96.07,169.01,83.02
3640.836,1,80,119,189,227,67.88,178.62,93.09
3641.400,0,110,99,170,235,96.57,169.15,83.69
3641.466,1,80,119,190,227,67.67,179.05,93.27
3642.037,0,109,99,169,249,102.39,176.16,81.45
3642.101,1,80,118,192,229,68.58,181.18,93.71
3642.622,0,110,99,168,251,103.91,176.40,80.54
3642.688,1,83,118,195,230,69.37,182.35,92.04
3643.257,0,110,98,169,259,107.67,181.06,80.39
3643.341,1,82,119,194,232,69.47,183.15,91.45
3643.905,0,110,98,169,257,106.80,180.07,80.62
3643.985,1,82,118,194,230,69.23,182.15,92.52
3644.572,0,110,98,169,269,112.01,185.90,79.50
3644.644,1,82,119,196,230,68.29,182.90,92.27
3645.206,0,111,99,169,279,116.40,190.29,77.83
3645.290,1,81,119,194,230,68.35,182.25,92.57
3645.855,0,110,100,170,288,119.10,195.08,77.52
3645.947,1,81,117,193,232,70.43,183.20,93.15
3646.521,0,110,101,170,296,122.05,198.53,76.75
3646.586,1,81,119,193,232,69.34,182.95,91.93
3647.167,0,110,100,170,291,120.37,196.40,77.48
3647.239,1,81,119,195,231,68.55,183.27,92.52
3647.815,0,110,100,169,282,116.70,191.80,77.43
3647.888,1,80,119,195,229,67.44,182.36,93.66
3648.448,0,110,100,169,274,113.26,188.10,77.79
3648.520,1,81,120,194,228,67.01,180.97,92.45
3649.086,0,109,100,169,267,109.72,184.98,78.71
3649.157,1,81,119,192,227,67.58,179.67,92.96
3649.668,0,109,100,169,262,107.55,182.55,79.16
3649.752,1,81,119,192,227,67.58,179.67,92.96
3650.314,0,109,101,169,257,104.91,179.96,79.03
3650.386,1,80,120,190,228,67.51,179.48,92.42
3650.957,0,109,101,169,253,103.17,177.95,79.54
3651.018,1,80,120,190,227,67.13,178.92,92.68
3651.619,0,109,101,169,249,101.43,175.91,80.12
3651.685,1,80,121,190,227,66.59,178.79,92.10
3652.262,0,109,100,168,246,100.80,173.96,81.11
3652.336,1,79,121,191,226,65.68,178.91,93.19
3652.910,0,109,99,168,243,99.99,172.55,82.29
3652.974,1,79,121,190,226,65.89,178.48,93.03
3653.567,0,109,100,169,241,98.44,171.90,82.15
3653.643,1,79,122,190,226,65.35,178.35,92.45
3654.206,0,109,100,168,239,97.78,170.34,82.39
3654.279,1,80,121,190,226,66.20,178.22,92.37
3654.846,0,110,100,168,238,97.79,169.56,82.13
3654.916,1,80,122,192,226,65.23,178.94,92.12
3655.423,0,110,100,168,237,97.35,169.04,82.33
3655.495,1,80,122,192,225,64.84,178.37,92.39
3656.127,0,110,100,169,236,96.71,169.03,82.68
3656.201,1,80,121,191,225,65.60,178.08,92.80
3656.770,0,109,100,169,234,95.43,168.22,83.59
3656.846,1,79,121,191,225,65.30,178.35,93.46
3657.355,0,110,99,166,234,96.97,166.57,83.39
3657.429,1,80,121,193,225,65.18,178.94,93.13
3657.987,0,109,100,172,234,94.81,169.74,84.00
3658.067,1,82,120,197,225,65.53,180.29,93.05
3658.636,1,81,120,221,224,60.51,190.29,98.24
3659.290,0,109,100,199,232,89.27,182.47,88.96
3659.353,1,83,120,246,223,57.45,200.65,102.09
3659.908,0,110,100,194,233,90.86,180.25,87.25
3659.990,1,82,120,241,224,58.19,199.18,101.64
3660.546,0,109,101,192,232,89.74,178.68,86.85
3660.628,1,82,120,232,224,59.21,195.00,99.65
3661.199,0,109,100,188,232,90.95,176.79,86.89
3661.261,1,82,119,225,224,60.86,192.04,99.01
3661.834,0,108,101,184,231,90.26,174.26,86.25
3661.898,1,82,119,219,224,61.75,189.38,97.84
3662.469,0,109,101,182,230,90.58,172.45,85.63
3662.536,1,83,120,215,224,62.04,187.23,95.67
3663.126,0,109,101,181,230,90.77,171.95,85.48
3663.188,1,83,120,215,224,62.04,187.23,95.67
3663.758,0,109,101,181,231,91.21,172.51,85.26
3663.837,1,82,120,214,224,61.93,187.02,96.22
3664.394,0,109,101,178,231,91.79,171.00,84.83
3664.472,1,81,120,215,225,61.91,188.31,96.91
3665.043,0,109,101,177,231,91.99,170.49,84.69
3665.124,1,81,119,208,225,63.73,185.43,96.29
3665.688,0,109,101,176,231,92.19,169.99,84.55
3665.760,1,81,119,211,224,62.79,186.11,97.08
3666.318,0,109,100,174,231,93.10,169.13,84.95
3666.414,1,82,119,214,224,62.56,187.19,96.90
3666.972,0,109,100,184,232,91.64,174.75,86.22
3667.047,1,82,118,214,224,63.19,187.36,97.60
3667.607,0,109,100,193,231,89.69,178.77,87.96
3667.686,1,82,119,215,224,62.40,187.63,97.09
3668.259,0,109,101,195,231,88.81,179.63,87.57
3668.336,1,82,119,215,224,62.40,187.63,97.09
3668.898,0,109,101,198,230,87.89,180.57,88.31
3668.957,1,82,120,215,224,61.76,187.46,96.40
3669.536,0,109,101,191,229,88.53,176.41,87.26
3669.606,1,82,119,213,225,63.16,187.38,96.50
3670.186,0,110,101,185,230,90.43,173.73,85.55
3670.256,1,82,119,214,224,62.56,187.19,96.90
3670.811,0,110,100,181,230,91.70,171.87,85.66
3670.894,1,82,120,214,225,62.36,187.65,96.00
3671.468,0,109,100,179,230,91.68,171.10,85.88
3671.543,1,82,119,213,225,63.16,187.38,96.50
3672.057,0,109,101,178,230,91.35,170.44,85.05
3672.128,1,82,120,210,225,63.06,185.91,95.28
3672.763,0,110,100,174,229,92.64,167.79,84.92
3672.836,1,82,120,207,225,63.60,184.61,94.75
3673.386,0,110,101,188,229,89.43,174.67,86.22
3673.463,1,83,119,203,225,65.24,182.79,94.01
3673.982,0,110,100,200,230,88.58,181.58,88.91
3674.052,1,82,119,201,226,65.72,182.75,94.10
3674.668,0,110,100,207,230,87.69,185.24,90.39
3674.754,1,83,119,200,226,66.22,182.08,93.25
3675.303,0,110,101,214,230,86.30,188.78,91.18
3675.387,1,83,119,198,226,66.61,181.21,92.91
3675.904,0,111,101,219,231,86.76,191.99,91.79
3675.978,1,83,120,194,226,66.85,179.32,91.63
3676.542,0,110,102,224,231,85.35,194.73,92.93
3676.603,1,83,120,195,226,66.65,179.75,91.79
3677.238,0,110,101,228,231,85.88,197.25,95.28
3677.327,1,83,119,195,226,67.21,179.90,92.40
3677.836,0,110,100,232,230,86.02,199.17,97.93
3677.905,1,82,120,193,226,66.75,179.14,92.13
3678.465,0,110,100,229,230,86.06,197.40,96.74
3678.545,1,82,121,195,225,65.38,179.28,92.12
3679.101,0,110,100,219,230,86.55,191.72,93.45
3679.186,1,82,120,195,225,65.94,179.42,92.72
3679.761,0,110,100,212,230,87.15,187.91,91.58
3679.832,1,82,119,196,225,66.30,180.00,93.49
3680.375,0,110,99,204,230,88.66,183.85,90.56
3680.456,1,81,120,195,225,65.63,179.68,93.39
3681.085,0,110,99,199,230,89.31,181.23,89.50
3681.155,1,82,120,194,225,66.14,178.99,92.56
3681.663,0,110,100,194,229,89.00,177.88,87.96
3681.727,1,82,119,192,225,67.11,178.27,92.82
3682.368,0,111,101,190,230,89.95,176.04,85.80
3682.437,1,82,119,191,225,67.32,177.84,92.66
3683.006,0,111,101,187,230,90.47,174.51,85.32
3683.098,1,83,118,189,225,68.60,176.85,92.27
3683.589,0,110,101,184,229,90.16,172.65,85.62
3683.663,1,82,118,188,225,68.50,176.68,92.75
3684.231,0,111,101,182,230,91.38,171.98,84.58
3684.299,1,82,118,188,225,68.50,176.68,92.75
3684.873,0,111,101,180,230,91.77,170.96,84.30
3684.970,1,82,119,189,226,68.13,177.54,92.06
3685.532,0,110,101,179,230,91.56,170.70,84.68
3685.596,1,81,118,188,226,68.56,177.50,93.12
3686.170,0,110,101,177,230,91.96,169.69,84.41
3686.236,1,82,118,187,226,69.09,176.81,92.31
3686.819,0,110,100,176,231,93.11,169.90,84.72
3686.888,1,81,117,186,225,69.13,176.21,93.64
3687.519,1,81,118,190,225,67.76,177.80,93.74
3688.077,0,110,99,176,231,93.62,170.04,85.40
3688.140,1,82,121,191,225,66.23,177.56,91.48
3688.734,0,110,99,175,231,93.82,169.54,85.26
3688.804,1,82,120,190,225,66.99,177.27,91.90
3689.360,0,110,0,190,230,102.17,179.34,105.37
3689.437,1,82,0,211,225,78.95,189.80,116.57
3690.004,0,110,0,192,230,101.68,180.34,105.50
3690.080,1,82,0,221,225,76.20,194.23,117.47
3690.654,0,110,0,200,230,99.72,184.37,106.02
3690.738,1,82,0,221,225,76.20,194.23,117.47
3691.305,0,110,0,216,229,95.46,192.01,107.30
3691.369,1,82,0,231,226,73.85,199.38,118.05
3691.941,0,109,0,228,229,106.22,199.46,147.93
3692.019,1,82,0,244,226,79.12,206.97,140.52
3692.591,0,109,0,231,230,106.81,201.23,153.40
3692.672,1,81,0,257,225,78.22,210.57,172.03
3693.241,1,81,0,258,224,77.40,209.97,175.09
3693.862,0,109,0,233,231,107.09,202.63,156.14
3693.943,1,82,0,254,224,79.52,208.82,169.24
3694.461,0,109,0,259,233,99.27,210.38,198.24
3694.533,1,82,0,253,224,79.79,208.56,167.33
3695.152,0,110,0,262,234,98.65,211.48,202.31
3695.236,1,82,0,254,224,79.52,208.82,169.24
